decimalLatitude,decimalLongitude,countryCode,order,family,species,year,basisOfRecord
23.345426,121.291423,TW,Cypriniformes,Cyprinidae,Acrossocheilus paradoxus,2022,HUMAN_OBSERVATION
24.17797,120.73827,TW,Cypriniformes,Cyprinidae,Opsariichthys pachycephalus,2022,HUMAN_OBSERVATION
26.116667,119.333333,CN,Clupeiformes,Engraulidae,Coilia mystus,,PRESERVED_SPECIMEN
23.280255,121.270597,TW,Cyprinodontiformes,Poeciliidae,Gambusia affinis,2022,HUMAN_OBSERVATION
23.124482,120.074022,TW,Perciformes,Haemulidae,Pomadasys kaakan,2018,HUMAN_OBSERVATION
31.837869,118.92799,CN,Cypriniformes,Cyprinidae,Pseudorasbora parva,2021,HUMAN_OBSERVATION
24.15905,120.74417,TW,Cypriniformes,Cyprinidae,Opsariichthys pachycephalus,2021,HUMAN_OBSERVATION
24.9993,121.609,TW,Cypriniformes,Cyprinidae,Acrossocheilus paradoxus,2016,OCCURRENCE
21.58,108.49,CN,Perciformes,Cichlidae,Oreochromis mossambicus,,PRESERVED_SPECIMEN
31.857808,117.284914,CN,Cypriniformes,Cyprinidae,Hemiculter leucisculus,2026,HUMAN_OBSERVATION
24.23558,120.73916,TW,Cypriniformes,Cyprinidae,Opsariichthys pachycephalus,2022,HUMAN_OBSERVATION
24.94,121.9,TW,Perciformes,Echeneidae,Echeneis naucrates,2003,OCCURRENCE
24.8847,121.283,TW,Cypriniformes,Cyprinidae,Opsariichthys pachycephalus,2016,OCCURRENCE
22.93531,121.14974,TW,Cypriniformes,Cyprinidae,Spinibarbus hollandi,2003,OCCURRENCE
23.21796,121.26987,TW,Cypriniformes,Cyprinidae,Opsariichthys pachycephalus,2022,HUMAN_OBSERVATION
25.16,121.76,TW,Perciformes,Carangidae,Caranx papuensis,1993,OCCURRENCE
22.35618,114.294986,HK,Perciformes,Siganidae,Siganus fuscescens,2026,HUMAN_OBSERVATION
25.2,118.89,CN,Siluriformes,Ariidae,Netuma thalassina,2017,PRESERVED_SPECIMEN
25.133712,121.673373,TW,Cypriniformes,Cyprinidae,Candidia barbata,2022,HUMAN_OBSERVATION
22.47,120.43,TW,Perciformes,Polynemidae,Eleutheronema rhadinum,2005,OCCURRENCE
22.99559,120.63898,TW,Cypriniformes,Cyprinidae,Onychostoma barbatulum,2006,OCCURRENCE
24.7,108.06,CN,Cypriniformes,Cyprinidae,Ancherythroculter lini,2018,PRESERVED_SPECIMEN
23.5931,120.8905,TW,Siluriformes,Bagridae,Pseudobagrus brevianalis,2015,OCCURRENCE
25.15821,121.45254,TW,Mugiliformes,Mugilidae,Osteomugil cunnesius,2004,OCCURRENCE
24.23558,120.73916,TW,Cypriniformes,Cyprinidae,Opsariichthys pachycephalus,2022,HUMAN_OBSERVATION
21.922743,120.742695,TW,Tetraodontiformes,Tetraodontidae,,1968,PRESERVED_SPECIMEN
38.22078,95.48103,CN,Perciformes,Centrarchidae,Lepomis cyanellus,2007,PRESERVED_SPECIMEN
22.99,120.55,TW,Cypriniformes,Balitoridae,Sinogastromyzon nantaiensis,2023,HUMAN_OBSERVATION
25.486711,122.103454,TW,Perciformes,Pomacentridae,,2024,MACHINE_OBSERVATION
20.55,111.2,CN,Perciformes,Latidae,Lates calcarifer,2007,PRESERVED_SPECIMEN
23.45553,120.48869,TW,Perciformes,Gobiidae,Rhinogobius maculafasciatus,2023,HUMAN_OBSERVATION
24.858617,120.86415,TW,Aulopiformes,Synodontidae,Synodus myops,2022,PRESERVED_SPECIMEN
25.487408,122.102777,TW,Perciformes,Pomacentridae,Stegastes altus,2023,HUMAN_OBSERVATION
23.475422,121.357474,TW,Cypriniformes,Cyprinidae,Acrossocheilus paradoxus,2022,HUMAN_OBSERVATION
22.54222,120.50353,TW,Perciformes,Cichlidae,Oreochromis niloticus,2022,HUMAN_OBSERVATION
20.05,109.65,CN,Syngnathiformes,Syngnathidae,Syngnathus schlegeli,2012,PRESERVED_SPECIMEN
23.391817,121.304194,TW,Cypriniformes,Cyprinidae,Acrossocheilus paradoxus,2021,HUMAN_OBSERVATION
23.49719,120.30357,TW,Cyprinodontiformes,Poeciliidae,Poecilia reticulata,2023,HUMAN_OBSERVATION
23.66031,121.42073,TW,Perciformes,Channidae,Channa striata,2018,OCCURRENCE
29.26,117.17,CN,Cypriniformes,Cobitidae,Misgurnus anguillicaudatus,2017,MATERIAL_SAMPLE
22.33303,120.733677,TW,Cypriniformes,Cyprinidae,Carassius auratus,2024,HUMAN_OBSERVATION
24.00697,120.69564,TW,Cypriniformes,Cyprinidae,Opsariichthys pachycephalus,2020,HUMAN_OBSERVATION
19.983333,110.583333,CN,Perciformes,Ambassidae,Ambassis gymnocephalus,1990,PRESERVED_SPECIMEN
23.83901,121.52946,TW,Cypriniformes,Cyprinidae,Tanakia himantegus,2018,OCCURRENCE
23.116358,121.397083,TW,Perciformes,Lutjanidae,,2014,HUMAN_OBSERVATION
22.87314,120.48467,TW,Perciformes,Gobiidae,Rhinogobius maculafasciatus,2022,HUMAN_OBSERVATION
21.25,108.75,CN,Perciformes,Carangidae,Megalaspis cordyla,2014,PRESERVED_SPECIMEN
32.99,97.01,CN,Cypriniformes,Nemacheilidae,Triplophysa stenura,2007,MATERIAL_SAMPLE
22.490233,114.115605,HK,Perciformes,Cichlidae,Oreochromis niloticus,2024,HUMAN_OBSERVATION
24.19,120.49,TW,Cypriniformes,Balitoridae,Sinogastromyzon puliensis,2020,HUMAN_OBSERVATION
22.469715,114.00866,HK,Perciformes,Gobiidae,Periophthalmus magnuspinnatus,2026,HUMAN_OBSERVATION
22.127362,119.604004,TW,Perciformes,Gobiidae,,1972,PRESERVED_SPECIMEN
23.72028,121.42569,TW,Cypriniformes,Cyprinidae,Opsariichthys pachycephalus,2022,HUMAN_OBSERVATION
23.09,120.51,TW,Cypriniformes,Cyprinidae,Hypsibarbus pierrei,2014,OCCURRENCE
19.56,108.52,CN,Clupeiformes,Clupeidae,,,MATERIAL_SAMPLE
23.08718,120.13375,TW,Mugiliformes,Mugilidae,Planiliza subviridis,2022,HUMAN_OBSERVATION
24.19765,120.76608,TW,Cypriniformes,Cyprinidae,Carassius auratus,2005,OCCURRENCE
24.71,121.15,TW,Cypriniformes,Balitoridae,Formosania lacustre,2005,OCCURRENCE
25.05029,121.016204,TW,Perciformes,Gerreidae,Gerres limbatus,2018,PRESERVED_SPECIMEN
25.0685,121.653,TW,Cypriniformes,Cyprinidae,Opsariichthys evolans,2016,OCCURRENCE
24.43,118.05,CN,Pleuronectiformes,Paralichthyidae,,2012,MATERIAL_SAMPLE
23.832138,120.259912,TW,Perciformes,Osphronemidae,Trichopodus trichopterus,2022,HUMAN_OBSERVATION
24.095008,121.587808,TW,Cypriniformes,Cyprinidae,Opsariichthys pachycephalus,2016,HUMAN_OBSERVATION
23.04614,120.45774,TW,Cypriniformes,Cyprinidae,Opsariichthys pachycephalus,2006,OCCURRENCE
21.95,120.76,TW,Anguilliformes,Congridae,Conger cinereus,1988,HUMAN_OBSERVATION
23.1,113.26667,CN,Cypriniformes,Cyprinidae,Hemiculter leucisculus,1900,PRESERVED_SPECIMEN
23.83901,121.52946,TW,Cypriniformes,Cyprinidae,Carassius auratus,2018,OCCURRENCE
19.222,109.45,CN,Cypriniformes,Cyprinidae,,2019,MATERIAL_SAMPLE
23.66441,120.52782,TW,Cypriniformes,Cyprinidae,Opsariichthys pachycephalus,2024,HUMAN_OBSERVATION
23.43478,120.49033,TW,Cypriniformes,Cyprinidae,Candidia barbata,2023,HUMAN_OBSERVATION
25.05,121.9,TW,Perciformes,Kuhliidae,Kuhlia marginata,2006,OCCURRENCE
24.6179,120.6221,TW,Perciformes,Sciaenidae,Johnius amblycephalus,2019,HUMAN_OBSERVATION
24.70813,121.17003,TW,Siluriformes,Siluridae,Silurus asotus,2004,OCCURRENCE
18.41,109.98,CN,Perciformes,Ambassidae,Ambassis nalua,2013,PRESERVED_SPECIMEN
25.09119,121.581051,TW,Cypriniformes,Cyprinidae,Candidia barbata,2025,HUMAN_OBSERVATION
24.62828,121.00682,TW,Cypriniformes,Cyprinidae,Candidia barbata,2015,OCCURRENCE
23.39631,120.41889,TW,Cyprinodontiformes,Poeciliidae,Poecilia reticulata,2022,HUMAN_OBSERVATION
24.82569,121.06566,TW,Cypriniformes,Cyprinidae,Microphysogobio brevirostris,2013,OCCURRENCE
29.76662,119.722947,CN,Cypriniformes,Cyprinidae,Cyprinus rubrofuscus,2023,HUMAN_OBSERVATION
23.05472,121.19967,TW,Perciformes,Gobiidae,Rhinogobius candidianus,2022,HUMAN_OBSERVATION
24.710682,121.711281,TW,Perciformes,Gobiidae,Rhinogobius maculafasciatus,2018,HUMAN_OBSERVATION
24.644,121.124,TW,Cypriniformes,Cyprinidae,Acrossocheilus paradoxus,2021,HUMAN_OBSERVATION
25.03811,121.32214,TW,Cypriniformes,Cyprinidae,Candidia barbata,2023,HUMAN_OBSERVATION
24.30677,120.81659,TW,Cypriniformes,Cyprinidae,Opsariichthys pachycephalus,2023,HUMAN_OBSERVATION
25.091045,121.686964,TW,Perciformes,Cichlidae,Oreochromis mossambicus,2024,HUMAN_OBSERVATION
24.23558,120.73916,TW,Perciformes,Gobiidae,Rhinogobius candidianus,2022,HUMAN_OBSERVATION
24.17149,120.83632,TW,Perciformes,Cichlidae,Coptodon zillii,2023,HUMAN_OBSERVATION
23.75944,120.65758,TW,Perciformes,Gobiidae,Rhinogobius candidianus,2023,HUMAN_OBSERVATION
22.325912,114.354524,HK,Perciformes,Mullidae,Upeneus tragula,2024,HUMAN_OBSERVATION
22.9734,121.16525,TW,Cypriniformes,Cyprinidae,Opsariichthys pachycephalus,2023,HUMAN_OBSERVATION
38.073254,104.69114,CN,Syngnathiformes,Syngnathidae,Hippocampus spinosissimus,,MATERIAL_SAMPLE
23.485793,121.403848,TW,Perciformes,Gobiidae,Awaous melanocephalus,2021,HUMAN_OBSERVATION
24.08134,120.99071,TW,Cypriniformes,Cyprinidae,Onychostoma barbatulum,2021,HUMAN_OBSERVATION
22.57808,120.60425,TW,Cyprinodontiformes,Poeciliidae,Gambusia affinis,2006,OCCURRENCE
30.228013,120.210885,CN,Tetraodontiformes,Tetraodontidae,Takifugu ocellatus,,PRESERVED_SPECIMEN
24.3,120.92,TW,Cypriniformes,Balitoridae,Hemimyzon formosanus,2022,HUMAN_OBSERVATION
24.81282,121.01107,TW,Cypriniformes,Cyprinidae,Opsariichthys pachycephalus,2005,OCCURRENCE
24.610901,121.816771,TW,Perciformes,Gobiidae,Stiphodon atropurpureus,2024,HUMAN_OBSERVATION
23.46035,111.26857,CN,Cypriniformes,Cyprinidae,,2017,MATERIAL_SAMPLE
23.45578,120.48764,TW,Perciformes,Gobiidae,Rhinogobius candidianus,2023,HUMAN_OBSERVATION
23.697807,120.96051,TW,Perciformes,Apogonidae,,,MATERIAL_SAMPLE
23.45578,120.48764,TW,Perciformes,Gobiidae,Rhinogobius candidianus,2023,HUMAN_OBSERVATION
23.050085,113.742339,CN,Cypriniformes,Cyprinidae,Hemiculter bleekeri,1931,PRESERVED_SPECIMEN
23.409219,120.451389,TW,Cyprinodontiformes,Poeciliidae,Poecilia reticulata,2021,HUMAN_OBSERVATION
23.88,120.73,TW,Cypriniformes,Balitoridae,Sinogastromyzon puliensis,2020,HUMAN_OBSERVATION
24.72143,121.10438,TW,Perciformes,Gobiidae,Rhinogobius candidianus,2022,HUMAN_OBSERVATION
31.366224,120.574503,CN,Cypriniformes,Cyprinidae,Carassius auratus,2025,HUMAN_OBSERVATION
24.06317,120.95486,TW,Perciformes,Cichlidae,Oreochromis niloticus,2021,HUMAN_OBSERVATION
23.44438,120.16909,TW,Perciformes,Terapontidae,Terapon jarbua,2002,OCCURRENCE
23.379667,120.158522,TW,Perciformes,Cichlidae,Oreochromis mossambicus,2026,HUMAN_OBSERVATION
23.39869,120.51133,TW,Cypriniformes,Cyprinidae,Opsariichthys pachycephalus,2023,HUMAN_OBSERVATION
24.15905,120.74417,TW,Cypriniformes,Cyprinidae,Opsariichthys pachycephalus,2021,HUMAN_OBSERVATION
23.06,120.08,TW,Siluriformes,Ariidae,Arius maculatus,2015,OCCURRENCE
22.387952,114.200715,HK,Perciformes,Leiognathidae,Nuchequula gerreoides,2015,HUMAN_OBSERVATION
23.26939,121.42092,TW,Perciformes,Gobiidae,Sicyopterus lagocephalus,2010,HUMAN_OBSERVATION
22.216987,114.175598,HK,Tetraodontiformes,Monacanthidae,,1930,PRESERVED_SPECIMEN
22.476389,114.295833,HK,Tetraodontiformes,,,1958,PRESERVED_SPECIMEN
23.45,117.379,CN,Siluriformes,Ariidae,Netuma thalassina,2011,MATERIAL_SAMPLE
23.506742,120.473574,TW,Perciformes,Cichlidae,Oreochromis niloticus,2023,HUMAN_OBSERVATION
23.87693,120.76421,TW,Cypriniformes,Cyprinidae,Opsariichthys pachycephalus,2005,OCCURRENCE
24.7806,121.504,TW,Siluriformes,Bagridae,Tachysurus adiposalis,2023,HUMAN_OBSERVATION
22.566006,114.375281,HK,Perciformes,Carangidae,Caranx sexfasciatus,2024,HUMAN_OBSERVATION
23.455583,120.488639,TW,Cypriniformes,Cyprinidae,Microphysogobio alticorpus,2023,HUMAN_OBSERVATION
22.187632,113.57855,MO,Perciformes,Haemulidae,,1931,PRESERVED_SPECIMEN
22.216987,114.175598,HK,Perciformes,Serranidae,,1930,PRESERVED_SPECIMEN
23.1346,120.0717,TW,Perciformes,Carangidae,Scomberoides lysan,2021,MATERIAL_SAMPLE
24.82499,121.08718,TW,Perciformes,Gobiidae,Rhinogobius candidianus,2022,HUMAN_OBSERVATION
22.444078,114.138518,HK,Siluriformes,Siluridae,Pterocryptis anomala,2018,HUMAN_OBSERVATION
23.43819,120.60561,TW,Cypriniformes,Cyprinidae,Opsariichthys pachycephalus,2023,HUMAN_OBSERVATION
24.649267,120.7138,TW,Perciformes,Coryphaenidae,Coryphaena hippurus,2020,PRESERVED_SPECIMEN
23.8087,120.8438,TW,Perciformes,Gobiidae,Rhinogobius candidianus,2015,OCCURRENCE
24.19859,120.63523,TW,Siluriformes,Siluridae,Silurus asotus,2005,OCCURRENCE
22.47,120.43,TW,Perciformes,Leiognathidae,,2005,MATERIAL_SAMPLE
22.216987,114.175598,HK,Perciformes,Sparidae,,1930,PRESERVED_SPECIMEN
24.821,120.997,TW,Cypriniformes,Cyprinidae,Opsariichthys evolans,2021,HUMAN_OBSERVATION
24.748549,121.754157,TW,Cypriniformes,Cyprinidae,Rhodeus ocellatus,2023,HUMAN_OBSERVATION
24.88414,121.28323,TW,Perciformes,Gobiidae,Rhinogobius candidianus,2023,HUMAN_OBSERVATION
22.60294,120.58228,TW,Perciformes,Cichlidae,Oreochromis niloticus,2022,HUMAN_OBSERVATION
24.71,121.83,TW,Elopiformes,Megalopidae,Megalops cyprinoides,2004,OCCURRENCE
30.768552,111.127899,CN,Cypriniformes,Cyprinidae,Gnathopogon herzensteini,2024,HUMAN_OBSERVATION
20.25,112.25,CN,Perciformes,Ariommatidae,Ariomma indicum,2015,PRESERVED_SPECIMEN
24.70961,121.10026,TW,Perciformes,Gobiidae,Rhinogobius candidianus,2005,OCCURRENCE
21.718,110.313,CN,Cypriniformes,Cyprinidae,,2020,MATERIAL_SAMPLE
22.216987,114.175598,HK,Perciformes,Nemipteridae,,1930,PRESERVED_SPECIMEN
49.384716,117.7102,CN,Cypriniformes,Cyprinidae,Pseudorasbora parva,,MATERIAL_SAMPLE
25.17,121.41,TW,Perciformes,Drepaneidae,Drepane longimana,1990,OCCURRENCE
19.08,108.5,CN,Perciformes,Carangidae,Atule mate,2013,PRESERVED_SPECIMEN
22.47,120.43,TW,Perciformes,Serranidae,Epinephelus fasciatus,2007,MATERIAL_SAMPLE
23.206319,121.288639,TW,Cypriniformes,Cyprinidae,Candidia barbata,2022,HUMAN_OBSERVATION
23.87966,121.54204,TW,Cypriniformes,Cyprinidae,Tanakia himantegus,2019,OCCURRENCE
22.4,120.21,TW,Myctophiformes,Myctophidae,Myctophum asperum,2001,HUMAN_OBSERVATION
25.17568,121.42734,TW,Perciformes,Leiognathidae,Eubleekeria splendens,2023,HUMAN_OBSERVATION
20.64732,116.746375,TW,Carcharhiniformes,Carcharhinidae,Negaprion acutidens,2023,HUMAN_OBSERVATION
23.487016,121.542727,TW,Tetraodontiformes,Balistidae,Pseudobalistes flavimarginatus,2023,HUMAN_OBSERVATION
25.08306,121.66667,TW,Cyprinodontiformes,Poeciliidae,Gambusia affinis,2009,HUMAN_OBSERVATION
24.72242,121.10434,TW,Cypriniformes,Cyprinidae,Acrossocheilus paradoxus,2022,HUMAN_OBSERVATION
24.23558,120.73916,TW,Cypriniformes,Cyprinidae,Opsariichthys pachycephalus,2022,HUMAN_OBSERVATION
29.97,113.93,CN,Cypriniformes,Cobitidae,Misgurnus anguillicaudatus,2017,MATERIAL_SAMPLE
23.32883,120.25319,TW,Mugiliformes,Mugilidae,Planiliza macrolepis,2023,HUMAN_OBSERVATION
25.486711,122.103454,TW,Perciformes,Pomacentridae,Stegastes fasciolatus,2024,HUMAN_OBSERVATION
39.702857,116.229143,CN,Perciformes,Odontobutidae,Micropercops swinhonis,2025,HUMAN_OBSERVATION
23.75889,120.65787,TW,Cyprinodontiformes,Poeciliidae,Poecilia reticulata,2023,HUMAN_OBSERVATION
22.284182,114.256349,HK,Cypriniformes,Cyprinidae,Parazacco spilurus,2021,HUMAN_OBSERVATION
23.09183,112.54185,CN,Cypriniformes,Cyprinidae,Squaliobarbus curriculus,2023,PRESERVED_SPECIMEN
25.27249,110.29916,CN,Cypriniformes,Cyprinidae,Xenocypris macrolepis,2003,PRESERVED_SPECIMEN
24.438537,120.775563,TW,Cypriniformes,Cyprinidae,Acrossocheilus paradoxus,2025,HUMAN_OBSERVATION
23.79,120.95,TW,Cypriniformes,Balitoridae,Hemimyzon formosanus,2005,OCCURRENCE
24.1579,120.3837,TW,Perciformes,Sciaenidae,Johnius amblycephalus,2009,HUMAN_OBSERVATION
24.08094,120.87776,TW,Perciformes,Gobiidae,Rhinogobius candidianus,2005,OCCURRENCE
23.504436,120.481728,TW,Perciformes,Cichlidae,Oreochromis niloticus,2023,HUMAN_OBSERVATION
22.92756,120.58564,TW,Cypriniformes,Cyprinidae,Candidia barbata,2019,OCCURRENCE
23.849086,120.930525,TW,Perciformes,Cichlidae,Oreochromis niloticus,2026,HUMAN_OBSERVATION
24.730095,121.698655,TW,Osmeriformes,Plecoglossidae,Plecoglossus altivelis,2022,HUMAN_OBSERVATION
24.84,120.94,TW,Perciformes,Ambassidae,Ambassis miops,2016,OCCURRENCE
39.077142,117.049019,CN,Cypriniformes,Cyprinidae,Acheilognathus macropterus,2025,HUMAN_OBSERVATION
39.940298,116.318174,CN,Perciformes,Odontobutidae,Odontobutis potamophila,2025,HUMAN_OBSERVATION
17.8,110.5,CN,Perciformes,Malacanthidae,,2023,MATERIAL_CITATION
23.558428,120.164958,TW,Perciformes,Cichlidae,Oreochromis mossambicus,2025,HUMAN_OBSERVATION
23.15722,121.2374,TW,Cypriniformes,Cobitidae,Cobitis sinensis,2022,HUMAN_OBSERVATION
24.11051,120.69869,TW,Perciformes,Cichlidae,Oreochromis niloticus,2022,HUMAN_OBSERVATION
23.217991,121.270227,TW,Perciformes,Channidae,Channa striata,2022,HUMAN_OBSERVATION
22.44,120.47,TW,Perciformes,Terapontidae,Terapon jarbua,2004,MATERIAL_SAMPLE
24.67568,120.94928,TW,Cypriniformes,Cyprinidae,Carassius auratus,2015,OCCURRENCE
23.49403,120.54678,TW,Cyprinodontiformes,Poeciliidae,Poecilia reticulata,2023,HUMAN_OBSERVATION
23.45153,120.55056,TW,Perciformes,Gobiidae,Rhinogobius candidianus,2022,HUMAN_OBSERVATION
23.31,116.81,CN,Syngnathiformes,Syngnathidae,Hippocampus spinosissimus,2013,PRESERVED_SPECIMEN
23.475422,121.357474,TW,Cypriniformes,Cyprinidae,Opsariichthys pachycephalus,2021,HUMAN_OBSERVATION
24.56225,120.84938,TW,Cypriniformes,Cyprinidae,Acrossocheilus paradoxus,2023,HUMAN_OBSERVATION
23.07,120.51,TW,Cypriniformes,Cyprinidae,Hemiculter leucisculus,2014,OCCURRENCE
23.06,120.08,TW,Perciformes,Haemulidae,Pomadasys kaakan,2015,OCCURRENCE
22.288413,120.868971,TW,Perciformes,Kuhliidae,Kuhlia rupestris,2025,HUMAN_OBSERVATION
26,121,CN,Lophiiformes,Antennariidae,Antennarius striatus,1971,PRESERVED_SPECIMEN
22.609802,120.282265,TW,Anguilliformes,Ophichthidae,,2016,MATERIAL_SAMPLE
23.11696,120.45581,TW,Perciformes,Gobiidae,Rhinogobius maculafasciatus,2022,HUMAN_OBSERVATION
23.41114,120.54792,TW,Cypriniformes,Cyprinidae,Acrossocheilus paradoxus,2022,HUMAN_OBSERVATION
25.011539,121.610751,TW,Cypriniformes,Cyprinidae,Rhodeus ocellatus,2025,HUMAN_OBSERVATION
35.988667,120.403667,CN,Perciformes,Gobiidae,Acentrogobius pflaumii,,PRESERVED_SPECIMEN
24.80509,121.70073,TW,Cypriniformes,Cyprinidae,Onychostoma barbatulum,2003,OCCURRENCE
25.091045,121.686964,TW,Perciformes,Cichlidae,Geophagus brasiliensis,2024,HUMAN_OBSERVATION
25.486275,122.103947,TW,Perciformes,Pomacentridae,Stegastes obreptus,2021,HUMAN_OBSERVATION
28.76,105.34,CN,Cypriniformes,Nemacheilidae,Triplophysa bleekeri,2007,PRESERVED_SPECIMEN
23.78462,120.67449,TW,Cypriniformes,Cyprinidae,Acrossocheilus paradoxus,2005,OCCURRENCE
23.78942,120.99504,TW,Perciformes,Gobiidae,Rhinogobius candidianus,2006,OCCURRENCE
23.57,119.56,TW,Perciformes,Terapontidae,Terapon jarbua,1980,OCCURRENCE
23.02934,121.16975,TW,Perciformes,Gobiidae,Sicyopterus japonicus,2015,OCCURRENCE
41.54053,97.54021,CN,Cypriniformes,Catostomidae,Carpiodes carpio,2009,PRESERVED_SPECIMEN
22.356742,113.953388,HK,Perciformes,Gobiidae,Tridentiger trigonocephalus,2025,HUMAN_OBSERVATION
24.948572,121.739805,TW,Cypriniformes,Balitoridae,Formosania lacustre,2024,HUMAN_OBSERVATION
22.79275,121.14069,TW,Cypriniformes,Cyprinidae,Opsariichthys pachycephalus,2022,HUMAN_OBSERVATION
23.43819,120.60561,TW,Cypriniformes,Cyprinidae,Microphysogobio alticorpus,2023,HUMAN_OBSERVATION
23.557389,120.158687,TW,Perciformes,Sillaginidae,,2023,HUMAN_OBSERVATION
24.06405,120.95791,TW,Cypriniformes,Cyprinidae,Acrossocheilus paradoxus,2023,HUMAN_OBSERVATION
24.72973,121.25095,TW,Cypriniformes,Cyprinidae,Candidia barbata,2023,HUMAN_OBSERVATION
22.353919,120.368891,TW,Perciformes,Scaridae,,2018,HUMAN_OBSERVATION
23.12773,121.1701,TW,Cypriniformes,Cyprinidae,Opsariichthys pachycephalus,2023,HUMAN_OBSERVATION
22.216987,114.175598,HK,Perciformes,Gobiidae,,1930,PRESERVED_SPECIMEN
23.95045,120.96107,TW,Perciformes,Gobiidae,Rhinogobius candidianus,2004,OCCURRENCE
24.88464,121.28325,TW,Cypriniformes,Cyprinidae,Zacco platypus,2022,HUMAN_OBSERVATION
37.927223,101.254448,CN,Cypriniformes,Cyprinidae,Notropis stramineus,1996,PRESERVED_SPECIMEN
22.12753,120.77836,TW,Cypriniformes,Cyprinidae,Acrossocheilus paradoxus,2022,HUMAN_OBSERVATION
40.14,97.69,CN,Cypriniformes,Cyprinidae,Semotilus atromaculatus,2007,PRESERVED_SPECIMEN
23.87966,121.54204,TW,Cypriniformes,Cyprinidae,Tanakia himantegus,2019,OCCURRENCE
23.127064,120.055231,TW,Mugiliformes,Mugilidae,Planiliza macrolepis,2021,HUMAN_OBSERVATION
20.6742,116.9238,TW,Perciformes,Apogonidae,Pristiapogon kallopterus,2005,HUMAN_OBSERVATION
22.521528,113.978807,CN,Mugiliformes,Mugilidae,Mugil cephalus,2025,HUMAN_OBSERVATION
23.429781,120.446372,TW,Cypriniformes,Cyprinidae,Opsariichthys pachycephalus,2020,HUMAN_OBSERVATION
39.372501,99.687225,CN,Cypriniformes,Cyprinidae,Pimephales promelas,1996,PRESERVED_SPECIMEN
22.313009,114.197802,HK,Perciformes,Echeneidae,,1930,PRESERVED_SPECIMEN
24.6,121.02,TW,Cypriniformes,Balitoridae,Hemimyzon formosanus,2016,OCCURRENCE
24.701124,121.831097,TW,Tetraodontiformes,Tetraodontidae,Chelonodon patoca,2025,HUMAN_OBSERVATION
23.59,121.38,TW,Perciformes,Gerreidae,Gerres macracanthus,2008,PRESERVED_SPECIMEN
23.59,121.51,TW,Cypriniformes,Cyprinidae,Spinibarbus hollandi,1999,OCCURRENCE
24.85205,121.00274,TW,Perciformes,Cichlidae,Oreochromis niloticus,2022,HUMAN_OBSERVATION
24.71801,121.705645,TW,Cypriniformes,Cyprinidae,Acrossocheilus paradoxus,2018,HUMAN_OBSERVATION
23.05517,121.19978,TW,Cypriniformes,Cyprinidae,Opsariichthys pachycephalus,2022,HUMAN_OBSERVATION
23.15587,120.3381,TW,Cypriniformes,Cyprinidae,Carassius auratus,2004,OCCURRENCE
24.02704,120.82695,TW,Cypriniformes,Cyprinidae,Acrossocheilus paradoxus,2021,HUMAN_OBSERVATION
23.217991,121.270227,TW,Perciformes,Channidae,Channa striata,2022,HUMAN_OBSERVATION
21.193042,110.409697,CN,Perciformes,Sparidae,Acanthopagrus latus,2025,HUMAN_OBSERVATION
32.38,111.67,CN,Cypriniformes,Cobitidae,Misgurnus anguillicaudatus,2017,MATERIAL_SAMPLE
24.23558,120.73916,TW,Cypriniformes,Cyprinidae,Opsariichthys pachycephalus,2022,HUMAN_OBSERVATION
25.2,121.67,TW,Atheriniformes,Atherinidae,Atherinomorus lacunosus,1996,OCCURRENCE
25.18,121.45,TW,Siluriformes,Clariidae,Clarias fuscus,1991,PRESERVED_SPECIMEN
23.124482,120.074022,TW,Perciformes,Leiognathidae,Eubleekeria splendens,2016,HUMAN_OBSERVATION
24.470918,121.84128,TW,Perciformes,Gobiidae,Acentrogobius pflaumii,2014,PRESERVED_SPECIMEN
23.328556,120.252361,TW,Perciformes,Cichlidae,Oreochromis niloticus,2023,HUMAN_OBSERVATION
24.03377,120.84611,TW,Cypriniformes,Cyprinidae,Acrossocheilus paradoxus,2022,HUMAN_OBSERVATION
21.93,120.82,TW,Perciformes,Gobiidae,,2004,OCCURRENCE
25.0077,121.531,TW,Perciformes,Gobiidae,Awaous melanocephalus,2016,OCCURRENCE
23.99412,120.25945,TW,Pleuronectiformes,Cynoglossidae,Cynoglossus bilineatus,2020,MATERIAL_SAMPLE
23.29168,120.1444,TW,Perciformes,Gerreidae,Gerres erythrourus,2013,OCCURRENCE
24.47,122.21,TW,Anguilliformes,Congridae,Congriscus megastomus,,OCCURRENCE
23.59,120.89,TW,Cypriniformes,Balitoridae,Hemimyzon formosanus,2017,OCCURRENCE
24.704,121.202,TW,Perciformes,Gobiidae,Rhinogobius candidianus,2021,HUMAN_OBSERVATION
24.03377,120.84611,TW,Cypriniformes,Cyprinidae,Spinibarbus hollandi,2021,HUMAN_OBSERVATION
22.623236,120.269625,TW,Perciformes,Sphyraenidae,Sphyraena barracuda,2025,HUMAN_OBSERVATION
24.67,122.18,TW,Stomiiformes,Sternoptychidae,,,OCCURRENCE
23.51204,120.43857,TW,Cyprinodontiformes,Poeciliidae,Poecilia reticulata,2023,HUMAN_OBSERVATION
24.94,121.9,TW,Aulopiformes,Synodontidae,Synodus myops,2004,MATERIAL_SAMPLE
24.13414,120.73938,TW,Cypriniformes,Cyprinidae,Barbonymus gonionotus,2021,HUMAN_OBSERVATION
24.08277,120.87876,TW,Cypriniformes,Cyprinidae,Acrossocheilus paradoxus,2022,HUMAN_OBSERVATION
24.74791,121.09417,TW,Cypriniformes,Cyprinidae,Opsariichthys pachycephalus,2004,OCCURRENCE
24.69,121.1,TW,Cypriniformes,Balitoridae,Hemimyzon formosanus,2004,OCCURRENCE
20.25,109.25,CN,Scorpaeniformes,Platycephalidae,,,MATERIAL_SAMPLE
18.347015,109.525404,CN,Perciformes,Eleotridae,Oxyeleotris marmorata,2022,HUMAN_OBSERVATION
22.79449,120.50351,TW,Cypriniformes,Cyprinidae,Spinibarbus hollandi,2022,HUMAN_OBSERVATION
23.19548,121.279531,TW,Cypriniformes,Cyprinidae,Acrossocheilus paradoxus,2022,HUMAN_OBSERVATION
20.05,111.48,CN,Perciformes,Sciaenidae,Larimichthys crocea,2007,PRESERVED_SPECIMEN
23.97,120.64,TW,Cypriniformes,Balitoridae,Sinogastromyzon puliensis,2020,HUMAN_OBSERVATION
23.185427,113.397105,CN,Perciformes,Cichlidae,Coptodon zillii,2026,HUMAN_OBSERVATION
23.03,120.13,TW,Perciformes,Gobiidae,Acentrogobius caninus,1991,PRESERVED_SPECIMEN
22.324089,114.28896,HK,Perciformes,Pomacentridae,Pomacentrus tripunctatus,2023,HUMAN_OBSERVATION
23.39875,120.51139,TW,Cypriniformes,Cyprinidae,Opsariichthys pachycephalus,2022,HUMAN_OBSERVATION
24.11051,120.69869,TW,Perciformes,Cichlidae,Oreochromis niloticus,2021,HUMAN_OBSERVATION
23.98135,120.91831,TW,Cypriniformes,Cyprinidae,Acrossocheilus paradoxus,2021,HUMAN_OBSERVATION
22.057801,120.666751,TW,Tetraodontiformes,Tetraodontidae,Arothron hispidus,2024,HUMAN_OBSERVATION
23.56,119.67,TW,Perciformes,Apogonidae,Ostorhinchus fleurieu,,HUMAN_OBSERVATION
27.94,116.35,CN,Cypriniformes,Cobitidae,Misgurnus anguillicaudatus,2017,MATERIAL_SAMPLE
25.486711,122.103454,TW,Perciformes,Tripterygiidae,,2024,HUMAN_OBSERVATION
25.748,108.91,CN,Cypriniformes,Cyprinidae,,2018,MATERIAL_SAMPLE
20.65278,116.6943,TW,Perciformes,Bramidae,,2011,PRESERVED_SPECIMEN
23.39717,120.41911,TW,Cyprinodontiformes,Poeciliidae,Gambusia affinis,2022,HUMAN_OBSERVATION
23.75456,120.73767,TW,Cypriniformes,Cyprinidae,Acrossocheilus paradoxus,2005,OCCURRENCE
23.66236,121.4346,TW,Cypriniformes,Cyprinidae,Opsariichthys pachycephalus,2017,OCCURRENCE
23.95766,121.50215,TW,Perciformes,Gobiidae,Rhinogobius gigas,2022,HUMAN_OBSERVATION
24.1784,120.7378,TW,Cypriniformes,Cyprinidae,Opsariichthys pachycephalus,2021,HUMAN_OBSERVATION
22.3085,120.60622,TW,Syngnathiformes,Centriscidae,Centriscus scutatus,2020,MATERIAL_SAMPLE
22.216987,114.175598,HK,Perciformes,Callionymidae,,1930,PRESERVED_SPECIMEN
23.847105,120.798317,TW,Cypriniformes,Cyprinidae,Candidia barbata,2025,HUMAN_OBSERVATION
25.0685,121.653,TW,Perciformes,Cichlidae,Oreochromis mossambicus,2016,OCCURRENCE
25.17,121.41,TW,Perciformes,Polynemidae,Polydactylus sextarius,1989,OCCURRENCE
23.322756,121.329793,TW,Cypriniformes,Cobitidae,Cobitis sinensis,2022,HUMAN_OBSERVATION
24.25,120.52,TW,Perciformes,Carangidae,Selaroides leptolepis,2005,OCCURRENCE
22.86,120.04,TW,Pleuronectiformes,Bothidae,Engyprosopon maldivensis,,HUMAN_OBSERVATION
24.884575,121.941142,TW,Perciformes,Gobiidae,Rhinogobius formosanus,2016,HUMAN_OBSERVATION
23.6,120.66,TW,Cypriniformes,Balitoridae,Sinogastromyzon puliensis,2005,OCCURRENCE
24.42,120.78,TW,Cypriniformes,Cobitidae,Cobitis sinensis,2007,PRESERVED_SPECIMEN
22.262562,114.001444,HK,Perciformes,Gobiidae,Rhinogobius similis,2021,HUMAN_OBSERVATION
32.014718,118.469806,CN,Clupeiformes,Engraulidae,Coilia nasus,2025,HUMAN_OBSERVATION
26.513962,122.23586,TW,Perciformes,Scombridae,Auxis rochei,2009,PRESERVED_SPECIMEN
24.54885,120.92448,TW,Cypriniformes,Cyprinidae,Candidia barbata,2014,OCCURRENCE
20.5,109.51,CN,Pleuronectiformes,Cynoglossidae,Cynoglossus bilineatus,,PRESERVED_SPECIMEN
23.73182,121.48957,TW,Cypriniformes,Cyprinidae,Acrossocheilus paradoxus,2018,OCCURRENCE
24.709074,121.708068,TW,Cypriniformes,Cyprinidae,Opsariichthys pachycephalus,2018,HUMAN_OBSERVATION
24.46999,97.67333,CN,Cypriniformes,Cobitidae,Lepidocephalichthys birmanicus,1995,PRESERVED_SPECIMEN
22.380988,114.274768,HK,Perciformes,Gerreidae,Gerres oyena,2026,HUMAN_OBSERVATION
22.49855,120.41597,TW,Perciformes,Gobiidae,Periophthalmus modestus,2022,HUMAN_OBSERVATION
23.46652,121.49631,TW,Mugiliformes,Mugilidae,Mugil cephalus,2023,HUMAN_OBSERVATION
23.662743,121.417501,TW,Cyprinodontiformes,Poeciliidae,Poecilia reticulata,2026,HUMAN_OBSERVATION
40.433888,100.807221,CN,Cypriniformes,Cyprinidae,Semotilus atromaculatus,1997,PRESERVED_SPECIMEN
23.97,120.99,TW,Cypriniformes,Balitoridae,Sinogastromyzon puliensis,2020,HUMAN_OBSERVATION
18.266667,109.45,CN,Pleuronectiformes,Cynoglossidae,Cynoglossus puncticeps,1990,PRESERVED_SPECIMEN
24.121883,120.0026,TW,Siluriformes,Ariidae,Arius arius,2017,MATERIAL_SAMPLE
22.87456,120.48675,TW,Perciformes,Gobiidae,Rhinogobius similis,2005,OCCURRENCE
23.118403,120.088635,TW,Scorpaeniformes,Platycephalidae,Platycephalus indicus,2021,HUMAN_OBSERVATION
22.382862,114.322224,HK,Perciformes,Gobiidae,Cryptocentrus maudae,2019,HUMAN_OBSERVATION
23.79,121.01,TW,Cypriniformes,Cyprinidae,Gobiobotia cheni,2006,OCCURRENCE
23.89406,120.71141,TW,Cypriniformes,Cyprinidae,Opsariichthys pachycephalus,2022,HUMAN_OBSERVATION
24.76638,98.14305,CN,Cypriniformes,Cyprinidae,,1995,PRESERVED_SPECIMEN
23.010463,115.287709,CN,Perciformes,Gobiidae,Rhinogobius similis,2015,HUMAN_OBSERVATION
23.08,120.48,TW,Perciformes,Gobiidae,Rhinogobius nantaiensis,2014,OCCURRENCE
30.005282,122.331547,CN,Beloniformes,Adrianichthyidae,Oryzias sinensis,2024,HUMAN_OBSERVATION
23.05318,120.06981,TW,Scorpaeniformes,Platycephalidae,Platycephalus indicus,2005,OCCURRENCE
23.3218,121.33187,TW,Cypriniformes,Cyprinidae,Acrossocheilus paradoxus,2004,OCCURRENCE
20.65,111.487,CN,Perciformes,Drepaneidae,Drepane punctata,2007,MATERIAL_SAMPLE
23.155398,120.314679,TW,Perciformes,Channidae,Channa striata,2025,HUMAN_OBSERVATION
22.340416,120.371515,TW,Tetraodontiformes,Ostraciidae,Ostracion cubicus,2025,HUMAN_OBSERVATION
23.77763,120.86751,TW,Cypriniformes,Cyprinidae,Opsariichthys pachycephalus,2005,OCCURRENCE
23.114542,114.217224,CN,Perciformes,Gobiidae,Glossogobius olivaceus,2023,HUMAN_OBSERVATION
24.718031,121.705588,TW,Cypriniformes,Cobitidae,Cobitis sinensis,2018,HUMAN_OBSERVATION
22.383666,114.197024,HK,Perciformes,Cichlidae,Oreochromis mossambicus,2019,HUMAN_OBSERVATION
23.97135,120.93941,TW,Cypriniformes,Cyprinidae,Acrossocheilus paradoxus,2004,OCCURRENCE
19.71,110.32,CN,Cypriniformes,Cyprinidae,Chanodichthys erythropterus,2019,PRESERVED_SPECIMEN
39.61794,95.27302,CN,Siluriformes,Ictaluridae,Ameiurus natalis,2008,PRESERVED_SPECIMEN
34.84,113.07,CN,Cypriniformes,Cyprinidae,Saurogobio dabryi,,MATERIAL_SAMPLE
23.05,120.07,TW,Mugiliformes,Mugilidae,Planiliza subviridis,2014,OCCURRENCE
23.554752,120.161862,TW,Perciformes,Gerreidae,Gerres limbatus,2019,HUMAN_OBSERVATION
18.06,107.99,CN,Perciformes,Apogonidae,,,MATERIAL_SAMPLE
24.8784,120.670767,TW,Perciformes,Sparidae,Acanthopagrus latus,2022,PRESERVED_SPECIMEN
22.535136,114.213227,HK,Perciformes,Gobiidae,Periophthalmus modestus,2020,HUMAN_OBSERVATION
24.17,120.84,TW,Cypriniformes,Balitoridae,Hemimyzon formosanus,2012,OCCURRENCE
19.25,107.917,CN,Perciformes,Carangidae,Parastromateus niger,2014,MATERIAL_SAMPLE
32.38,111.67,CN,Cypriniformes,Cobitidae,Misgurnus anguillicaudatus,2017,MATERIAL_SAMPLE
21.091,112.553,CN,Pleuronectiformes,Cynoglossidae,,2007,MATERIAL_SAMPLE
24.641056,98.773611,CN,Cypriniformes,Cyprinidae,Carassius auratus,2003,PRESERVED_SPECIMEN
23.47,110.74,CN,Cypriniformes,Cyprinidae,Squalidus argentatus,2018,PRESERVED_SPECIMEN
25.091045,121.686964,TW,Perciformes,Cichlidae,Geophagus brasiliensis,2024,HUMAN_OBSERVATION
23.475422,121.357474,TW,Cypriniformes,Cyprinidae,Opsariichthys pachycephalus,2021,HUMAN_OBSERVATION
24.722715,121.123654,TW,Cypriniformes,Cyprinidae,Acrossocheilus paradoxus,2021,HUMAN_OBSERVATION
24.57977,120.86287,TW,Cypriniformes,Cyprinidae,Acrossocheilus paradoxus,2014,OCCURRENCE
25.22871,121.625981,TW,Cypriniformes,Cyprinidae,Opsariichthys pachycephalus,2022,HUMAN_OBSERVATION
24.18892,120.65257,TW,Cypriniformes,Cyprinidae,Ctenopharyngodon idella,2022,HUMAN_OBSERVATION
23.169801,121.244863,TW,Perciformes,Cichlidae,Coptodon zillii,2022,HUMAN_OBSERVATION
22.479416,114.399021,HK,Cypriniformes,Cyprinidae,Parazacco spilurus,2023,HUMAN_OBSERVATION
20.25,109.917,CN,Perciformes,Gerreidae,Gerres limbatus,2014,MATERIAL_SAMPLE
24.338583,120.624859,TW,Cypriniformes,Cyprinidae,Opsariichthys pachycephalus,2022,HUMAN_OBSERVATION
23.78967,120.94734,TW,Perciformes,Gobiidae,Rhinogobius candidianus,2023,HUMAN_OBSERVATION
22.99559,120.63898,TW,Cypriniformes,Cyprinidae,Spinibarbus hollandi,2006,OCCURRENCE
48.604176,124.13004,CN,Cypriniformes,Nemacheilidae,,,MATERIAL_SAMPLE
22.56392,120.53906,TW,Cyprinodontiformes,Poeciliidae,Gambusia affinis,2023,HUMAN_OBSERVATION
22.80304,120.27874,TW,Perciformes,Cichlidae,,2022,HUMAN_OBSERVATION
24.696291,121.103928,TW,Cypriniformes,Cyprinidae,Acrossocheilus paradoxus,2021,HUMAN_OBSERVATION
23.53665,120.53165,TW,Cypriniformes,Cyprinidae,Opsariichthys pachycephalus,2022,HUMAN_OBSERVATION
23.1502,120.02373,TW,Lophiiformes,Antennariidae,Antennarius striatus,2020,MATERIAL_SAMPLE
24.54,120.63,TW,Siluriformes,Ariidae,Netuma thalassina,,MATERIAL_SAMPLE
21.25,113.25,CN,Perciformes,Trichiuridae,Trichiurus lepturus,2019,PRESERVED_SPECIMEN
24.835571,121.933276,TW,Perciformes,Gobiidae,Callogobius tanegasimae,2024,HUMAN_OBSERVATION
20.71287,116.7809,TW,Perciformes,Pomacentridae,,2011,PRESERVED_SPECIMEN
39.36794,112.5914,CN,Perciformes,Gobiidae,Rhinogobius brunneus,2019,PRESERVED_SPECIMEN
23.77,120.9,TW,Cypriniformes,Balitoridae,Formosania lacustre,2017,OCCURRENCE
24.729299,121.688565,TW,Cypriniformes,Cyprinidae,Pseudorasbora parva,2023,HUMAN_OBSERVATION
24.78543,121.17495,TW,Cypriniformes,Cobitidae,Cobitis sinensis,2023,HUMAN_OBSERVATION
24.81462,121.11148,TW,Perciformes,Gobiidae,Rhinogobius candidianus,2022,HUMAN_OBSERVATION
23.12756,121.17067,TW,Cypriniformes,Cyprinidae,Opsariichthys pachycephalus,2022,HUMAN_OBSERVATION
23.93,120.72,TW,Cypriniformes,Balitoridae,Sinogastromyzon puliensis,2020,HUMAN_OBSERVATION
24.62181,121.0053,TW,Perciformes,Cichlidae,Coptodon zillii,2023,HUMAN_OBSERVATION
23.45,120.55,TW,Cypriniformes,Balitoridae,Hemimyzon formosanus,2023,HUMAN_OBSERVATION
21.38,112.22,CN,Perciformes,Ambassidae,,2021,MATERIAL_SAMPLE
21.9222,120.736,TW,Anguilliformes,Muraenidae,Gymnothorax fimbriatus,1968,PRESERVED_SPECIMEN
23.97,120.64,TW,Cypriniformes,Balitoridae,Sinogastromyzon puliensis,2020,HUMAN_OBSERVATION
36.066667,120.366667,CN,Perciformes,Ammodytidae,Ammodytes hexapterus,1989,PRESERVED_SPECIMEN
20.5,109.51,CN,Mugiliformes,Mugilidae,,,MATERIAL_SAMPLE
22.03,120.72,TW,Perciformes,Blenniidae,Salarias fasciatus,1977,OCCURRENCE
24.55,120.97,TW,Cypriniformes,Balitoridae,Hemimyzon formosanus,2015,OCCURRENCE
25.13,121.96,TW,Perciformes,Trichiuridae,Trichiurus lepturus,,HUMAN_OBSERVATION
25.0333,121.31769,TW,Cypriniformes,Cyprinidae,Candidia barbata,2024,HUMAN_OBSERVATION
24.644,121.124,TW,Perciformes,Gobiidae,Rhinogobius candidianus,2021,HUMAN_OBSERVATION
22.354927,114.25026,HK,Perciformes,Terapontidae,Terapon jarbua,2014,HUMAN_OBSERVATION
23.55,119.56,TW,Perciformes,Pseudochromidae,,2006,MATERIAL_SAMPLE
24.67568,120.94928,TW,Cypriniformes,Cyprinidae,Opsariichthys pachycephalus,2015,OCCURRENCE
24.66958,120.98792,TW,Cypriniformes,Cyprinidae,Paratanakia himantegus,2023,HUMAN_OBSERVATION
23.44438,120.16909,TW,Perciformes,Leiognathidae,Leiognathus equulus,2002,OCCURRENCE
38.211388,98.320274,CN,Cypriniformes,Cyprinidae,Cyprinella lutrensis,1997,PRESERVED_SPECIMEN
25.137883,121.84555,TW,Perciformes,Scombridae,Auxis rochei,2025,HUMAN_OBSERVATION
23.08717,120.13362,TW,Perciformes,Leiognathidae,Leiognathus equulus,2022,HUMAN_OBSERVATION
31.413994,121.579277,CN,Perciformes,Percichthyidae,Siniperca scherzeri,,PRESERVED_SPECIMEN
24.84,120.94,TW,Siluriformes,Ariidae,Arius maculatus,2015,OCCURRENCE
43.794945,125.446617,CN,Perciformes,Channidae,Channa argus,2024,HUMAN_OBSERVATION
22.65,120.4,TW,Perciformes,Leiognathidae,,2018,PRESERVED_SPECIMEN
23.143842,120.076266,TW,Perciformes,Haemulidae,Pomadasys kaakan,2020,HUMAN_OBSERVATION
22.19,115.7,CN,Perciformes,Scombridae,Auxis rochei,2015,PRESERVED_SPECIMEN
24.86,122.02,TW,Scorpaeniformes,Setarchidae,Setarches longimanus,,OCCURRENCE
24.66152,121.64033,TW,Perciformes,Gobiidae,Sicyopterus lagocephalus,2018,OCCURRENCE
27.67,98.73,CN,Siluriformes,Sisoridae,Glyptothorax zanaensis,2012,PRESERVED_SPECIMEN
23.01908,120.055523,TW,Perciformes,Terapontidae,,2020,PRESERVED_SPECIMEN
41.08,80.11,CN,Cypriniformes,Nemacheilidae,Hedinichthys yarkandensis,2018,MATERIAL_SAMPLE
23.156743,121.237093,TW,Perciformes,Gobiidae,Rhinogobius similis,2021,HUMAN_OBSERVATION
23.13,121.25,TW,Perciformes,Scaridae,Chlorurus oedema,2006,OBSERVATION
23.41194,120.54764,TW,Perciformes,Gobiidae,Rhinogobius candidianus,2023,HUMAN_OBSERVATION
36.174854,120.43005,CN,Cypriniformes,Cyprinidae,Pseudorasbora parva,2025,HUMAN_OBSERVATION
22.545738,114.089706,CN,Cypriniformes,Nemacheilidae,Oreonectes platycephalus,2025,HUMAN_OBSERVATION
24.5,121.8,TW,Cypriniformes,Cyprinidae,Opsariichthys pachycephalus,2019,HUMAN_OBSERVATION
22.426886,114.288392,HK,Perciformes,Gobiidae,Periophthalmus modestus,2024,HUMAN_OBSERVATION
30.25961,120.13026,CN,Beloniformes,Adrianichthyidae,Oryzias sinensis,2026,HUMAN_OBSERVATION
25.08786,121.82842,TW,Perciformes,Cichlidae,Vieja melanura,2022,HUMAN_OBSERVATION
39.593613,97.66333,CN,Cypriniformes,Cyprinidae,Notropis stramineus,1995,PRESERVED_SPECIMEN
32.067539,119.018014,CN,Perciformes,Gobiidae,Rhinogobius similis,2026,HUMAN_OBSERVATION
21.12,113.42,CN,Clupeiformes,Clupeidae,Anodontostoma chacunda,,PRESERVED_SPECIMEN
41.77888,100.52493,CN,Perciformes,Centrarchidae,Micropterus salmoides,2008,PRESERVED_SPECIMEN
28.99916,111.52666,CN,Cypriniformes,Cyprinidae,Sarcocheilichthys nigripinnis,2002,PRESERVED_SPECIMEN
20.61722,116.7217,TW,Myctophiformes,Myctophidae,,2011,PRESERVED_SPECIMEN
24.07657,120.7254,TW,Cypriniformes,Cyprinidae,Opsariichthys pachycephalus,2022,HUMAN_OBSERVATION
24.986883,121.014871,TW,Perciformes,Lutjanidae,Lutjanus russellii,2023,HUMAN_OBSERVATION
24.74884,121.7169,TW,Perciformes,Cichlidae,Oreochromis niloticus,2022,HUMAN_OBSERVATION
24.47,120.95,TW,Cypriniformes,Balitoridae,Formosania lacustre,2023,HUMAN_OBSERVATION
23.4855,121.40355,TW,Perciformes,Cichlidae,Oreochromis niloticus,2022,HUMAN_OBSERVATION
24.1784,120.73781,TW,Perciformes,Cichlidae,Oreochromis niloticus,2022,HUMAN_OBSERVATION
24.64617,121.57502,TW,Cypriniformes,Cyprinidae,Opsariichthys pachycephalus,2022,HUMAN_OBSERVATION
24.91,121.87,TW,Scorpaeniformes,Setarchidae,Setarches longimanus,,HUMAN_OBSERVATION
25.156837,121.457219,TW,Perciformes,Gobiidae,Boleophthalmus pectinirostris,2021,HUMAN_OBSERVATION
22.447051,114.185554,HK,Pleuronectiformes,Cynoglossidae,,1931,PRESERVED_SPECIMEN
22.654828,121.473514,TW,Perciformes,Scaridae,,2014,HUMAN_OBSERVATION
22.249444,114.147778,HK,Perciformes,Lethrinidae,,1958,PRESERVED_SPECIMEN
24.504133,120.644301,TW,Perciformes,Carangidae,Scomberoides tol,2019,PRESERVED_SPECIMEN
25.08756,121.82841,TW,Perciformes,Gobiidae,Rhinogobius candidianus,2023,HUMAN_OBSERVATION
36.666667,116.933333,CN,Cypriniformes,Cobitidae,Parabotia fasciata,,PRESERVED_SPECIMEN
22.97389,121.16508,TW,Perciformes,Gobiidae,Rhinogobius candidianus,2022,HUMAN_OBSERVATION
23.19,120.49,TW,Perciformes,Gobiidae,Rhinogobius similis,2015,OCCURRENCE
25.06275,121.08518,TW,Myctophiformes,Myctophidae,,2024,HUMAN_OBSERVATION
23.41497,120.5065,TW,Cypriniformes,Cyprinidae,Acrossocheilus paradoxus,2022,HUMAN_OBSERVATION
29.583333,103.533333,CN,Synbranchiformes,Synbranchidae,Monopterus albus,,PRESERVED_SPECIMEN
23.77763,120.86751,TW,Perciformes,Gobiidae,Rhinogobius candidianus,2006,OCCURRENCE
25.134217,121.743509,TW,Perciformes,Mullidae,Upeneus tragula,2018,PRESERVED_SPECIMEN
29.26,117.17,CN,Cypriniformes,Cobitidae,Misgurnus anguillicaudatus,2017,MATERIAL_SAMPLE
22.466667,120.45,TW,Myliobatiformes,Dasyatidae,,2012,PRESERVED_SPECIMEN
24.424117,120.153267,TW,Perciformes,Lutjanidae,,2021,PRESERVED_SPECIMEN
23.12271,120.4525,TW,Cypriniformes,Cyprinidae,Carassius cuvieri,2004,OCCURRENCE
24.08148,120.70879,TW,Cypriniformes,Cyprinidae,Opsariichthys pachycephalus,2022,HUMAN_OBSERVATION
23.80572,120.84602,TW,Cypriniformes,Cyprinidae,Opsariichthys pachycephalus,2023,HUMAN_OBSERVATION
32.106464,118.739669,CN,Cypriniformes,Cyprinidae,Pseudorasbora parva,,PRESERVED_SPECIMEN
26.121296,119.285673,CN,Cypriniformes,Cyprinidae,Cyprinus carpio,2024,HUMAN_OBSERVATION
24.950017,121.767725,TW,Cypriniformes,Cyprinidae,Onychostoma barbatulum,2026,HUMAN_OBSERVATION
24.46,120.83,TW,Cypriniformes,Balitoridae,Formosania lacustre,1999,OCCURRENCE
23.969633,121.095789,TW,Siluriformes,Bagridae,Pseudobagrus brevianalis,2022,HUMAN_OBSERVATION
25.125788,121.903636,TW,Perciformes,Lutjanidae,Lutjanus vitta,2025,HUMAN_OBSERVATION
22.18,121.56,TW,Perciformes,Gobiidae,Rhinogobius lanyuensis,2006,OCCURRENCE
24.56233,120.8495,TW,Cypriniformes,Cyprinidae,Opsariichthys pachycephalus,2023,HUMAN_OBSERVATION
24.71,121.83,TW,Perciformes,Gobiidae,Rhinogobius maculafasciatus,2004,OCCURRENCE
24.714753,121.703803,TW,Cyprinodontiformes,Poeciliidae,Gambusia affinis,2020,HUMAN_OBSERVATION
25.178475,121.862519,TW,Gadiformes,Bregmacerotidae,,2014,PRESERVED_SPECIMEN
22.9734,121.16525,TW,Cypriniformes,Cyprinidae,Paratanakia himantegus,2023,HUMAN_OBSERVATION
23.127064,120.055231,TW,Clupeiformes,Engraulidae,Thryssa hamiltonii,2018,HUMAN_OBSERVATION
24.67,122.18,TW,Stomiiformes,Sternoptychidae,,,OCCURRENCE
23.89406,120.71141,TW,Cypriniformes,Cyprinidae,Acrossocheilus paradoxus,2023,HUMAN_OBSERVATION
24.99968,121.60624,TW,Cypriniformes,Balitoridae,Formosania lacustre,2023,HUMAN_OBSERVATION
22.47,120.43,TW,Perciformes,Pomacentridae,Dischistodus prosopotaenia,1984,OCCURRENCE
23.01728,121.16325,TW,Siluriformes,Siluridae,Silurus asotus,2015,OCCURRENCE
24.284972,121.261029,TW,Salmoniformes,Salmonidae,Oncorhynchus formosanus,2025,HUMAN_OBSERVATION
24.67113,121.60627,TW,Cypriniformes,Cyprinidae,Onychostoma barbatulum,2018,OCCURRENCE
23.95,120.95,TW,Cypriniformes,Balitoridae,Sinogastromyzon puliensis,2020,HUMAN_OBSERVATION
25.217871,121.360576,TW,Perciformes,Gobiidae,Periophthalmus modestus,2020,PRESERVED_SPECIMEN
24.59378,121.04529,TW,Cypriniformes,Cyprinidae,Opsariichthys pachycephalus,2023,HUMAN_OBSERVATION
29.97,113.68,CN,Cypriniformes,Cyprinidae,Carassius auratus,2013,PRESERVED_SPECIMEN
24.03377,120.84611,TW,Cypriniformes,Cyprinidae,Spinibarbus hollandi,2022,HUMAN_OBSERVATION
25.86,98.85,CN,Siluriformes,Sisoridae,Glyptothorax granosus,2012,PRESERVED_SPECIMEN
22.89665,112.887169,CN,Perciformes,Gobiidae,Mugilogobius myxodermus,2024,HUMAN_OBSERVATION
24.134144,120.739384,TW,Cypriniformes,Cyprinidae,Spinibarbus hollandi,2022,HUMAN_OBSERVATION
29.549418,103.763336,CN,Cypriniformes,Cyprinidae,Spinibarbus sinensis,1931,PRESERVED_SPECIMEN
24.08009,120.66596,TW,Perciformes,Cichlidae,Oreochromis niloticus,2023,HUMAN_OBSERVATION
43.549999,87.263,CN,,Acrodontidae,,,MATERIAL_CITATION
21,109.583,CN,Perciformes,Terapontidae,,2013,MATERIAL_SAMPLE
23.26304,120.26234,TW,Perciformes,Cichlidae,,2023,HUMAN_OBSERVATION
24.76788,121.21756,TW,Cypriniformes,Cyprinidae,Acrossocheilus paradoxus,2013,OCCURRENCE
24.21635,120.456463,TW,Perciformes,Sillaginidae,,2019,PRESERVED_SPECIMEN
23.78462,120.67449,TW,Cypriniformes,Cyprinidae,Cyprinus carpio,2006,OCCURRENCE
24.76078,121.07477,TW,Cypriniformes,Cyprinidae,Pseudorasbora parva,2004,OCCURRENCE
20.85,116.02,TW,Perciformes,Leiognathidae,Leiognathus equulus,1995,OCCURRENCE
24.13406,120.73939,TW,Perciformes,Gobiidae,Rhinogobius candidianus,2003,OCCURRENCE
26.58305,111.84972,CN,Cypriniformes,Cyprinidae,Saurogobio dabryi,2002,PRESERVED_SPECIMEN
21.33,108.5,CN,Perciformes,Leiognathidae,,2013,PRESERVED_SPECIMEN
21.926514,120.751839,TW,Perciformes,Lutjanidae,Lutjanus russellii,2022,HUMAN_OBSERVATION
22.206827,113.93355,HK,Perciformes,Lutjanidae,Lutjanus johnii,2025,HUMAN_OBSERVATION
41.74333,99.07052,CN,Cypriniformes,Cyprinidae,Notropis dorsalis,2008,PRESERVED_SPECIMEN
24,120.91,TW,Cypriniformes,Balitoridae,Sinogastromyzon puliensis,2020,HUMAN_OBSERVATION
24.58,121.86,TW,Pleuronectiformes,Cynoglossidae,,2007,OCCURRENCE
24.107344,121.03958,TW,Perciformes,Osphronemidae,Macropodus opercularis,2026,HUMAN_OBSERVATION
25.032,121.455,TW,Perciformes,Cichlidae,Oreochromis mossambicus,2016,OCCURRENCE
24.52,120.93,TW,Cypriniformes,Cyprinidae,Aphyocypris moltrechti,,MATERIAL_SAMPLE
23.83347,120.801558,TW,Cypriniformes,Cyprinidae,Candidia barbata,2022,HUMAN_OBSERVATION
24.97,121.91,TW,Cypriniformes,Cobitidae,Cobitis sinensis,1983,OCCURRENCE
24.008972,119.619802,TW,Anguilliformes,Muraenidae,,2022,PRESERVED_SPECIMEN
23.62722,120.5123,TW,Cypriniformes,Cyprinidae,Candidia barbata,2023,HUMAN_OBSERVATION
24.7972,121.035263,TW,Cypriniformes,Cyprinidae,Opsariichthys evolans,2021,HUMAN_OBSERVATION
24.62274,120.75639,TW,Perciformes,Leiognathidae,Leiognathus equulus,2012,OCCURRENCE
22.708334,120.18,TW,Anguilliformes,Ophichthidae,,2019,MATERIAL_CITATION
29.5,119,CN,Perciformes,Cichlidae,,,MATERIAL_CITATION
24.61445,120.6526,TW,Perciformes,Apogonidae,Ostorhinchus kiensis,2020,MATERIAL_SAMPLE
25.00964,121.53351,TW,Perciformes,Cichlidae,Coptodon zillii,2023,HUMAN_OBSERVATION
24.338618,120.624805,TW,Cypriniformes,Cyprinidae,Opsariichthys pachycephalus,2022,HUMAN_OBSERVATION
22.309041,114.364036,HK,Perciformes,Mullidae,Parupeneus indicus,2026,HUMAN_OBSERVATION
22.387653,114.238335,HK,Siluriformes,Siluridae,Pterocryptis anomala,2020,HUMAN_OBSERVATION
23.59,120.89,TW,Cypriniformes,Balitoridae,Hemimyzon formosanus,2015,OCCURRENCE
23.114808,120.098873,TW,Perciformes,Sillaginidae,Sillago sihama,2017,HUMAN_OBSERVATION
40.733112,107.41611,CN,Cypriniformes,Cyprinidae,Rhinogobio typus,,MATERIAL_SAMPLE
21.38,112.22,CN,Clupeiformes,Engraulidae,,2021,MATERIAL_SAMPLE
23.026139,120.097238,TW,Perciformes,Sillaginidae,Sillago sihama,2021,HUMAN_OBSERVATION
23.258614,121.298213,TW,Cypriniformes,Cyprinidae,Opsariichthys pachycephalus,2022,HUMAN_OBSERVATION
22.84552,120.4831,TW,Perciformes,Cichlidae,Oreochromis niloticus,2006,OCCURRENCE
22.65,120.4,TW,Clupeiformes,Engraulidae,Thryssa dussumieri,2018,PRESERVED_SPECIMEN
39.25459,117.09087,CN,Cypriniformes,Cobitidae,Misgurnus anguillicaudatus,2019,PRESERVED_SPECIMEN
29.97,113.68,CN,Cypriniformes,Cyprinidae,Carassius auratus,2013,PRESERVED_SPECIMEN
29.549418,103.763336,CN,Cypriniformes,Cyprinidae,Ochetobius elongatus,1932,PRESERVED_SPECIMEN
24.135,121.2933,TW,Stomiiformes,Gonostomatidae,,,MATERIAL_SAMPLE
23.52,116.39,CN,Cypriniformes,Cyprinidae,Culter alburnus,2018,PRESERVED_SPECIMEN
22.058332,120.46667,TW,Perciformes,Polynemidae,Eleutheronema tetradactylum,2004,PRESERVED_SPECIMEN
24.08176,120.98904,TW,Siluriformes,Bagridae,Pseudobagrus brevianalis,2004,OCCURRENCE
23.114808,120.098873,TW,Perciformes,Gerreidae,Gerres limbatus,2019,HUMAN_OBSERVATION
22.506305,114.118508,HK,Perciformes,Channidae,Channa maculata,2025,HUMAN_OBSERVATION
38.073254,104.69114,CN,Cypriniformes,Cyprinidae,Sinibrama macrops,,MATERIAL_SAMPLE
24.94,121.89,TW,Perciformes,Lutjanidae,Lutjanus argentimaculatus,2019,HUMAN_OBSERVATION
23.45603,120.48742,TW,Cypriniformes,Cyprinidae,Opsariichthys pachycephalus,2022,HUMAN_OBSERVATION
25.091045,121.686964,TW,Perciformes,Cichlidae,,2024,HUMAN_OBSERVATION
22.372778,120.459444,TW,Polymixiiformes,Polymixiidae,,2023,PRESERVED_SPECIMEN
25.185577,121.70081,TW,Cypriniformes,Cyprinidae,Metzia formosae,2022,HUMAN_OBSERVATION
22.76743,120.45163,TW,Siluriformes,Loricariidae,,2022,HUMAN_OBSERVATION
23.7417,120.73054,TW,Cypriniformes,Cyprinidae,Microphysogobio alticorpus,2006,OCCURRENCE
38.339169,98.581108,CN,Cypriniformes,Cyprinidae,Pimephales promelas,1997,PRESERVED_SPECIMEN
25.168574,121.429713,TW,Cypriniformes,Cyprinidae,,1903,PRESERVED_SPECIMEN
23.8087,120.8438,TW,Perciformes,Gobiidae,Rhinogobius candidianus,2015,OCCURRENCE
24.68381,120.9169,TW,Perciformes,Cichlidae,,2015,OCCURRENCE
23.391817,121.304194,TW,Cypriniformes,Cyprinidae,Onychostoma barbatulum,2021,HUMAN_OBSERVATION
24.02271,120.63682,TW,Cypriniformes,Cyprinidae,Opsariichthys pachycephalus,2021,HUMAN_OBSERVATION
39.358612,97.127502,CN,Cypriniformes,Cyprinidae,Phenacobius mirabilis,1996,PRESERVED_SPECIMEN
23.12,120.45,TW,Cypriniformes,Cyprinidae,Opsariichthys pachycephalus,2015,OCCURRENCE
22.304105,114.292353,HK,Perciformes,Eleotridae,Eleotris acanthopoma,2017,HUMAN_OBSERVATION
22.90681,121.14808,TW,Cypriniformes,Cyprinidae,Opsariichthys pachycephalus,2022,HUMAN_OBSERVATION
24.24,99.08,CN,Cypriniformes,Cyprinidae,Tariqilabeo bicornis,2012,PRESERVED_SPECIMEN
22.025961,121.550961,TW,Anguilliformes,Anguillidae,Anguilla marmorata,2024,HUMAN_OBSERVATION
23.07,120.49,TW,Perciformes,Gobiidae,Rhinogobius nantaiensis,2014,OCCURRENCE
24.71,121.1,TW,Cypriniformes,Cyprinidae,Opsariichthys pachycephalus,2021,HUMAN_OBSERVATION
24.175391,120.653733,TW,Cypriniformes,Cyprinidae,Opsariichthys pachycephalus,2025,HUMAN_OBSERVATION
24.729677,121.688592,TW,Cypriniformes,Cyprinidae,Barbodes semifasciolatus,2024,HUMAN_OBSERVATION
23.82,120.76,TW,Cypriniformes,Cyprinidae,Gobiobotia cheni,1999,OCCURRENCE
24.08134,120.99071,TW,Cypriniformes,Cyprinidae,Acrossocheilus paradoxus,2022,HUMAN_OBSERVATION
39.59262,113.05996,CN,Cypriniformes,Cobitidae,Misgurnus anguillicaudatus,2019,PRESERVED_SPECIMEN
23.876011,121.593191,TW,Perciformes,Gobiidae,Rhinogobius delicatus,2023,HUMAN_OBSERVATION
22.511951,114.039935,CN,Perciformes,Channidae,Channa striata,2025,HUMAN_OBSERVATION
22.406433,114.223194,HK,Perciformes,Cichlidae,Oreochromis mossambicus,2017,HUMAN_OBSERVATION
24.718028,121.705637,TW,Cypriniformes,Cyprinidae,Acrossocheilus paradoxus,2022,HUMAN_OBSERVATION
23.385596,121.343008,TW,Mugiliformes,Mugilidae,Mugil cephalus,2021,HUMAN_OBSERVATION
22.658144,120.286448,TW,Perciformes,Cichlidae,Parachromis managuensis,2024,HUMAN_OBSERVATION
22.36178,112.69685,CN,Cypriniformes,Cyprinidae,Xenocypris davidi,2023,PRESERVED_SPECIMEN
24.08134,120.99071,TW,Cypriniformes,Cyprinidae,Acrossocheilus paradoxus,2021,HUMAN_OBSERVATION
23.12,120.45,TW,Cypriniformes,Cyprinidae,Hypsibarbus pierrei,2014,OCCURRENCE
22.96578,121.13103,TW,Cypriniformes,Cyprinidae,Onychostoma alticorpus,2003,OCCURRENCE
23.97,120.99,TW,Cypriniformes,Balitoridae,Sinogastromyzon puliensis,2020,HUMAN_OBSERVATION
23.55607,120.164089,TW,Cyprinodontiformes,Poeciliidae,Poecilia velifera,2010,HUMAN_OBSERVATION
23.73146,120.52288,TW,Cypriniformes,Cyprinidae,Barbonymus gonionotus,2023,HUMAN_OBSERVATION
23.465925,121.401272,TW,Cypriniformes,Cyprinidae,Opsariichthys pachycephalus,2022,HUMAN_OBSERVATION
38.073254,104.69114,CN,Scorpaeniformes,Scorpaenidae,,2014,MATERIAL_SAMPLE
22.486279,114.171967,HK,Cypriniformes,Cobitidae,Misgurnus anguillicaudatus,2019,HUMAN_OBSERVATION
24.94,121.9,TW,Carcharhiniformes,Carcharhinidae,Galeocerdo cuvier,2001,OCCURRENCE
21.37,108.3,CN,Perciformes,Apogonidae,,2017,MATERIAL_SAMPLE
23.14,120.43,TW,Cypriniformes,Cyprinidae,Opsariichthys pachycephalus,2014,OCCURRENCE
32.056238,118.817459,CN,Cypriniformes,Cyprinidae,Carassius auratus,2022,HUMAN_OBSERVATION
22.207478,114.260385,HK,Perciformes,Pomacentridae,Abudefduf sordidus,2020,HUMAN_OBSERVATION
38.839443,97.586113,CN,Siluriformes,Ictaluridae,Noturus flavus,1996,PRESERVED_SPECIMEN
25.091045,121.686964,TW,Perciformes,Cichlidae,Oreochromis mossambicus,2024,HUMAN_OBSERVATION
31.3167,120.6167,CN,Perciformes,Osphronemidae,Macropodus ocellatus,2000,PRESERVED_SPECIMEN
22.12742,120.77772,TW,Perciformes,Gobiidae,Sicyopterus japonicus,2022,HUMAN_OBSERVATION
23.399611,120.511194,TW,Cypriniformes,Cyprinidae,Acrossocheilus paradoxus,2023,HUMAN_OBSERVATION
23.05484,121.1997,TW,Cypriniformes,Cyprinidae,Opsariichthys pachycephalus,2022,HUMAN_OBSERVATION
23.430653,121.314461,TW,Perciformes,Gobiidae,Rhinogobius gigas,2021,HUMAN_OBSERVATION
23.878314,120.874366,TW,Perciformes,Gobiidae,Rhinogobius candidianus,2024,HUMAN_OBSERVATION
24.836613,120.974687,TW,Siluriformes,Loricariidae,,2025,HUMAN_OBSERVATION
23.439,120.60558,TW,Cypriniformes,Cyprinidae,Acrossocheilus paradoxus,2023,HUMAN_OBSERVATION
24.08277,120.87876,TW,Cypriniformes,Cyprinidae,Acrossocheilus paradoxus,2022,HUMAN_OBSERVATION
22.51325,120.30881,TW,Perciformes,Blenniidae,,2021,PRESERVED_SPECIMEN
24.64389,121.72417,TW,Cypriniformes,Cyprinidae,Pseudorasbora parva,2009,HUMAN_OBSERVATION
30.155937,122.037173,CN,Carcharhiniformes,Sphyrnidae,Sphyrna lewini,2017,HUMAN_OBSERVATION
24.9993,121.609,TW,Cypriniformes,Cyprinidae,Zacco platypus,2016,OCCURRENCE
19.851831,109.422725,CN,Perciformes,Pseudochromidae,Congrogadus subducens,2023,HUMAN_OBSERVATION
25.02269,121.98571,TW,Perciformes,Apogonidae,Ostorhinchus fleurieu,2024,HUMAN_OBSERVATION
24.55963,120.85948,TW,Perciformes,Cichlidae,Oreochromis niloticus,2012,OCCURRENCE
24.88,122.03,TW,Squaliformes,Centrophoridae,Deania calcea,,HUMAN_OBSERVATION
23.21881,121.27029,TW,Perciformes,Gobiidae,Rhinogobius candidianus,2022,HUMAN_OBSERVATION
21.81,113,CN,Perciformes,Leiognathidae,Nuchequula nuchalis,,MATERIAL_SAMPLE
22.52826,114.224194,HK,Perciformes,Gobiidae,Rhinogobius similis,2010,HUMAN_OBSERVATION
23.12,120.46,TW,Cypriniformes,Balitoridae,Sinogastromyzon puliensis,2005,OCCURRENCE
23.513552,120.36047,TW,Siluriformes,Loricariidae,,2023,HUMAN_OBSERVATION
24.671472,98.011861,CN,Cypriniformes,Cyprinidae,Garra bispinosa,2003,PRESERVED_SPECIMEN
24.729633,121.688538,TW,Cypriniformes,Cyprinidae,Barbodes semifasciolatus,2025,HUMAN_OBSERVATION
24.25,120.52,TW,Perciformes,Sciaenidae,Otolithes ruber,2005,OCCURRENCE
23.206319,121.288639,TW,Perciformes,Gobiidae,Rhinogobius candidianus,2022,HUMAN_OBSERVATION
24.729452,121.713386,TW,Cypriniformes,Cyprinidae,Barbodes semifasciolatus,2023,HUMAN_OBSERVATION
24.46819,120.95239,TW,Perciformes,Gobiidae,Rhinogobius candidianus,2022,HUMAN_OBSERVATION
24.716147,121.704138,TW,Cypriniformes,Cyprinidae,Opsariichthys pachycephalus,2021,HUMAN_OBSERVATION
23.99,121.02,TW,Cypriniformes,Balitoridae,Sinogastromyzon puliensis,2001,OCCURRENCE
22.99078,120.55069,TW,Cypriniformes,Cyprinidae,Microphysogobio alticorpus,2005,OCCURRENCE
22.350218,120.364859,TW,Perciformes,Chaetodontidae,,2011,HUMAN_OBSERVATION
24.1784,120.73781,TW,Cypriniformes,Cyprinidae,Acrossocheilus paradoxus,2022,HUMAN_OBSERVATION
23.554725,120.164169,TW,Perciformes,Cichlidae,,2015,HUMAN_OBSERVATION
22.522037,113.982661,CN,Perciformes,Gobiidae,Periophthalmus modestus,2025,HUMAN_OBSERVATION
24.729299,121.688564,TW,Cypriniformes,Cyprinidae,Carassius auratus,2025,HUMAN_OBSERVATION
23.93656,120.68072,TW,Perciformes,Cichlidae,Oreochromis niloticus,2021,HUMAN_OBSERVATION
21.954529,120.754975,TW,Perciformes,Lutjanidae,Lutjanus fulvus,2010,PRESERVED_SPECIMEN
23.59955,120.65645,TW,Cypriniformes,Cyprinidae,Opsariichthys pachycephalus,2006,OCCURRENCE
23.79,120.91,TW,Cypriniformes,Balitoridae,Hemimyzon formosanus,2006,OCCURRENCE
24.81461,121.11136,TW,Perciformes,Gobiidae,Rhinogobius candidianus,2023,HUMAN_OBSERVATION
19.49,107.65,CN,Perciformes,Menidae,Mene maculata,,PRESERVED_SPECIMEN
24.68408,121.72298,TW,Cypriniformes,Cyprinidae,Opsariichthys pachycephalus,2018,OCCURRENCE
24.03,120.83,TW,Cypriniformes,Balitoridae,Sinogastromyzon puliensis,2004,OCCURRENCE
23.15649,121.23745,TW,Cypriniformes,Cyprinidae,Opsariichthys pachycephalus,2022,HUMAN_OBSERVATION
24.809738,113.164187,CN,Perciformes,Cichlidae,Coptodon zillii,2023,HUMAN_OBSERVATION
34.05,103.21,CN,Cypriniformes,Nemacheilidae,Triplophysa stolickai,2007,PRESERVED_SPECIMEN
23.435333,120.489833,TW,Cypriniformes,Cyprinidae,Opsariichthys pachycephalus,2023,HUMAN_OBSERVATION
48.604176,124.13004,CN,Cypriniformes,Nemacheilidae,,,MATERIAL_SAMPLE
44.92925,120.49735,CN,Cypriniformes,Cyprinidae,Gobio soldatovi,,MATERIAL_SAMPLE
23.1346,120.0717,TW,Perciformes,Haemulidae,Pomadasys argenteus,2021,MATERIAL_SAMPLE
23.51889,120.59325,TW,Cypriniformes,Cyprinidae,Microphysogobio alticorpus,2023,HUMAN_OBSERVATION
23.72028,121.42569,TW,Perciformes,Gobiidae,Rhinogobius gigas,2022,HUMAN_OBSERVATION
24.79,121.97,TW,Perciformes,Trichiuridae,Trichiurus lepturus,,HUMAN_OBSERVATION
24.68381,120.9169,TW,Cypriniformes,Cyprinidae,Opsariichthys pachycephalus,2015,OCCURRENCE
25.056353,110.337478,CN,Cypriniformes,Cyprinidae,Abbottina rivularis,2025,HUMAN_OBSERVATION
38.073254,104.69114,CN,Pleuronectiformes,Pleuronectidae,Kareius bicoloratus,,MATERIAL_SAMPLE
25.053611,121.930278,TW,Perciformes,Tripterygiidae,Enneapterygius etheostomus,2013,PRESERVED_SPECIMEN
24.73992,121.80383,TW,Perciformes,Cichlidae,Oreochromis niloticus,2022,HUMAN_OBSERVATION
38.073254,104.69114,CN,Cypriniformes,Cobitidae,Misgurnus mohoity,,MATERIAL_SAMPLE
24.572067,120.174217,TW,Perciformes,Coryphaenidae,Coryphaena hippurus,2018,PRESERVED_SPECIMEN
22.381458,114.221145,HK,Cypriniformes,Balitoridae,Pseudogastromyzon myersi,2020,HUMAN_OBSERVATION
40.81083,96.80609,CN,Cypriniformes,Cyprinidae,Notropis dorsalis,2009,PRESERVED_SPECIMEN
20.661076,116.770942,TW,Perciformes,Blenniidae,,2011,PRESERVED_SPECIMEN
23.495712,120.516773,TW,Cypriniformes,Cyprinidae,Opsariichthys pachycephalus,2023,HUMAN_OBSERVATION
23.11,120.7,TW,Cypriniformes,Cyprinidae,Opsariichthys kaopingensis,2023,HUMAN_OBSERVATION
23.114808,120.098873,TW,Perciformes,Sillaginidae,Sillago sihama,2019,HUMAN_OBSERVATION
23.92008,121.57815,TW,Perciformes,Gobiidae,Rhinogobius gigas,2022,HUMAN_OBSERVATION
22.828596,121.193899,TW,Perciformes,Chaetodontidae,,2018,HUMAN_OBSERVATION
23.45138,120.73948,TW,Cypriniformes,Cyprinidae,Acrossocheilus paradoxus,2004,OCCURRENCE
23.02,121.2,TW,Anguilliformes,Muraenidae,Gymnothorax meleagris,2007,PRESERVED_SPECIMEN
22.16229,120.82463,TW,Cypriniformes,Cyprinidae,Candidia barbata,2012,OCCURRENCE
24.58,121.86,TW,Perciformes,Serranidae,,2005,OCCURRENCE
24.796,121.036,TW,Perciformes,Gobiidae,Rhinogobius candidianus,2021,HUMAN_OBSERVATION
22.433597,114.262391,HK,Perciformes,Gobiidae,Periophthalmus modestus,2023,HUMAN_OBSERVATION
23.55,119.56,TW,Perciformes,Scombridae,Auxis rochei,2006,MATERIAL_SAMPLE
23.114808,120.098873,TW,Mugiliformes,Mugilidae,Planiliza macrolepis,2017,HUMAN_OBSERVATION
23.114808,120.098873,TW,Perciformes,Gobiidae,Taenioides cirratus,2021,HUMAN_OBSERVATION
24.11051,120.69869,TW,Perciformes,Cichlidae,Oreochromis niloticus,2022,HUMAN_OBSERVATION
23.484355,120.553891,TW,Cypriniformes,Cyprinidae,Opsariichthys pachycephalus,2023,HUMAN_OBSERVATION
23.43075,120.43214,TW,Perciformes,Cichlidae,Oreochromis niloticus,2022,HUMAN_OBSERVATION
23.412333,120.436833,TW,Cyprinodontiformes,Poeciliidae,Gambusia affinis,2023,HUMAN_OBSERVATION
20.62,108.51,CN,Clupeiformes,Engraulidae,Encrasicholina heteroloba,,MATERIAL_SAMPLE
31.085329,120.960484,CN,Cypriniformes,Gobionidae,,2025,HUMAN_OBSERVATION
20.25,109.25,CN,Tetraodontiformes,Tetraodontidae,Lagocephalus spadiceus,,MATERIAL_SAMPLE
24.417,118.133,CN,Perciformes,Carangidae,Megalaspis cordyla,,PRESERVED_SPECIMEN
18.235,109.347,CN,Perciformes,Rachycentridae,,,OCCURRENCE
31.090819,121.579638,CN,Cyprinodontiformes,Poeciliidae,Gambusia affinis,2026,HUMAN_OBSERVATION
24.91699,121.53461,TW,Cypriniformes,Cyprinidae,Carassius auratus,2005,OCCURRENCE
22.97778,121.16475,TW,Cypriniformes,Cyprinidae,Opsariichthys pachycephalus,2015,OCCURRENCE
39.593613,97.66333,CN,Cypriniformes,Cyprinidae,Pimephales promelas,1996,PRESERVED_SPECIMEN
23.50676,120.47359,TW,Perciformes,Cichlidae,Oreochromis niloticus,2023,HUMAN_OBSERVATION
23.58,121.36,TW,Cypriniformes,Cyprinidae,Onychostoma alticorpus,2022,HUMAN_OBSERVATION
24.4121,114.84728,CN,Cypriniformes,Cyprinidae,Sarcocheilichthys nigripinnis,2023,PRESERVED_SPECIMEN
24.74775,121.71679,TW,Cypriniformes,Cobitidae,Cobitis sinensis,2003,OCCURRENCE
34.7636,103.2144,CN,Stomiiformes,Gonostomatidae,,,MATERIAL_SAMPLE
23.93288,121.53122,TW,Perciformes,Gobiidae,Rhinogobius gigas,2022,HUMAN_OBSERVATION
24.718699,121.706249,TW,Cypriniformes,Cyprinidae,Acrossocheilus paradoxus,2022,HUMAN_OBSERVATION
27.23,111.47,CN,Cypriniformes,Cobitidae,Misgurnus anguillicaudatus,2017,MATERIAL_SAMPLE
22.231173,113.891144,HK,Beloniformes,Adrianichthyidae,Oryzias curvinotus,2026,HUMAN_OBSERVATION
23.013555,121.165733,TW,Cypriniformes,Cobitidae,Misgurnus anguillicaudatus,1968,PRESERVED_SPECIMEN
29.99,122.21,CN,Perciformes,Eleotridae,Bostrychus sinensis,2019,PRESERVED_SPECIMEN
25.134217,121.743509,TW,Perciformes,Coryphaenidae,Coryphaena hippurus,2018,PRESERVED_SPECIMEN
22.8003,120.23202,TW,Perciformes,Leiognathidae,Leiognathus equulus,2022,HUMAN_OBSERVATION
24.02695,120.83351,TW,Cypriniformes,Cyprinidae,Acrossocheilus paradoxus,2004,OCCURRENCE
23.12,121.35,TW,Perciformes,Gobiidae,Rhinogobius gigas,2005,OBSERVATION
23.43522,120.48992,TW,Cypriniformes,Cyprinidae,Opsariichthys pachycephalus,2023,HUMAN_OBSERVATION
25.05029,121.016204,TW,Perciformes,Sillaginidae,,2019,PRESERVED_SPECIMEN
24.725405,121.691078,TW,Cypriniformes,Cyprinidae,Acrossocheilus paradoxus,2023,HUMAN_OBSERVATION
25.3889,121.6647,TW,Mugiliformes,Mugilidae,Planiliza affinis,2021,PRESERVED_SPECIMEN
22.187632,113.57855,MO,Perciformes,Gobiidae,,1931,PRESERVED_SPECIMEN
23.88,120.73,TW,Cypriniformes,Balitoridae,Sinogastromyzon puliensis,2020,HUMAN_OBSERVATION
22.397603,114.106628,HK,Cypriniformes,Cyprinidae,Parazacco spilurus,2016,HUMAN_OBSERVATION
24.234609,120.742262,TW,Cypriniformes,Cyprinidae,Acrossocheilus paradoxus,2019,HUMAN_OBSERVATION
23.169801,121.244863,TW,Cypriniformes,Cyprinidae,Opsariichthys pachycephalus,2022,HUMAN_OBSERVATION
23.2977,121.25955,TW,Cypriniformes,Cyprinidae,Aphyocypris kikuchii,2018,HUMAN_OBSERVATION
23.41497,120.5065,TW,Perciformes,Gobiidae,Rhinogobius candidianus,2022,HUMAN_OBSERVATION
23.14,120.47,TW,Cypriniformes,Cyprinidae,Microphysogobio alticorpus,2015,OCCURRENCE
23.52317,120.54563,TW,Cypriniformes,Cyprinidae,Candidia barbata,2023,HUMAN_OBSERVATION
22.324739,120.368247,TW,Anguilliformes,Muraenidae,,2009,HUMAN_OBSERVATION
24.19678,120.50412,TW,Perciformes,Haemulidae,Pomadasys kaakan,2004,OCCURRENCE
24.23558,120.73916,TW,Cypriniformes,Cyprinidae,Opsariichthys pachycephalus,2022,HUMAN_OBSERVATION
22.216987,114.175598,HK,Perciformes,Serranidae,,1930,PRESERVED_SPECIMEN
25.091045,121.686964,TW,Cyprinodontiformes,Poeciliidae,Gambusia affinis,2024,HUMAN_OBSERVATION
23.45,120.55,TW,Cypriniformes,Cyprinidae,Onychostoma alticorpus,2023,HUMAN_OBSERVATION
23.83417,120.800117,TW,Cypriniformes,Cyprinidae,Candidia barbata,2025,HUMAN_OBSERVATION
24.27947,120.75738,TW,Cypriniformes,Cyprinidae,Opsariichthys pachycephalus,2023,HUMAN_OBSERVATION
24.726492,121.710328,TW,Cypriniformes,Cyprinidae,Cyprinus rubrofuscus,2025,HUMAN_OBSERVATION
23.5584,120.7251,TW,Cypriniformes,Cyprinidae,Onychostoma barbatulum,2017,OCCURRENCE
24.17797,120.73827,TW,Cypriniformes,Cyprinidae,Candidia barbata,2022,HUMAN_OBSERVATION
36.050327,120.281307,CN,Perciformes,Pholidae,,,PRESERVED_SPECIMEN
23.32295,121.33196,TW,Cypriniformes,Cyprinidae,Acrossocheilus paradoxus,2022,HUMAN_OBSERVATION
23.2546,119.512414,TW,Perciformes,Chaetodontidae,,2015,HUMAN_OBSERVATION
24.55,121.8,TW,Perciformes,Leiognathidae,Eubleekeria splendens,1996,PRESERVED_SPECIMEN
22.327046,114.353512,HK,Tetraodontiformes,Ostraciidae,Ostracion immaculatus,2024,HUMAN_OBSERVATION
23.12711,121.1715,TW,Cypriniformes,Cyprinidae,Opsariichthys pachycephalus,2022,HUMAN_OBSERVATION
25.016402,121.557162,TW,Cypriniformes,Cyprinidae,Candidia barbata,2023,HUMAN_OBSERVATION
23.43309,121.35458,TW,Cypriniformes,Cyprinidae,Acrossocheilus paradoxus,2005,OCCURRENCE
22.373832,114.196153,HK,Perciformes,Sciaenidae,Otolithes ruber,2021,HUMAN_OBSERVATION
22.34663,120.389588,TW,Tetraodontiformes,Tetraodontidae,Arothron hispidus,2012,HUMAN_OBSERVATION
24.78083,121.503416,TW,Perciformes,Gobiidae,Rhinogobius candidianus,2024,HUMAN_OBSERVATION
24.743796,121.691962,TW,Cypriniformes,Cyprinidae,Opsariichthys evolans,2020,HUMAN_OBSERVATION
24.6172,121.5428,TW,Cypriniformes,Cyprinidae,Acrossocheilus paradoxus,2003,OCCURRENCE
22.432679,114.266776,HK,Cyprinodontiformes,Poeciliidae,Xiphophorus hellerii,2016,HUMAN_OBSERVATION
38.073254,104.69114,CN,Perciformes,Acanthuridae,,,MATERIAL_SAMPLE
22.46675,120.43911,TW,Scorpaeniformes,Parabembridae,Parabembras curtus,2009,PRESERVED_SPECIMEN
23.143842,120.076266,TW,Elopiformes,Megalopidae,Megalops cyprinoides,2016,HUMAN_OBSERVATION
20.31,109.86,CN,Perciformes,Scatophagidae,Scatophagus argus,2006,PRESERVED_SPECIMEN
24.16927,120.70553,TW,Perciformes,Cichlidae,Oreochromis niloticus,2021,HUMAN_OBSERVATION
24.94342,121.045,TW,Perciformes,Gobiidae,Rhinogobius giurinus,2010,HUMAN_OBSERVATION
38.875839,113.505442,CN,Cypriniformes,Cyprinidae,Opsariichthys bidens,,PRESERVED_SPECIMEN
23.95766,121.50215,TW,Perciformes,Gobiidae,Sicyopterus japonicus,2022,HUMAN_OBSERVATION
25.0787,121.69337,TW,Perciformes,Cichlidae,Vieja melanura,2022,HUMAN_OBSERVATION
24.61,121.81,TW,Cypriniformes,Cyprinidae,Opsariichthys evolans,2019,HUMAN_OBSERVATION
21.955583,120.711889,TW,Perciformes,Serranidae,,2017,HUMAN_OBSERVATION
24.9431,121.536,TW,Cypriniformes,Cyprinidae,Acrossocheilus paradoxus,2016,OCCURRENCE
21.23,109.38,CN,Perciformes,Serranidae,Epinephelus coioides,,PRESERVED_SPECIMEN
22.40722,107.35055,CN,Perciformes,Percichthyidae,Siniperca knerii,2003,PRESERVED_SPECIMEN
23.92396,121.59719,TW,Perciformes,Gobiidae,Rhinogobius gigas,2018,OCCURRENCE
24.17734,120.62732,TW,Perciformes,Gobiidae,Rhinogobius candidianus,2023,HUMAN_OBSERVATION
24.54,120.63,TW,Clupeiformes,Pristigasteridae,Ilisha melastoma,2006,OCCURRENCE
23.48461,120.55368,TW,Cypriniformes,Cyprinidae,Opsariichthys pachycephalus,2015,OCCURRENCE
28.93166,111.38527,CN,Cypriniformes,Cyprinidae,,2002,PRESERVED_SPECIMEN
23.118403,120.088635,TW,Perciformes,Scatophagidae,Scatophagus argus,2019,HUMAN_OBSERVATION
23.94408,120.78269,TW,Cypriniformes,Cyprinidae,Microphysogobio alticorpus,2005,OCCURRENCE
23.25617,120.20169,TW,Perciformes,Ambassidae,Ambassis buruensis,2022,HUMAN_OBSERVATION
25.054803,121.669862,TW,Perciformes,Gobiidae,Rhinogobius rubromaculatus,2022,HUMAN_OBSERVATION
29.98756,122.386851,CN,Perciformes,Scatophagidae,Scatophagus argus,2025,HUMAN_OBSERVATION
24.718008,121.705558,TW,Cypriniformes,Cobitidae,Cobitis sinensis,2018,HUMAN_OBSERVATION
23.05,121.22,TW,Perciformes,Sparidae,Acanthopagrus schlegelii,2009,PRESERVED_SPECIMEN
23.72989,116.84457,CN,Cypriniformes,Cyprinidae,Cyprinus rubrofuscus,2024,HUMAN_OBSERVATION
23.554725,120.164169,TW,Perciformes,Cichlidae,,2015,HUMAN_OBSERVATION
25.02996,121.32008,TW,Perciformes,Gobiidae,Rhinogobius rubromaculatus,2023,HUMAN_OBSERVATION
23.95,120.95,TW,Cypriniformes,Balitoridae,Sinogastromyzon puliensis,2020,HUMAN_OBSERVATION
23.08,120.51,TW,Perciformes,Gobiidae,Rhinogobius similis,2015,OCCURRENCE
24.729538,121.688169,TW,Cyprinodontiformes,Poeciliidae,Gambusia affinis,2022,HUMAN_OBSERVATION
40.21064,116.5502,CN,Cypriniformes,Cyprinidae,Sarcocheilichthys nigripinnis,2025,HUMAN_OBSERVATION
23.206319,121.288639,TW,Cypriniformes,Cyprinidae,Opsariichthys pachycephalus,2022,HUMAN_OBSERVATION
22.56,114.56,CN,Clupeiformes,Engraulidae,Encrasicholina heteroloba,2021,MATERIAL_SAMPLE
22.76986,121.17705,TW,Cypriniformes,Cyprinidae,Opsariichthys pachycephalus,2003,OCCURRENCE
25.15146,121.44381,TW,Perciformes,Lutjanidae,Lutjanus russellii,2015,OCCURRENCE
24.46999,97.67333,CN,Cypriniformes,Cyprinidae,Devario kakhienensis,1995,PRESERVED_SPECIMEN
22.381458,114.221145,HK,Cypriniformes,Balitoridae,Pseudogastromyzon myersi,2020,HUMAN_OBSERVATION
24.19821,120.4977,TW,Perciformes,Cichlidae,Coptodon zillii,2023,HUMAN_OBSERVATION
24.729725,121.688513,TW,Cypriniformes,Cyprinidae,Barbodes semifasciolatus,2025,HUMAN_OBSERVATION
24.294611,120.521611,TW,Scorpaeniformes,Platycephalidae,Grammoplites scaber,2008,PRESERVED_SPECIMEN
23.01382,120.18275,TW,Siluriformes,Ariidae,Arius maculatus,2022,HUMAN_OBSERVATION
24.71,121.83,TW,Elopiformes,Megalopidae,Megalops cyprinoides,2005,OCCURRENCE
25.02996,121.32008,TW,Perciformes,Gobiidae,Rhinogobius rubromaculatus,2023,HUMAN_OBSERVATION
22.137494,113.551824,MO,Perciformes,Cichlidae,Oreochromis niloticus,2026,HUMAN_OBSERVATION
24.009553,120.69527,TW,Cypriniformes,Cyprinidae,Candidia barbata,2021,HUMAN_OBSERVATION
24.18651,120.51221,TW,Perciformes,Cichlidae,Oreochromis niloticus,2023,HUMAN_OBSERVATION
23.88,120.76,TW,Cypriniformes,Balitoridae,Sinogastromyzon puliensis,2005,OCCURRENCE
23.114808,120.098873,TW,Perciformes,Ambassidae,Ambassis interrupta,2020,HUMAN_OBSERVATION
23.554725,120.164169,TW,Perciformes,Cichlidae,,2013,HUMAN_OBSERVATION
25.0082,121.689,TW,Cypriniformes,Cyprinidae,Onychostoma barbatulum,2016,OCCURRENCE
24.19347,120.5061,TW,Perciformes,Cichlidae,Oreochromis niloticus,2023,HUMAN_OBSERVATION
32.762589,120.728805,CN,Perciformes,Osphronemidae,Macropodus ocellatus,2025,HUMAN_OBSERVATION
25.05029,121.016204,TW,Perciformes,Gobiidae,Taenioides cirratus,2017,PRESERVED_SPECIMEN
22.480437,114.156095,HK,Perciformes,Channidae,Channa asiatica,2019,HUMAN_OBSERVATION
24.936642,121.713058,TW,Cypriniformes,Cyprinidae,Cyprinus rubrofuscus,2024,HUMAN_OBSERVATION
23.79,120.95,TW,Cypriniformes,Cyprinidae,Gobiobotia cheni,2015,OCCURRENCE
24.89,121.28,TW,Cypriniformes,Balitoridae,Hemimyzon formosanus,2022,HUMAN_OBSERVATION
22.12758,120.77844,TW,Perciformes,Gobiidae,Rhinogobius maculafasciatus,2023,HUMAN_OBSERVATION
23.41508,120.5065,TW,Cypriniformes,Cyprinidae,Opsariichthys pachycephalus,2023,HUMAN_OBSERVATION
23.391817,121.304194,TW,Cypriniformes,Cyprinidae,Acrossocheilus paradoxus,2021,HUMAN_OBSERVATION
25.121973,121.459007,TW,Cypriniformes,Cyprinidae,,,PRESERVED_SPECIMEN
22.62631,120.59725,TW,Cypriniformes,Cobitidae,Cobitis sinensis,2023,HUMAN_OBSERVATION
25.0333,121.31769,TW,Perciformes,Gobiidae,Rhinogobius rubromaculatus,2023,HUMAN_OBSERVATION
29.97757,122.344484,CN,Perciformes,Scatophagidae,Scatophagus argus,2025,HUMAN_OBSERVATION
23.06859,120.36004,TW,Cypriniformes,Cyprinidae,Opsariichthys pachycephalus,2022,HUMAN_OBSERVATION
24.582,121.867,TW,Perciformes,Serranidae,,2005,MATERIAL_SAMPLE
38.02776,95.14281,CN,Cypriniformes,Cyprinidae,Cyprinella lutrensis,2007,PRESERVED_SPECIMEN
23.70306,120.56738,TW,Cyprinodontiformes,Poeciliidae,Poecilia reticulata,2023,HUMAN_OBSERVATION
24.67,122.18,TW,Stomiiformes,Sternoptychidae,,,OCCURRENCE
23.127215,113.224256,CN,Cypriniformes,Cyprinidae,Carassius auratus,2026,HUMAN_OBSERVATION
24.717983,121.705588,TW,Cypriniformes,Cobitidae,Cobitis sinensis,2018,HUMAN_OBSERVATION
25.166542,121.444222,TW,Perciformes,Lutjanidae,Lutjanus argentimaculatus,2021,HUMAN_OBSERVATION
22.243376,113.975349,HK,Tetraodontiformes,Tetraodontidae,Chelonodon patoca,2020,HUMAN_OBSERVATION
24.71546,121.14102,TW,Cypriniformes,Cyprinidae,Onychostoma barbatulum,2023,HUMAN_OBSERVATION
22.62592,120.59706,TW,Cypriniformes,Cyprinidae,Acrossocheilus paradoxus,2023,HUMAN_OBSERVATION
24.16927,120.70553,TW,Perciformes,Cichlidae,Oreochromis niloticus,2021,HUMAN_OBSERVATION
22.374232,114.265293,HK,Cyprinodontiformes,Poeciliidae,Xiphophorus hellerii,2022,HUMAN_OBSERVATION
22.337292,114.17295,HK,Cyprinodontiformes,Poeciliidae,Xiphophorus hellerii,2025,HUMAN_OBSERVATION
31.885992,118.882007,CN,Perciformes,Gobiidae,Rhinogobius similis,2024,HUMAN_OBSERVATION
23.338182,120.407176,TW,Cypriniformes,Cyprinidae,Barbonymus gonionotus,2023,HUMAN_OBSERVATION
29.97,113.93,CN,Cypriniformes,Cobitidae,Misgurnus anguillicaudatus,2017,MATERIAL_SAMPLE
23.451,120.551,TW,Cypriniformes,Cyprinidae,Opsariichthys pachycephalus,2023,HUMAN_OBSERVATION
23.661319,121.559248,TW,Perciformes,Eleotridae,Belobranchus segura,2026,HUMAN_OBSERVATION
37.574138,122.046612,CN,Perciformes,Lateolabracidae,Lateolabrax japonicus,2024,HUMAN_OBSERVATION
22.368465,120.389905,TW,Stomiiformes,Gonostomatidae,,2014,PRESERVED_SPECIMEN
24.42765,120.86455,TW,Cypriniformes,Cyprinidae,Opsariichthys evolans,2023,HUMAN_OBSERVATION
21.08,108.92,CN,Perciformes,Trichiuridae,Lepturacanthus savala,2014,PRESERVED_SPECIMEN
28.81611,111.48222,CN,Cypriniformes,Cyprinidae,,2002,PRESERVED_SPECIMEN
22.081432,121.52256,TW,Anguilliformes,Muraenidae,Gymnothorax pictus,2020,HUMAN_OBSERVATION
25.485529,122.103535,TW,Anguilliformes,Muraenidae,Gymnothorax pictus,2024,HUMAN_OBSERVATION
24.72167,121.67803,TW,Cypriniformes,Cyprinidae,Systomus rubripinnis,2024,HUMAN_OBSERVATION
23.77866,120.70948,TW,Perciformes,Gobiidae,Rhinogobius candidianus,2006,OCCURRENCE
23.91,120.81,TW,Cypriniformes,Balitoridae,Formosania lacustre,2005,OCCURRENCE
23.5931,120.8905,TW,Siluriformes,Bagridae,Pseudobagrus brevianalis,2015,OCCURRENCE
41.166668,119.400002,CN,Acipenseriformes,Polyodontidae,Protopsephurus liui,,MATERIAL_CITATION
23.996837,120.899852,TW,Cypriniformes,Balitoridae,Formosania lacustre,2026,HUMAN_OBSERVATION
22.97389,121.16508,TW,Perciformes,Gobiidae,Rhinogobius candidianus,2022,HUMAN_OBSERVATION
25.05,121.9,TW,Perciformes,Kuhliidae,Kuhlia marginata,2006,OCCURRENCE
23.1346,120.0717,TW,Perciformes,Sillaginidae,Sillago sihama,2022,MATERIAL_SAMPLE
24.18651,120.51221,TW,Perciformes,Gobiidae,Pseudogobius javanicus,2023,HUMAN_OBSERVATION
22.79089,121.1415,TW,Cypriniformes,Cyprinidae,Opsariichthys pachycephalus,2022,HUMAN_OBSERVATION
21.03,109.71,CN,Perciformes,Scatophagidae,Scatophagus argus,,MATERIAL_SAMPLE
23.169801,121.244863,TW,Perciformes,Cichlidae,Coptodon zillii,2022,HUMAN_OBSERVATION
22.392406,114.104649,HK,Perciformes,Gobiidae,Rhinogobius duospilus,2023,HUMAN_OBSERVATION
23.9816,120.917,TW,Perciformes,Cichlidae,Coptodon zillii,2023,HUMAN_OBSERVATION
23.71851,121.39592,TW,Perciformes,Gobiidae,Rhinogobius gigas,2019,OCCURRENCE
30.57379,114.407013,CN,Cypriniformes,Cyprinidae,Pseudorasbora parva,2024,HUMAN_OBSERVATION
25.086434,121.176399,TW,Perciformes,Gobiidae,Boleophthalmus pectinirostris,2026,HUMAN_OBSERVATION
23.93,120.68,TW,Cypriniformes,Balitoridae,Sinogastromyzon puliensis,2020,HUMAN_OBSERVATION
19.683333,110.816667,CN,Perciformes,Blenniidae,Istiblennius dussumieri,1990,PRESERVED_SPECIMEN
23.466937,120.192677,TW,Perciformes,Kuhliidae,Kuhlia marginata,,PRESERVED_SPECIMEN
34.645718,112.429382,CN,Cypriniformes,Cyprinidae,Abbottina rivularis,2018,HUMAN_OBSERVATION
25.712861,98.8745,CN,Cypriniformes,Nemacheilidae,Schistura poculi,2000,PRESERVED_SPECIMEN
23.73182,121.48957,TW,Perciformes,Gobiidae,Rhinogobius gigas,2018,OCCURRENCE
23.114808,120.098873,TW,Perciformes,Carangidae,Trachinotus blochii,2018,HUMAN_OBSERVATION
23.67527,121.45677,TW,Cypriniformes,Cyprinidae,Carassius auratus,2003,OCCURRENCE
22.60281,120.5822,TW,Cypriniformes,Cobitidae,Cobitis sinensis,2005,OCCURRENCE
23.12,120.46,TW,Cypriniformes,Balitoridae,Sinogastromyzon nantaiensis,2022,HUMAN_OBSERVATION
23.53672,120.5316,TW,Cypriniformes,Cyprinidae,Opsariichthys pachycephalus,2022,HUMAN_OBSERVATION
23.206319,121.288639,TW,Cypriniformes,Cyprinidae,Acrossocheilus paradoxus,2022,HUMAN_OBSERVATION
23.08,120.51,TW,Cypriniformes,Balitoridae,Sinogastromyzon nantaiensis,2014,OCCURRENCE
23.816607,120.732324,TW,Cypriniformes,Cyprinidae,Candidia barbata,2025,HUMAN_OBSERVATION
29.983333,103.166667,CN,Siluriformes,Sisoridae,Euchiloglanis kishinouyei,,PRESERVED_SPECIMEN
24.911911,118.604831,CN,Perciformes,Hapalogenyidae,Hapalogenys nigripinnis,2024,HUMAN_OBSERVATION
40.016648,116.396224,CN,Perciformes,Channidae,Channa argus,2025,HUMAN_OBSERVATION
22.216619,113.833548,HK,Cypriniformes,Cyprinidae,Parazacco spilurus,2023,HUMAN_OBSERVATION
22.60303,120.58253,TW,Perciformes,Cichlidae,Amphilophus citrinellus,2022,HUMAN_OBSERVATION
23.379738,120.158653,TW,Perciformes,Cichlidae,Oreochromis mossambicus,2026,HUMAN_OBSERVATION
24.41137,120.86662,TW,Cypriniformes,Cyprinidae,Paratanakia himantegus,2023,HUMAN_OBSERVATION
22.90637,121.151,TW,Cypriniformes,Cyprinidae,Acrossocheilus paradoxus,2015,OCCURRENCE
21.91717,114.2578,CN,Perciformes,Eleotridae,Bostrychus sinensis,1861,PRESERVED_SPECIMEN
22.81256,121.12481,TW,Cypriniformes,Cyprinidae,Opsariichthys pachycephalus,2015,OCCURRENCE
23.41497,120.5065,TW,Cypriniformes,Cyprinidae,Opsariichthys pachycephalus,2022,HUMAN_OBSERVATION
24.11051,120.6987,TW,Perciformes,Cichlidae,Oreochromis niloticus,2022,HUMAN_OBSERVATION
24.61,121.81,TW,Perciformes,Eleotridae,Bunaka gyrinoides,2019,HUMAN_OBSERVATION
24.500706,121.850568,TW,Perciformes,Scaridae,Scarus ghobban,2026,HUMAN_OBSERVATION
23.45114,120.55092,TW,Cypriniformes,Cyprinidae,Opsariichthys pachycephalus,2023,HUMAN_OBSERVATION
21.43,109.13,CN,Perciformes,Carangidae,Scomberoides tol,,MATERIAL_SAMPLE
22.837538,121.189131,TW,Myctophiformes,Myctophidae,,2020,PRESERVED_SPECIMEN
24.70961,121.10026,TW,Cypriniformes,Cyprinidae,Microphysogobio brevirostris,2004,OCCURRENCE
23.556841,121.595736,TW,Perciformes,Gobiidae,Rhinogobius delicatus,2022,HUMAN_OBSERVATION
25.268552,121.58501,TW,Perciformes,Gobiidae,Rhinogobius candidianus,2022,HUMAN_OBSERVATION
40.14,97.69,CN,Cypriniformes,Cyprinidae,Notropis stramineus,2007,PRESERVED_SPECIMEN
25.11707,121.45946,TW,Perciformes,Leiognathidae,Nuchequula nuchalis,2005,OCCURRENCE
24.98388,109.31055,CN,Siluriformes,Bagridae,Hemibagrus guttatus,2003,PRESERVED_SPECIMEN
25.0333,121.31769,TW,Cypriniformes,Cyprinidae,Candidia barbata,2023,HUMAN_OBSERVATION
24.78,112.371,CN,Cypriniformes,Cyprinidae,Sinibrama melrosei,2019,MATERIAL_SAMPLE
24.813,121.011,TW,Cypriniformes,Cyprinidae,Opsariichthys evolans,2021,HUMAN_OBSERVATION
24.15905,120.74417,TW,Cypriniformes,Cyprinidae,Opsariichthys pachycephalus,2021,HUMAN_OBSERVATION
39.9572,115.4244,CN,Stomiiformes,Gonostomatidae,,,MATERIAL_SAMPLE
22.90659,121.15225,TW,Cypriniformes,Cyprinidae,Onychostoma alticorpus,2015,OCCURRENCE
22.38792,114.276183,HK,Perciformes,Terapontidae,Terapon jarbua,2020,HUMAN_OBSERVATION
24.23558,120.73916,TW,Cypriniformes,Cyprinidae,Opsariichthys pachycephalus,2022,HUMAN_OBSERVATION
49.50316,119.67716,CN,Cypriniformes,Cyprinidae,Rhodeus amarus,,MATERIAL_SAMPLE
24.8774,121.38,TW,Perciformes,Gobiidae,Rhinogobius candidianus,2016,OCCURRENCE
25.07879,121.69412,TW,Perciformes,Cichlidae,Coptodon zillii,2022,HUMAN_OBSERVATION
22.65,120.4,TW,Clupeiformes,Engraulidae,Thryssa dussumieri,,PRESERVED_SPECIMEN
35.017554,116.757,CN,Synbranchiformes,Synbranchidae,Monopterus albus,2022,HUMAN_OBSERVATION
26.53,98.89,CN,Cypriniformes,Nemacheilidae,Triplophysa nujiangensa,2013,MATERIAL_SAMPLE
22.51,120.68,TW,Perciformes,Blenniidae,Istiblennius edentulus,1990,PRESERVED_SPECIMEN
23.07,120.49,TW,Cypriniformes,Cyprinidae,Microphysogobio alticorpus,2014,OCCURRENCE
23.41239,120.547,TW,Perciformes,Gobiidae,Rhinogobius candidianus,2023,HUMAN_OBSERVATION
24.46684,120.88575,TW,Cypriniformes,Cyprinidae,Candidia barbata,2023,HUMAN_OBSERVATION
24.48,118.1,CN,Clupeiformes,Engraulidae,Stolephorus commersonnii,2017,PRESERVED_SPECIMEN
30.9,101.8,CN,Cypriniformes,Nemacheilidae,Triplophysa brevicauda,2014,PRESERVED_SPECIMEN
24.59,121.05,TW,Cypriniformes,Balitoridae,Hemimyzon formosanus,2023,HUMAN_OBSERVATION
23.15578,120.33746,TW,Cypriniformes,Cyprinidae,Chanodichthys erythropterus,2022,HUMAN_OBSERVATION
25.114051,121.919614,TW,Perciformes,Chaetodontidae,Heniochus acuminatus,2024,HUMAN_OBSERVATION
25.05,121.9,TW,Perciformes,Kuhliidae,Kuhlia marginata,2006,OCCURRENCE
23.342925,116.707924,CN,Perciformes,Osphronemidae,Macropodus opercularis,,PRESERVED_SPECIMEN
40.011589,116.201084,CN,Beloniformes,Adrianichthyidae,Oryzias sinensis,2025,HUMAN_OBSERVATION
23.240483,120.042517,TW,Clupeiformes,Engraulidae,Encrasicholina heteroloba,2018,PRESERVED_SPECIMEN
23.820585,120.2152,TW,Perciformes,Gobiidae,Periophthalmus modestus,2020,HUMAN_OBSERVATION
23.92396,121.59719,TW,Mugiliformes,Mugilidae,Mugil cephalus,2019,OCCURRENCE
22.56609,120.557103,TW,Cypriniformes,Cyprinidae,Zacco platypus,2025,HUMAN_OBSERVATION
23.345426,121.291423,TW,Cypriniformes,Cyprinidae,Acrossocheilus paradoxus,2022,HUMAN_OBSERVATION
25.114442,121.483292,TW,Perciformes,Gobiidae,Boleophthalmus pectinirostris,2024,HUMAN_OBSERVATION
31.860048,117.257372,CN,Cypriniformes,Cyprinidae,Megalobrama amblycephala,2023,HUMAN_OBSERVATION
27.67,98.73,CN,Cypriniformes,Cyprinidae,Schizopyge nukiangensis,2012,PRESERVED_SPECIMEN
24.94,121.9,TW,Perciformes,Trichiuridae,Trichiurus lepturus,2007,OCCURRENCE
22.324153,113.871225,HK,Perciformes,Siganidae,Siganus guttatus,2022,HUMAN_OBSERVATION
26.513962,122.23586,TW,Perciformes,Uranoscopidae,,2009,PRESERVED_SPECIMEN
23.55433,120.15961,TW,Perciformes,Cichlidae,Oreochromis mossambicus,2025,HUMAN_OBSERVATION
24.4011,120.61075,TW,Cypriniformes,Cyprinidae,Opsariichthys pachycephalus,2022,HUMAN_OBSERVATION
22.91891,120.18421,TW,Perciformes,Terapontidae,Terapon jarbua,2022,HUMAN_OBSERVATION
24.724855,121.707053,TW,Perciformes,Cichlidae,Coptodon zillii,2025,HUMAN_OBSERVATION
24.4852,121.42222,TW,Cypriniformes,Cyprinidae,Onychostoma barbatulum,2002,OCCURRENCE
23.169801,121.244863,TW,Perciformes,Cichlidae,Coptodon zillii,2022,HUMAN_OBSERVATION
23.5931,120.8905,TW,Cypriniformes,Cyprinidae,Acrossocheilus paradoxus,2015,OCCURRENCE
23.05,121.23,TW,Anguilliformes,Ophichthidae,Brachysomophis cirrocheilos,1978,OBSERVATION
23.497299,121.330059,TW,Perciformes,Gobiidae,Rhinogobius gigas,2022,HUMAN_OBSERVATION
23.12,120.38,TW,Cypriniformes,Cyprinidae,Hypsibarbus pierrei,2015,OCCURRENCE
24.52,120.93,TW,Perciformes,Gobiidae,Rhinogobius candidianus,2005,OCCURRENCE
22.365491,114.198526,HK,Perciformes,Gobiidae,Rhinogobius duospilus,2020,HUMAN_OBSERVATION
22.58,120.29,TW,Perciformes,Sciaenidae,Larimichthys crocea,1951,OBSERVATION
22.216987,114.175598,HK,Perciformes,Haemulidae,,1930,PRESERVED_SPECIMEN
25.0082,121.689,TW,Cypriniformes,Cyprinidae,Acrossocheilus paradoxus,2016,OCCURRENCE
39.458611,98.109169,CN,Clupeiformes,Clupeidae,Dorosoma cepedianum,1996,PRESERVED_SPECIMEN
25.02996,121.32008,TW,Perciformes,Gobiidae,Rhinogobius rubromaculatus,2023,HUMAN_OBSERVATION
22.355189,120.371464,TW,Perciformes,Scaridae,,2015,HUMAN_OBSERVATION
43.677793,129.955807,CN,Cypriniformes,Cyprinidae,Rhynchocypris lagowskii,2023,HUMAN_OBSERVATION
22.465145,120.44927,TW,Anguilliformes,Synaphobranchidae,,2015,MATERIAL_SAMPLE
24.11387,120.55732,TW,Cypriniformes,Cyprinidae,Carassius auratus,2021,HUMAN_OBSERVATION
23.197865,112.55438,CN,Perciformes,Cichlidae,Coptodon zillii,2021,HUMAN_OBSERVATION
24.909888,121.550055,TW,Perciformes,Gobiidae,Rhinogobius candidianus,2024,HUMAN_OBSERVATION
24.721295,121.714722,TW,Cypriniformes,Cyprinidae,Opsariichthys pachycephalus,2025,HUMAN_OBSERVATION
23.273458,119.507414,TW,Perciformes,Chaetodontidae,,2011,HUMAN_OBSERVATION
23.518893,120.593253,TW,Cyprinodontiformes,Poeciliidae,Poecilia reticulata,2023,HUMAN_OBSERVATION
40.02,98.14,CN,Perciformes,Centrarchidae,Lepomis cyanellus,2007,PRESERVED_SPECIMEN
36.180628,120.481183,CN,Beloniformes,Adrianichthyidae,Oryzias sinensis,2025,HUMAN_OBSERVATION
23.2981,121.26016,TW,Cypriniformes,Cyprinidae,Aphyocypris kikuchii,2018,HUMAN_OBSERVATION
30.317772,122.216492,CN,Synbranchiformes,Synbranchidae,Monopterus albus,2024,HUMAN_OBSERVATION
38.86,121.74,CN,Syngnathiformes,Syngnathidae,Syngnathus acus,2014,MATERIAL_SAMPLE
22.08,120.74,TW,Cypriniformes,Cyprinidae,Opsariichthys kaopingensis,2023,HUMAN_OBSERVATION
39.796925,116.464996,CN,Cypriniformes,Cobitidae,Misgurnus anguillicaudatus,2022,HUMAN_OBSERVATION
24.02271,120.63682,TW,Siluriformes,Loricariidae,Pterygoplichthys pardalis,2021,HUMAN_OBSERVATION
38.674446,100.674446,CN,Cypriniformes,Cyprinidae,Cyprinella lutrensis,1996,PRESERVED_SPECIMEN
24.109325,120.643387,TW,Cypriniformes,Cyprinidae,Cyprinus rubrofuscus,2026,HUMAN_OBSERVATION
24.962775,102.664042,CN,Cypriniformes,Cyprinidae,Cyprinus carpio,2026,HUMAN_OBSERVATION
23.4,110.06,CN,Synbranchiformes,Mastacembelidae,Mastacembelus armatus,2017,PRESERVED_SPECIMEN
18.237,108.161,CN,Perciformes,Serranidae,,2008,MATERIAL_SAMPLE
24.062,119.674717,TW,Perciformes,Scombridae,Auxis rochei,2021,PRESERVED_SPECIMEN
25.18,121.43,TW,Perciformes,Sparidae,Acanthopagrus australis,1991,OCCURRENCE
22.216987,114.175598,HK,Perciformes,Lutjanidae,,1930,PRESERVED_SPECIMEN
22.844361,120.477984,TW,Perciformes,Gobiidae,Rhinogobius nantaiensis,2024,HUMAN_OBSERVATION
23.48452,120.55383,TW,Cypriniformes,Cyprinidae,Opsariichthys pachycephalus,2023,HUMAN_OBSERVATION
20.55,109.84,CN,Perciformes,Sparidae,,,MATERIAL_SAMPLE
24.33461,120.934,TW,Perciformes,Gobiidae,Rhinogobius rubromaculatus,2023,HUMAN_OBSERVATION
23.726,120.657,TW,Cypriniformes,Cyprinidae,Acrossocheilus paradoxus,2017,OCCURRENCE
23.79559,120.78122,TW,Cypriniformes,Cyprinidae,Acrossocheilus paradoxus,2022,HUMAN_OBSERVATION
24.16914,120.70542,TW,Perciformes,Cichlidae,Oreochromis niloticus,2023,HUMAN_OBSERVATION
23.55,119.56,TW,Clupeiformes,Clupeidae,,2006,MATERIAL_SAMPLE
24.78383,121.69177,TW,Perciformes,Gobiidae,Rhinogobius candidianus,2022,HUMAN_OBSERVATION
24.675623,121.801412,TW,Perciformes,Channidae,Channa striata,2023,HUMAN_OBSERVATION
24.759568,121.62127,TW,Cypriniformes,Cyprinidae,Acrossocheilus paradoxus,2020,HUMAN_OBSERVATION
23.78462,120.67449,TW,Siluriformes,Bagridae,Pseudobagrus brevianalis,2006,OCCURRENCE
23.37905,120.67659,TW,Perciformes,Gobiidae,Rhinogobius candidianus,2023,HUMAN_OBSERVATION
25.05,121.6,TW,Cypriniformes,Cobitidae,Misgurnus anguillicaudatus,1984,OCCURRENCE
22.97508,121.16503,TW,Perciformes,Gobiidae,Rhinogobius candidianus,2022,HUMAN_OBSERVATION
22.87776,121.05745,TW,Cypriniformes,Cyprinidae,Onychostoma alticorpus,2003,OCCURRENCE
23.05,121.22,TW,Perciformes,Kyphosidae,Microcanthus strigatus,2009,PRESERVED_SPECIMEN
25,121.9,TW,Perciformes,Gobiidae,Sicyopterus japonicus,2019,HUMAN_OBSERVATION
23.124482,120.074022,TW,Perciformes,Gerreidae,Gerres shima,2016,HUMAN_OBSERVATION
25.091045,121.686964,TW,Perciformes,Cichlidae,Oreochromis mossambicus,2024,HUMAN_OBSERVATION
23.05,121.23,TW,Perciformes,Haemulidae,Plectorhinchus albovittatus,2005,OBSERVATION
26.513962,122.23586,TW,Perciformes,Trichiuridae,Trichiurus lepturus,2009,PRESERVED_SPECIMEN
24.74,121.09,TW,Cypriniformes,Cyprinidae,Acrossocheilus paradoxus,2015,OCCURRENCE
19.166667,110.6,CN,Perciformes,Stromateidae,Pampus chinensis,1990,PRESERVED_SPECIMEN
21.93,120.73,TW,Anguilliformes,Muraenidae,Gymnothorax rueppelliae,1975,OCCURRENCE
23.458222,120.457611,TW,Perciformes,Cichlidae,Oreochromis niloticus,2023,HUMAN_OBSERVATION
44.92925,120.49735,CN,Cypriniformes,Cyprinidae,Rhynchocypris lagowskii,,MATERIAL_SAMPLE
24.70813,121.17003,TW,Cypriniformes,Cobitidae,Cobitis sinensis,2004,OCCURRENCE
25.053611,121.930278,TW,Mugiliformes,Mugilidae,Crenimugil crenilabis,2013,PRESERVED_SPECIMEN
24.722715,121.123654,TW,Cypriniformes,Cyprinidae,Acrossocheilus paradoxus,2021,HUMAN_OBSERVATION
21.955583,120.711889,TW,Perciformes,Chaetodontidae,,2017,HUMAN_OBSERVATION
22.44,120.47,TW,Perciformes,Ambassidae,Ambassis vachellii,2000,OCCURRENCE
22.39657,114.308711,HK,Perciformes,Sparidae,Acanthopagrus schlegelii,2021,HUMAN_OBSERVATION
23.143842,120.076266,TW,Elopiformes,Elopidae,Elops machnata,2017,HUMAN_OBSERVATION
22.551706,114.244251,HK,Perciformes,Blenniidae,Omobranchus punctatus,2026,HUMAN_OBSERVATION
22.87,120.48,TW,Cypriniformes,Cyprinidae,Opsariichthys kaopingensis,2022,HUMAN_OBSERVATION
24,120.91,TW,Cypriniformes,Balitoridae,Sinogastromyzon puliensis,2020,HUMAN_OBSERVATION
36.668152,116.937599,CN,Cypriniformes,Cyprinidae,Pseudorasbora parva,2020,HUMAN_OBSERVATION
24.13849,120.6197,TW,Perciformes,Cichlidae,Oreochromis niloticus,2021,HUMAN_OBSERVATION
24.921779,121.857122,TW,Perciformes,Gobiidae,Stiphodon atropurpureus,2023,HUMAN_OBSERVATION
23.60935,120.39882,TW,Perciformes,Cichlidae,,2022,HUMAN_OBSERVATION
24.8847,121.283,TW,Cypriniformes,Cyprinidae,Opsariichthys evolans,2016,OCCURRENCE
24.03377,120.84611,TW,Cypriniformes,Cyprinidae,Spinibarbus hollandi,2022,HUMAN_OBSERVATION
24.08094,120.87776,TW,Siluriformes,Bagridae,Pseudobagrus brevianalis,2005,OCCURRENCE
24.48,118.1,CN,Perciformes,Eleotridae,Butis koilomatodon,2016,PRESERVED_SPECIMEN
23.93,120.72,TW,Cypriniformes,Balitoridae,Sinogastromyzon puliensis,2020,HUMAN_OBSERVATION
24.02,120.84,TW,Cypriniformes,Balitoridae,Sinogastromyzon puliensis,2004,OCCURRENCE
23.18774,121.24722,TW,Perciformes,Cichlidae,Oreochromis mossambicus,2005,OCCURRENCE
24.82515,121.06579,TW,Perciformes,Cichlidae,Geophagus brasiliensis,2023,HUMAN_OBSERVATION
23.270459,121.289638,TW,Perciformes,Kuhliidae,Kuhlia rupestris,2022,HUMAN_OBSERVATION
17.073,109.736,CN,Perciformes,Serranidae,,2008,MATERIAL_SAMPLE
23.60965,120.37163,TW,Siluriformes,Loricariidae,,2023,HUMAN_OBSERVATION
24.08148,120.70879,TW,Cypriniformes,Cyprinidae,Opsariichthys pachycephalus,2022,HUMAN_OBSERVATION
22.250279,114.099753,HK,Cypriniformes,Cyprinidae,Rhodeus ocellatus,2025,HUMAN_OBSERVATION
29.166667,112.833333,CN,Cypriniformes,Catostomidae,Myxocyprinus asiaticus,,PRESERVED_SPECIMEN
24.11387,120.55732,TW,Cypriniformes,Cyprinidae,Carassius auratus,2021,HUMAN_OBSERVATION
24.1784,120.73781,TW,Cypriniformes,Cyprinidae,Acrossocheilus paradoxus,2022,HUMAN_OBSERVATION
26.866667,118.116667,CN,Cypriniformes,Catostomidae,Myxocyprinus asiaticus,,PRESERVED_SPECIMEN
23.152603,120.370772,TW,Perciformes,Gobiidae,Rhinogobius similis,2024,HUMAN_OBSERVATION
23.55242,120.51972,TW,Cypriniformes,Cyprinidae,Candidia barbata,2023,HUMAN_OBSERVATION
24.662426,121.073049,TW,Perciformes,Gobiidae,Rhinogobius candidianus,2020,HUMAN_OBSERVATION
23.05318,120.06981,TW,Perciformes,Sillaginidae,Sillago sihama,2004,OCCURRENCE
23.475422,121.357474,TW,Perciformes,Gobiidae,Rhinogobius gigas,2021,HUMAN_OBSERVATION
22.99,120.55,TW,Cypriniformes,Cyprinidae,Onychostoma alticorpus,2022,HUMAN_OBSERVATION
23.41464,120.50694,TW,Cypriniformes,Cyprinidae,Acrossocheilus paradoxus,2023,HUMAN_OBSERVATION
22.775022,115.343035,CN,Pleuronectiformes,Soleidae,,1930,PRESERVED_SPECIMEN
35.9,120.33,CN,Perciformes,Gobiidae,,1993,PRESERVED_SPECIMEN
23.41464,120.50694,TW,Cypriniformes,Cyprinidae,Opsariichthys pachycephalus,2023,HUMAN_OBSERVATION
22.01,120.74,TW,Perciformes,Nemipteridae,Pentapodus nagasakiensis,1993,OCCURRENCE
41.9485,100.43314,CN,Cypriniformes,Cyprinidae,Semotilus atromaculatus,2008,PRESERVED_SPECIMEN
23.677,116.652,CN,Cypriniformes,Cyprinidae,,2018,MATERIAL_SAMPLE
23.53672,120.5316,TW,Cypriniformes,Cyprinidae,Opsariichthys pachycephalus,2023,HUMAN_OBSERVATION
31.864383,117.253465,CN,Cypriniformes,Cyprinidae,Pseudorasbora parva,2022,HUMAN_OBSERVATION
32.201613,119.129152,CN,Cypriniformes,Cyprinidae,Ctenopharyngodon idella,2024,HUMAN_OBSERVATION
23.311157,121.248866,TW,Perciformes,Kuhliidae,Kuhlia rupestris,2022,HUMAN_OBSERVATION
40.202499,98.134163,CN,Cypriniformes,Cyprinidae,Cyprinella lutrensis,1997,PRESERVED_SPECIMEN
23.41508,120.5065,TW,Perciformes,Gobiidae,Rhinogobius candidianus,2023,HUMAN_OBSERVATION
24.843951,121.138218,TW,Cypriniformes,Cyprinidae,Opsariichthys pachycephalus,2016,HUMAN_OBSERVATION
21.048,109.151,CN,Perciformes,Mullidae,Upeneus tragula,2023,MATERIAL_SAMPLE
20.703679,116.770219,TW,Perciformes,Gobiidae,,2011,PRESERVED_SPECIMEN
24.07657,120.7254,TW,Cypriniformes,Cyprinidae,Opsariichthys pachycephalus,2022,HUMAN_OBSERVATION
25.118132,121.239997,TW,Clupeiformes,Engraulidae,,2014,PRESERVED_SPECIMEN
19.22,109.45,CN,Cypriniformes,Cyprinidae,Chanodichthys mongolicus,2019,PRESERVED_SPECIMEN
23.209653,115.541456,CN,Cypriniformes,Cyprinidae,Paratanakia himantegus,2022,HUMAN_OBSERVATION
48.35525,116.12077,CN,Cypriniformes,Cyprinidae,,,MATERIAL_SAMPLE
23.322756,121.329793,TW,Perciformes,Cichlidae,Oreochromis niloticus,2022,HUMAN_OBSERVATION
23.07,120.51,TW,Perciformes,Gobiidae,Rhinogobius nantaiensis,2014,OCCURRENCE
23.134672,121.397517,TW,Perciformes,Gobiidae,Sicyopterus lagocephalus,2024,HUMAN_OBSERVATION
24.58454,121.33282,TW,Perciformes,Cichlidae,Coptodon zillii,2022,HUMAN_OBSERVATION
22.353037,114.26408,HK,Elopiformes,Megalopidae,Megalops cyprinoides,2023,HUMAN_OBSERVATION
24.17216,120.83842,TW,Perciformes,Gobiidae,Rhinogobius candidianus,2012,OCCURRENCE
24.99939,121.60637,TW,Cypriniformes,Cyprinidae,Zacco platypus,2022,HUMAN_OBSERVATION
38.073254,104.69114,CN,Myliobatiformes,Myliobatidae,,,MATERIAL_SAMPLE
38.073254,104.69114,CN,Syngnathiformes,Syngnathidae,Doryichthys boaja,,MATERIAL_SAMPLE
25.0077,121.531,TW,Cypriniformes,Cobitidae,Misgurnus anguillicaudatus,2016,OCCURRENCE
23.114808,120.098873,TW,Perciformes,Ambassidae,Ambassis interrupta,2020,HUMAN_OBSERVATION
26.962944,98.866167,CN,Cypriniformes,Nemacheilidae,Schistura poculi,2000,PRESERVED_SPECIMEN
23.60573,120.36616,TW,Perciformes,Cichlidae,,2022,HUMAN_OBSERVATION
23.53665,120.53165,TW,Cypriniformes,Cyprinidae,Candidia barbata,2022,HUMAN_OBSERVATION
24.07657,120.7254,TW,Cypriniformes,Cyprinidae,Opsariichthys pachycephalus,2022,HUMAN_OBSERVATION
23.118403,120.088635,TW,Perciformes,Leiognathidae,Eubleekeria splendens,2019,HUMAN_OBSERVATION
23.43525,120.48986,TW,Cypriniformes,Cyprinidae,Candidia barbata,2023,HUMAN_OBSERVATION
23.39875,120.51139,TW,Cypriniformes,Cyprinidae,Acrossocheilus paradoxus,2022,HUMAN_OBSERVATION
25.727861,98.599722,CN,Cypriniformes,Cyprinidae,Pseudorasbora parva,2006,PRESERVED_SPECIMEN
23.142711,121.266424,TW,Perciformes,Gobiidae,Rhinogobius gigas,2022,HUMAN_OBSERVATION
24.813,121.011,TW,Perciformes,Gobiidae,Sicyopterus japonicus,2021,HUMAN_OBSERVATION
22.56392,120.53906,TW,Cyprinodontiformes,Poeciliidae,Gambusia affinis,2023,HUMAN_OBSERVATION
32.407826,119.4201,CN,Perciformes,Centropomidae,,1930,PRESERVED_SPECIMEN
23.29672,121.26233,TW,Perciformes,Gobiidae,Rhinogobius gigas,2005,OCCURRENCE
23.11,120.7,TW,Cypriniformes,Balitoridae,Hemimyzon formosanus,2022,HUMAN_OBSERVATION
24.69666,108.05249,CN,Cypriniformes,Cyprinidae,Opsariichthys bidens,2003,PRESERVED_SPECIMEN
24.79,121.03,TW,Cypriniformes,Cyprinidae,Spinibarbus hollandi,2015,OCCURRENCE
24.677,118.718,CN,Perciformes,Sparidae,Rhabdosargus sarba,2026,HUMAN_OBSERVATION
25.12,121.76,TW,Cypriniformes,Cyprinidae,Hemibarbus labeo,1984,OCCURRENCE
25.78666,109.60111,CN,Cypriniformes,Cyprinidae,Plagiognathops microlepis,2003,PRESERVED_SPECIMEN
22.412238,114.405103,HK,Tetraodontiformes,Ostraciidae,Ostracion cubicus,2021,HUMAN_OBSERVATION
22.32,120.2,TW,Tetraodontiformes,Tetraodontidae,Torquigener hypselogeneion,2001,HUMAN_OBSERVATION
22.126158,113.558258,MO,Cypriniformes,Cyprinidae,Cyprinus rubrofuscus,2024,HUMAN_OBSERVATION
22.633667,120.283667,TW,Anguilliformes,Ophichthidae,Pisodonophis cancrivorus,1969,PRESERVED_SPECIMEN
19.22,109.45,CN,Cypriniformes,Cyprinidae,Culter recurviceps,2019,PRESERVED_SPECIMEN
24.52,120.64,TW,Perciformes,Siganidae,Siganus fuscescens,2002,OCCURRENCE
22.387952,114.200715,HK,Perciformes,Cichlidae,Oreochromis mossambicus,2016,HUMAN_OBSERVATION
23.553797,120.16401,TW,Mugiliformes,Mugilidae,Planiliza macrolepis,2024,HUMAN_OBSERVATION
23.81501,120.704,TW,Perciformes,Gobiidae,Rhinogobius candidianus,2023,HUMAN_OBSERVATION
26.52,120.17,CN,Perciformes,Siganidae,,2015,MATERIAL_SAMPLE
21.22,110.96,CN,Beloniformes,Scomberesocidae,,,PRESERVED_SPECIMEN
22.83055,110.82111,CN,Cypriniformes,Cyprinidae,Barbodes semifasciolatus,2003,PRESERVED_SPECIMEN
22.60303,120.58253,TW,Perciformes,Cichlidae,Amphilophus citrinellus,2022,HUMAN_OBSERVATION
22.91,120.17,TW,Perciformes,Cichlidae,Oreochromis mossambicus,1990,OCCURRENCE
24.268433,119.836833,TW,Perciformes,Carangidae,Scomberoides tol,2021,PRESERVED_SPECIMEN
23.43886,120.606,TW,Cypriniformes,Cyprinidae,Acrossocheilus paradoxus,2023,HUMAN_OBSERVATION
23.09,120.59,TW,Perciformes,Gobiidae,Rhinogobius nantaiensis,2022,HUMAN_OBSERVATION
24.88403,121.28335,TW,Perciformes,Gobiidae,Rhinogobius candidianus,2022,HUMAN_OBSERVATION
24.47,122.21,TW,Anguilliformes,Congridae,Congriscus megastomus,,OCCURRENCE
24.94,121.9,TW,Aulopiformes,Synodontidae,Synodus myops,2004,OCCURRENCE
24.141583,119.96505,TW,Perciformes,Pomacentridae,,2021,PRESERVED_SPECIMEN
24.78,121.69,TW,Cypriniformes,Balitoridae,Formosania lacustre,2022,HUMAN_OBSERVATION
23.59,121.38,TW,Perciformes,Carangidae,Caranx melampygus,2007,OBSERVATION
23.93178,121.54023,TW,Perciformes,Gobiidae,Sicyopterus japonicus,2022,HUMAN_OBSERVATION
24.02,120.82,TW,Cypriniformes,Balitoridae,Sinogastromyzon puliensis,2020,HUMAN_OBSERVATION
24.1985,120.63478,TW,Perciformes,Cichlidae,Oreochromis niloticus,2022,HUMAN_OBSERVATION
22.775703,115.34382,CN,Gasterosteiformes,Pegasidae,,,PRESERVED_SPECIMEN
39.889999,97.950836,CN,Cypriniformes,Catostomidae,Carpiodes carpio,1996,PRESERVED_SPECIMEN
24.25878,120.796112,TW,Cypriniformes,Cyprinidae,Candidia barbata,2023,HUMAN_OBSERVATION
24.9993,121.609,TW,Cypriniformes,Cyprinidae,Zacco platypus,2016,OCCURRENCE
24.862165,120.890855,TW,Perciformes,Carangidae,Scomberoides tol,2021,PRESERVED_SPECIMEN
24.1784,120.73781,TW,Siluriformes,Siluridae,Silurus asotus,2022,HUMAN_OBSERVATION
24.48,118.1,CN,Tetraodontiformes,Tetraodontidae,Takifugu poecilonotus,2017,MATERIAL_SAMPLE
24.729322,121.688447,TW,Cypriniformes,Cyprinidae,Acrossocheilus paradoxus,2025,HUMAN_OBSERVATION
23.11763,121.17661,TW,Perciformes,Gobiidae,Rhinogobius gigas,2015,OCCURRENCE
23.118436,120.088675,TW,Perciformes,Lutjanidae,Lutjanus argentimaculatus,2023,HUMAN_OBSERVATION
24.13849,120.6197,TW,Perciformes,Cichlidae,Oreochromis niloticus,2021,HUMAN_OBSERVATION
22.91683,120.46042,TW,Cyprinodontiformes,Poeciliidae,Gambusia affinis,2007,OCCURRENCE
23.206319,121.288639,TW,Cypriniformes,Cyprinidae,Acrossocheilus paradoxus,2022,HUMAN_OBSERVATION
24.718153,121.834238,TW,Perciformes,Scatophagidae,Scatophagus argus,2024,HUMAN_OBSERVATION
22.878445,120.512335,TW,Perciformes,Gobiidae,Rhinogobius nammaensis,2002,PRESERVED_SPECIMEN
24.16927,120.70553,TW,Perciformes,Cichlidae,Oreochromis niloticus,2022,HUMAN_OBSERVATION
24.469388,121.03079,TW,Cypriniformes,Cyprinidae,Onychostoma barbatulum,2024,HUMAN_OBSERVATION
25.22833,121.62155,TW,Cypriniformes,Balitoridae,Formosania lacustre,2022,HUMAN_OBSERVATION
25.0824,121.825,TW,Cypriniformes,Cyprinidae,Zacco platypus,2016,OCCURRENCE
37.963333,100.990837,CN,Cypriniformes,Cyprinidae,Cyprinus carpio,1996,PRESERVED_SPECIMEN
24.35068,120.75393,TW,Cypriniformes,Cyprinidae,Opsariichthys pachycephalus,2008,OCCURRENCE
23.833475,120.801467,TW,Cypriniformes,Cyprinidae,Candidia barbata,2022,HUMAN_OBSERVATION
22.938344,120.226569,TW,Cypriniformes,Cyprinidae,Ctenopharyngodon idella,2024,HUMAN_OBSERVATION
24.42,98.97,CN,Cypriniformes,Cyprinidae,Schizopyge nukiangensis,2012,PRESERVED_SPECIMEN
22.01,120.74,TW,Anguilliformes,Muraenidae,Gymnothorax favagineus,1992,OCCURRENCE
20.6432,109.257,CN,Scorpaeniformes,Platycephalidae,,2013,MATERIAL_SAMPLE
23.206111,101.138056,CN,Cypriniformes,Balitoridae,,2000,PRESERVED_SPECIMEN
23.05,121.2,TW,Cypriniformes,Cyprinidae,Onychostoma alticorpus,2023,HUMAN_OBSERVATION
23.14,120.47,TW,Perciformes,Gobiidae,Rhinogobius nantaiensis,2015,OCCURRENCE
24.78083,121.503416,TW,Cypriniformes,Balitoridae,Formosania lacustre,2024,HUMAN_OBSERVATION
19.726618,110.007866,CN,Perciformes,Channidae,Channa asiatica,1935,PRESERVED_SPECIMEN
23.8898,120.73866,TW,Cypriniformes,Cyprinidae,Opsariichthys pachycephalus,2020,HUMAN_OBSERVATION
30.032355,122.110713,CN,Perciformes,Kyphosidae,Microcanthus strigatus,2022,HUMAN_OBSERVATION
21.43,109.13,CN,Beloniformes,Exocoetidae,,,MATERIAL_SAMPLE
20.45,109.89,CN,Perciformes,Terapontidae,Terapon jarbua,2006,PRESERVED_SPECIMEN
31.152728,118.581261,CN,Cypriniformes,Cyprinidae,Carassius auratus,2023,HUMAN_OBSERVATION
23.66304,120.65747,TW,Perciformes,Gobiidae,Rhinogobius candidianus,2006,OCCURRENCE
24.17199,120.83631,TW,Cypriniformes,Cyprinidae,Candidia barbata,2023,HUMAN_OBSERVATION
25.1,121.25,TW,Anguilliformes,Anguillidae,Anguilla japonica,,MATERIAL_SAMPLE
28.89972,111.48305,CN,Beloniformes,Hemiramphidae,,2002,PRESERVED_SPECIMEN
22.62581,120.59697,TW,Cypriniformes,Cobitidae,Cobitis sinensis,2023,HUMAN_OBSERVATION
23.88,120.73,TW,Cypriniformes,Balitoridae,Sinogastromyzon puliensis,2020,HUMAN_OBSERVATION
23.1346,120.0717,TW,Anguilliformes,Ophichthidae,Pisodonophis cancrivorus,2022,MATERIAL_SAMPLE
24,120.69,TW,Cypriniformes,Balitoridae,Sinogastromyzon puliensis,2020,HUMAN_OBSERVATION
25.0077,121.531,TW,Perciformes,Cichlidae,Oreochromis mossambicus,2016,OCCURRENCE
24.727888,121.689102,TW,Perciformes,Cichlidae,Coptodon zillii,2024,HUMAN_OBSERVATION
23.838868,120.799861,TW,Perciformes,Gobiidae,Rhinogobius candidianus,2024,HUMAN_OBSERVATION
23.430944,120.463083,TW,Perciformes,Cichlidae,Oreochromis niloticus,2023,HUMAN_OBSERVATION
23.521,116.385,CN,Cypriniformes,Cyprinidae,Megalobrama terminalis,2018,MATERIAL_SAMPLE
22.47,120.43,TW,Syngnathiformes,Syngnathidae,Hippocampus spinosissimus,1965,OCCURRENCE
24.167775,121.612422,TW,Cypriniformes,Cyprinidae,Acrossocheilus paradoxus,2017,HUMAN_OBSERVATION
23.114808,120.098873,TW,Perciformes,Gerreidae,Gerres limbatus,2019,HUMAN_OBSERVATION
24.66894,121.11908,TW,Perciformes,Gobiidae,Rhinogobius candidianus,2023,HUMAN_OBSERVATION
22.99,120.55,TW,Cypriniformes,Balitoridae,Sinogastromyzon puliensis,2006,OCCURRENCE
24.796,121.036,TW,Cypriniformes,Cyprinidae,Opsariichthys pachycephalus,2021,HUMAN_OBSERVATION
23.93,120.72,TW,Cypriniformes,Balitoridae,Sinogastromyzon puliensis,2020,HUMAN_OBSERVATION
22.593467,114.336118,HK,Perciformes,Scatophagidae,Scatophagus argus,2026,HUMAN_OBSERVATION
23.43281,120.54744,TW,Cypriniformes,Cyprinidae,Opsariichthys pachycephalus,2022,HUMAN_OBSERVATION
22.470278,114.269167,HK,Perciformes,Terapontidae,Terapon jarbua,1958,PRESERVED_SPECIMEN
22.47,120.43,TW,Scorpaeniformes,Hoplichthyidae,,2005,MATERIAL_SAMPLE
24.02,120.82,TW,Cypriniformes,Balitoridae,Sinogastromyzon puliensis,2020,HUMAN_OBSERVATION
23.4,110.06,CN,Cypriniformes,Cyprinidae,Abbottina rivularis,2017,PRESERVED_SPECIMEN
22.281406,113.92722,HK,Perciformes,Gobiidae,Glossogobius olivaceus,2022,HUMAN_OBSERVATION
23.55607,120.164089,TW,Cyprinodontiformes,Poeciliidae,Poecilia velifera,2021,HUMAN_OBSERVATION
25.0333,121.31769,TW,Cypriniformes,Cyprinidae,Candidia barbata,2024,HUMAN_OBSERVATION
22.47708,120.45981,TW,Perciformes,Ambassidae,Ambassis urotaenia,2022,HUMAN_OBSERVATION
22.243376,113.975349,HK,Perciformes,Gobiidae,Bathygobius meggitti,2017,HUMAN_OBSERVATION
40.377595,116.626755,CN,Cypriniformes,Cyprinidae,Carassius auratus,2023,HUMAN_OBSERVATION
50.9067,120.9395,CN,Cypriniformes,Cyprinidae,,2003,PRESERVED_SPECIMEN
24.66473,120.99005,TW,Cypriniformes,Cyprinidae,Paratanakia himantegus,2023,HUMAN_OBSERVATION
23.66269,121.43458,TW,Cypriniformes,Cyprinidae,Opsariichthys pachycephalus,2023,HUMAN_OBSERVATION
25.07781,121.5033,TW,Mugiliformes,Mugilidae,Planiliza macrolepis,2022,HUMAN_OBSERVATION
23.09,120.14,TW,Gonorynchiformes,Chanidae,Chanos chanos,2015,OCCURRENCE
33.467834,114.112548,CN,Perciformes,Odontobutidae,Micropercops swinhonis,2026,HUMAN_OBSERVATION
22.916385,120.590234,TW,Cypriniformes,Cyprinidae,Candidia barbata,2019,HUMAN_OBSERVATION
25.5,119.76,CN,Anguilliformes,Muraenesocidae,Muraenesox cinereus,2018,MATERIAL_SAMPLE
23.50545,121.386489,TW,Perciformes,Gobiidae,Sicyopterus japonicus,2021,HUMAN_OBSERVATION
22.460875,114.328687,HK,Perciformes,Channidae,Channa gachua,2026,HUMAN_OBSERVATION
24.16927,120.70553,TW,Perciformes,Cichlidae,Oreochromis niloticus,2022,HUMAN_OBSERVATION
23.274337,120.167913,TW,Perciformes,Gobiidae,Periophthalmus modestus,2026,HUMAN_OBSERVATION
25.0685,121.653,TW,Cypriniformes,Cyprinidae,Opsariichthys evolans,2016,OCCURRENCE
23.481611,120.222101,TW,Cypriniformes,Cyprinidae,Barbonymus gonionotus,2023,HUMAN_OBSERVATION
24.1784,120.7378,TW,Cypriniformes,Cyprinidae,Opsariichthys pachycephalus,2021,HUMAN_OBSERVATION
25.10853,121.45755,TW,Siluriformes,Ariidae,Arius maculatus,2016,OCCURRENCE
22.44,120.47,TW,Perciformes,Carangidae,Caranx ignobilis,2004,OCCURRENCE
25.211511,121.698828,TW,Perciformes,Chaetodontidae,,2011,HUMAN_OBSERVATION
21.931133,120.745439,TW,Perciformes,Siganidae,Siganus guttatus,2022,HUMAN_OBSERVATION
24.723329,121.724233,TW,Cypriniformes,Cyprinidae,Paratanakia himantegus,2023,HUMAN_OBSERVATION
23.840983,120.806297,TW,Cypriniformes,Cyprinidae,Candidia barbata,2025,HUMAN_OBSERVATION
23.92975,121.53954,TW,Cypriniformes,Cyprinidae,Spinibarbus hollandi,2023,HUMAN_OBSERVATION
24.55,121.8,TW,Perciformes,Polynemidae,Polydactylus sexfilis,1996,PRESERVED_SPECIMEN
22.99836,120.14296,TW,Perciformes,Terapontidae,Terapon jarbua,2022,HUMAN_OBSERVATION
22.476389,114.295833,HK,Pleuronectiformes,Pleuronectidae,,1958,PRESERVED_SPECIMEN
24.696291,121.103928,TW,Cypriniformes,Cyprinidae,Spinibarbus hollandi,2021,HUMAN_OBSERVATION
24.67579,120.94912,TW,Cypriniformes,Cyprinidae,Zacco platypus,2006,OCCURRENCE
25.06321,121.50652,TW,Perciformes,Cichlidae,Oreochromis niloticus,2015,OCCURRENCE
23.41464,120.50694,TW,Cypriniformes,Cyprinidae,Opsariichthys pachycephalus,2023,HUMAN_OBSERVATION
24.9431,121.536,TW,Cypriniformes,Cyprinidae,Opsariichthys pachycephalus,2016,OCCURRENCE
24.583333,121.966667,TW,Anguilliformes,Congridae,,2018,PRESERVED_SPECIMEN
25.097128,121.516647,TW,Cypriniformes,Cyprinidae,Barbodes semifasciolatus,2025,HUMAN_OBSERVATION
24.16,120.7,TW,Cypriniformes,Balitoridae,Sinogastromyzon puliensis,2021,HUMAN_OBSERVATION
36.239337,120.325764,CN,Perciformes,Gobiidae,Mugilogobius abei,2022,HUMAN_OBSERVATION
23.41183,120.54753,TW,Perciformes,Gobiidae,Rhinogobius candidianus,2022,HUMAN_OBSERVATION
24.273,120.437,TW,Perciformes,Gerreidae,Gerres macracanthus,2019,MATERIAL_SAMPLE
25.975375,119.940108,TW,Perciformes,Gobiidae,Tridentiger trigonocephalus,2026,HUMAN_OBSERVATION
22.383927,114.279051,HK,Beloniformes,Hemiramphidae,Hyporhamphus quoyi,2023,HUMAN_OBSERVATION
24.729684,121.250868,TW,Cypriniformes,Cyprinidae,Candidia barbata,2021,HUMAN_OBSERVATION
22.63472,120.61022,TW,Perciformes,Cichlidae,Oreochromis niloticus,2022,HUMAN_OBSERVATION
23.565516,119.570401,TW,Perciformes,Scatophagidae,Scatophagus argus,2024,HUMAN_OBSERVATION
25.091045,121.686964,TW,Perciformes,Gobiidae,Rhinogobius similis,2024,HUMAN_OBSERVATION
21.25,115.25,CN,Perciformes,Carangidae,Carangoides equula,2015,PRESERVED_SPECIMEN
24.183612,120.658378,TW,Perciformes,Cichlidae,Parachromis managuensis,2023,HUMAN_OBSERVATION
22.54697,120.569565,TW,Perciformes,Microdesmidae,Parioglossus dotui,2025,HUMAN_OBSERVATION
23.41275,120.436333,TW,Cyprinodontiformes,Poeciliidae,Gambusia affinis,2023,HUMAN_OBSERVATION
22.216768,120.799785,TW,Perciformes,Gobiidae,Sicyopterus japonicus,2023,HUMAN_OBSERVATION
23.05484,121.1997,TW,Cypriniformes,Cyprinidae,Opsariichthys pachycephalus,2022,HUMAN_OBSERVATION
24.119043,121.317976,TW,Salmoniformes,Salmonidae,Oncorhynchus formosanus,2023,HUMAN_OBSERVATION
22.87314,120.486,TW,Perciformes,Gobiidae,Rhinogobius maculafasciatus,2022,HUMAN_OBSERVATION
24.47,120.62,TW,Perciformes,Serranidae,Epinephelus coioides,2006,OCCURRENCE
27.87,108.62,CN,Cypriniformes,Balitoridae,Vanmanenia marmorata,2017,PRESERVED_SPECIMEN
20.516,110.981,CN,Tetraodontiformes,Tetraodontidae,Lagocephalus spadiceus,2007,MATERIAL_SAMPLE
25.0333,121.31769,TW,Cyprinodontiformes,Poeciliidae,Poecilia reticulata,2023,HUMAN_OBSERVATION
18.418699,109.976212,CN,Lophiiformes,Antennariidae,Antennarius striatus,2024,HUMAN_OBSERVATION
23.41497,120.5065,TW,Cypriniformes,Cyprinidae,Opsariichthys pachycephalus,2022,HUMAN_OBSERVATION
24.1784,120.7378,TW,Cypriniformes,Cyprinidae,Opsariichthys pachycephalus,2021,HUMAN_OBSERVATION
24.74762,121.09024,TW,Perciformes,Gobiidae,Rhinogobius candidianus,2022,HUMAN_OBSERVATION
24.47,122.21,TW,Anguilliformes,Congridae,Congriscus megastomus,,OCCURRENCE
37.783158,119.015663,CN,Perciformes,Channidae,Channa argus,2025,HUMAN_OBSERVATION
25.08306,121.66667,TW,Perciformes,Gobiidae,Rhinogobius giurinus,2009,HUMAN_OBSERVATION
22.43362,114.24687,HK,Perciformes,Terapontidae,Terapon jarbua,2026,HUMAN_OBSERVATION
24.1784,120.7378,TW,Perciformes,Cichlidae,Oreochromis niloticus,2021,HUMAN_OBSERVATION
19.685,112.767,CN,Perciformes,Scombridae,,2007,MATERIAL_SAMPLE
24.15996,120.74564,TW,Perciformes,Gobiidae,Rhinogobius candidianus,2005,OCCURRENCE
24.177386,120.628079,TW,Perciformes,Cichlidae,Geophagus brasiliensis,2021,HUMAN_OBSERVATION
38.073254,104.69114,CN,Clupeiformes,Clupeidae,Nematalosa nasus,,MATERIAL_SAMPLE
24.13414,120.73938,TW,Cypriniformes,Cobitidae,Paramisgurnus dabryanus,2021,HUMAN_OBSERVATION
27.846519,108.775822,CN,Cypriniformes,Cyprinidae,Opsariichthys bidens,2026,HUMAN_OBSERVATION
22.152541,113.56211,MO,Cyprinodontiformes,Poeciliidae,Gambusia affinis,2024,HUMAN_OBSERVATION
27.94,116.35,CN,Cypriniformes,Cobitidae,Misgurnus anguillicaudatus,2017,MATERIAL_SAMPLE
39.051243,118.243353,CN,Perciformes,Gobiidae,Periophthalmus modestus,2024,HUMAN_OBSERVATION
23.270459,121.289638,TW,Perciformes,Cichlidae,,2021,HUMAN_OBSERVATION
30.638016,119.68219,CN,Perciformes,Gobiidae,Rhinogobius lentiginis,2025,HUMAN_OBSERVATION
25.05029,121.016204,TW,Clupeiformes,Engraulidae,,2018,PRESERVED_SPECIMEN
19.25,107.92,CN,Perciformes,Trichiuridae,Trichiurus lepturus,2013,PRESERVED_SPECIMEN
22.422488,113.9972,HK,Cypriniformes,Cyprinidae,Barbodes semifasciolatus,2023,HUMAN_OBSERVATION
32.106464,118.739669,CN,Perciformes,Percichthyidae,Siniperca chuatsi,,PRESERVED_SPECIMEN
21.053327,110.202741,CN,Anguilliformes,Ophichthidae,Pisodonophis boro,1931,PRESERVED_SPECIMEN
22.08225,120.73958,TW,Perciformes,Gobiidae,Rhinogobius maculafasciatus,2022,HUMAN_OBSERVATION
24.94,121.9,TW,Myliobatiformes,Gymnuridae,,2005,MATERIAL_SAMPLE
22.681362,113.852333,CN,Cypriniformes,Cobitidae,Misgurnus anguillicaudatus,2021,HUMAN_OBSERVATION
23.66236,121.4346,TW,Cypriniformes,Cyprinidae,Opsariichthys pachycephalus,2017,OCCURRENCE
38.43642,95.5887,CN,Atheriniformes,Atherinopsidae,Labidesthes sicculus,2007,PRESERVED_SPECIMEN
23.114808,120.098873,TW,Perciformes,Carangidae,Caranx ignobilis,2021,HUMAN_OBSERVATION
24.13414,120.73938,TW,Cypriniformes,Cyprinidae,Acrossocheilus paradoxus,2021,HUMAN_OBSERVATION
23.43478,120.49033,TW,Perciformes,Gobiidae,Rhinogobius candidianus,2023,HUMAN_OBSERVATION
24.356,120.72614,TW,Siluriformes,Siluridae,Silurus asotus,2008,OCCURRENCE
23.16,114.31,CN,Cypriniformes,Cyprinidae,Culter recurviceps,2017,PRESERVED_SPECIMEN
24.53647,120.81518,TW,Perciformes,Cichlidae,Oreochromis niloticus,2022,HUMAN_OBSERVATION
23.6347,120.49771,TW,Cypriniformes,Cyprinidae,Barbonymus gonionotus,2024,HUMAN_OBSERVATION
24.56225,120.84938,TW,Perciformes,Gobiidae,Rhinogobius candidianus,2023,HUMAN_OBSERVATION
40.168057,101.05278,CN,Perciformes,Centrarchidae,Micropterus salmoides,1997,PRESERVED_SPECIMEN
23.114808,120.098873,TW,Clupeiformes,Engraulidae,Thryssa hamiltonii,2021,HUMAN_OBSERVATION
25.0777,121.50332,TW,Perciformes,Terapontidae,Terapon jarbua,2022,HUMAN_OBSERVATION
24.70961,121.10026,TW,Cypriniformes,Cyprinidae,Acrossocheilus paradoxus,2004,OCCURRENCE
29.97,113.93,CN,Cypriniformes,Cobitidae,Misgurnus anguillicaudatus,2017,MATERIAL_SAMPLE
22.97,121.17,TW,Cypriniformes,Cyprinidae,Onychostoma alticorpus,2022,HUMAN_OBSERVATION
21.35,110.55,CN,Perciformes,Gobiidae,Acentrogobius pflaumii,2014,PRESERVED_SPECIMEN
39.431667,98.694168,CN,Cypriniformes,Cyprinidae,Phenacobius mirabilis,1996,PRESERVED_SPECIMEN
23.05,121.2,TW,Cypriniformes,Cyprinidae,Onychostoma alticorpus,2023,HUMAN_OBSERVATION
25.2,118.89,CN,Perciformes,Sciaenidae,Pennahia anea,2017,MATERIAL_SAMPLE
26.18,119.75,CN,Syngnathiformes,Syngnathidae,Hippocampus spinosissimus,2012,MATERIAL_SAMPLE
24.2942,120.9113,TW,Cypriniformes,Cyprinidae,Acrossocheilus paradoxus,2023,HUMAN_OBSERVATION
24.67971,120.908,TW,Perciformes,Cichlidae,Coptodon zillii,2023,HUMAN_OBSERVATION
25.03593,121.46266,TW,Mugiliformes,Mugilidae,Planiliza macrolepis,2023,HUMAN_OBSERVATION
22.87317,120.486,TW,Perciformes,Gobiidae,Rhinogobius maculafasciatus,2022,HUMAN_OBSERVATION
22.71243,120.64604,TW,Cypriniformes,Cyprinidae,Zacco platypus,2007,OCCURRENCE
23.01262,121.16828,TW,Perciformes,Gobiidae,Sicyopterus japonicus,2015,OCCURRENCE
24.1985,120.63478,TW,Perciformes,Cichlidae,Oreochromis niloticus,2022,HUMAN_OBSERVATION
24.17797,120.73827,TW,Cypriniformes,Cyprinidae,Opsariichthys pachycephalus,2022,HUMAN_OBSERVATION
24.87978,121.3806,TW,Perciformes,Gobiidae,Rhinogobius candidianus,2023,HUMAN_OBSERVATION
23.37888,110.90333,CN,Cypriniformes,Cyprinidae,Opsariichthys bidens,2003,PRESERVED_SPECIMEN
22.381458,114.221145,HK,Perciformes,Gobiidae,Rhinogobius duospilus,2020,HUMAN_OBSERVATION
23.05516,121.20053,TW,Perciformes,Gobiidae,Rhinogobius candidianus,2022,HUMAN_OBSERVATION
24.74,121.09,TW,Perciformes,Gobiidae,Rhinogobius candidianus,2015,OCCURRENCE
23.114808,120.098873,TW,Perciformes,Leiognathidae,Leiognathus equulus,2021,HUMAN_OBSERVATION
20.66476,116.8137,TW,Perciformes,Gobiidae,,2011,PRESERVED_SPECIMEN
24.02271,120.63682,TW,Perciformes,Channidae,Channa striata,2021,HUMAN_OBSERVATION
23.118403,120.088635,TW,Scorpaeniformes,Platycephalidae,Platycephalus indicus,2021,HUMAN_OBSERVATION
24.82608,120.97963,TW,Perciformes,Gobiidae,Rhinogobius maculafasciatus,2015,OCCURRENCE
26.116667,119.333333,CN,Clupeiformes,Engraulidae,Coilia grayii,,PRESERVED_SPECIMEN
20.25,109.25,CN,Siluriformes,Ariidae,Arius maculatus,,PRESERVED_SPECIMEN
23.412333,120.436833,TW,Cyprinodontiformes,Poeciliidae,Gambusia affinis,2023,HUMAN_OBSERVATION
24.35827,120.94715,TW,Cypriniformes,Cyprinidae,Acrossocheilus paradoxus,2009,OCCURRENCE
23.826994,120.800721,TW,Perciformes,Channidae,Channa striata,2022,HUMAN_OBSERVATION
23.44,119.59,TW,Aulopiformes,Synodontidae,Synodus myops,,HUMAN_OBSERVATION
23.11763,121.17661,TW,Cypriniformes,Cyprinidae,Acrossocheilus paradoxus,2015,OCCURRENCE
21.09,110.45,CN,Clupeiformes,Clupeidae,Sardinella jussieu,2006,PRESERVED_SPECIMEN
24.922686,121.802187,TW,Perciformes,Gobiidae,Stiphodon percnopterygionus,2026,HUMAN_OBSERVATION
24.961733,121.769085,TW,Cypriniformes,Cyprinidae,Opsariichthys evolans,2023,HUMAN_OBSERVATION
24.16598,120.94483,TW,Perciformes,Gobiidae,Rhinogobius candidianus,2023,HUMAN_OBSERVATION
24.813,121.011,TW,Cypriniformes,Cyprinidae,Acrossocheilus paradoxus,2021,HUMAN_OBSERVATION
25.486275,122.103947,TW,Perciformes,Serranidae,,2021,HUMAN_OBSERVATION
30.248036,122.164827,CN,Perciformes,Eleotridae,,2021,HUMAN_OBSERVATION
24.9993,121.609,TW,Cypriniformes,Cyprinidae,Microphysogobio brevirostris,2016,OCCURRENCE
24.23558,120.73916,TW,Perciformes,Gobiidae,Rhinogobius candidianus,2022,HUMAN_OBSERVATION
23.114808,120.098873,TW,Perciformes,Ambassidae,Ambassis vachellii,2019,HUMAN_OBSERVATION
40.02943,115.83286,CN,Perciformes,Gobiidae,Rhinogobius similis,2019,PRESERVED_SPECIMEN
21.07,111.56,CN,Perciformes,Serranidae,,2007,PRESERVED_SPECIMEN
40.49401,96.17803,CN,Siluriformes,Ictaluridae,Ameiurus natalis,2009,PRESERVED_SPECIMEN
22.62642,120.59675,TW,Perciformes,Cichlidae,Oreochromis niloticus,2022,HUMAN_OBSERVATION
24.84708,121.11163,TW,Perciformes,Cichlidae,Coptodon zillii,2023,HUMAN_OBSERVATION
24.03377,120.84611,TW,Cypriniformes,Cyprinidae,Spinibarbus hollandi,2021,HUMAN_OBSERVATION
24.56,121.73,TW,Siluriformes,Ariidae,Arius maculatus,2006,OCCURRENCE
22.249444,114.147778,HK,Siluriformes,Ariidae,Netuma thalassina,1958,PRESERVED_SPECIMEN
39.9572,115.4244,CN,Stomiiformes,Gonostomatidae,,,MATERIAL_SAMPLE
24.8257,121.06528,TW,Perciformes,Gobiidae,Rhinogobius candidianus,2023,HUMAN_OBSERVATION
23.7899,120.9463,TW,Cypriniformes,Cyprinidae,Spinibarbus hollandi,2015,OCCURRENCE
23.16,120.64,TW,Cypriniformes,Cyprinidae,Onychostoma alticorpus,2022,HUMAN_OBSERVATION
23.1873,120.35239,TW,Perciformes,Cichlidae,,2022,HUMAN_OBSERVATION
35.540956,119.635511,CN,Perciformes,Gobiidae,Acanthogobius hasta,2025,HUMAN_OBSERVATION
23.93675,121.60864,TW,Mugiliformes,Mugilidae,Mugil cephalus,2018,OCCURRENCE
21.57,109.1,CN,Tetraodontiformes,Tetraodontidae,Lagocephalus spadiceus,2022,PRESERVED_SPECIMEN
23.143842,120.076266,TW,Perciformes,Carangidae,Scomberoides lysan,2016,HUMAN_OBSERVATION
24.41193,120.86674,TW,Cypriniformes,Cyprinidae,Acrossocheilus paradoxus,2022,HUMAN_OBSERVATION
25.0077,121.531,TW,Perciformes,Cichlidae,Oreochromis mossambicus,2016,OCCURRENCE
24.270344,120.7729,TW,Cypriniformes,Cyprinidae,Candidia barbata,2024,HUMAN_OBSERVATION
23.48183,120.29318,TW,Cyprinodontiformes,Poeciliidae,Gambusia affinis,2002,OCCURRENCE
19.68,112.77,CN,Clupeiformes,Engraulidae,Stolephorus indicus,2007,PRESERVED_SPECIMEN
23.114808,120.098873,TW,Perciformes,Ambassidae,Ambassis vachellii,2018,HUMAN_OBSERVATION
23.43514,120.49011,TW,Perciformes,Gobiidae,Rhinogobius candidianus,2022,HUMAN_OBSERVATION
23.114808,120.098873,TW,Perciformes,Scatophagidae,Scatophagus argus,2017,HUMAN_OBSERVATION
22.8756,120.36218,TW,Cyprinodontiformes,Poeciliidae,Poecilia reticulata,2022,HUMAN_OBSERVATION
25.135556,121.821944,TW,Perciformes,Chaetodontidae,,2015,HUMAN_OBSERVATION
22.622789,120.661574,TW,Cypriniformes,Cyprinidae,Spinibarbus hollandi,2025,HUMAN_OBSERVATION
30.94058,121.96775,CN,Perciformes,Gobiidae,Periophthalmus modestus,2023,HUMAN_OBSERVATION
22.286918,114.405184,HK,Perciformes,Carangidae,Parastromateus niger,2022,HUMAN_OBSERVATION
24.701263,121.073439,TW,Perciformes,Cichlidae,Oreochromis niloticus,2023,HUMAN_OBSERVATION
21.666667,120.033333,TW,Beloniformes,Exocoetidae,,1933,PRESERVED_SPECIMEN
23.67141,120.50759,TW,Cypriniformes,Cyprinidae,Barbonymus gonionotus,2024,HUMAN_OBSERVATION
34.7636,103.2144,CN,Stomiiformes,Gonostomatidae,,,MATERIAL_SAMPLE
23.44438,120.16909,TW,Perciformes,Gobiidae,Periophthalmus modestus,2016,OCCURRENCE
22.308466,114.26529,HK,Perciformes,Gobiidae,Mugilogobius chulae,2016,HUMAN_OBSERVATION
24.6,121.85,TW,Clupeiformes,Chirocentridae,Chirocentrus dorab,1958,OBSERVATION
40.08,98.89,CN,Siluriformes,Ictaluridae,Noturus flavus,2007,PRESERVED_SPECIMEN
23.494034,120.546778,TW,Cypriniformes,Cyprinidae,Opsariichthys pachycephalus,2023,HUMAN_OBSERVATION
26.49,98.9,CN,Cypriniformes,Cyprinidae,Schizopyge nukiangensis,2013,PRESERVED_SPECIMEN
39.978855,116.27482,CN,Cypriniformes,Cyprinidae,Sarcocheilichthys nigripinnis,2024,HUMAN_OBSERVATION
23.118403,120.088635,TW,Perciformes,Haemulidae,Pomadasys argenteus,2016,HUMAN_OBSERVATION
24,120.69,TW,Cypriniformes,Balitoridae,Sinogastromyzon puliensis,2020,HUMAN_OBSERVATION
23.511984,120.439188,TW,Perciformes,Cichlidae,Oreochromis niloticus,2023,HUMAN_OBSERVATION
24.82305,120.99834,TW,Perciformes,Cichlidae,Coptodon zillii,2022,HUMAN_OBSERVATION
30.030046,122.120373,CN,Cyprinodontiformes,Poeciliidae,Gambusia affinis,2024,HUMAN_OBSERVATION
24.941839,121.894835,TW,Perciformes,Gobiidae,Stiphodon percnopterygionus,2023,HUMAN_OBSERVATION
23.582072,119.625735,TW,Perciformes,Lutjanidae,Lutjanus fulviflamma,2025,HUMAN_OBSERVATION
23.52317,120.54563,TW,Cypriniformes,Cyprinidae,Microphysogobio alticorpus,2022,HUMAN_OBSERVATION
22.401654,114.386324,HK,Perciformes,Apogonidae,Ostorhinchus fleurieu,2021,HUMAN_OBSERVATION
24.596,121.019,TW,Perciformes,Gobiidae,Rhinogobius candidianus,2005,OCCURRENCE
23.05,120.07,TW,Perciformes,Gerreidae,Gerres erythrourus,2015,OCCURRENCE
39.593887,97.66111,CN,Cypriniformes,Cyprinidae,Pimephales promelas,1995,PRESERVED_SPECIMEN
24.863508,121.550739,TW,Cypriniformes,Cyprinidae,Opsariichthys pachycephalus,1965,PRESERVED_SPECIMEN
19.35244,110.667361,CN,Perciformes,Gobiidae,Oligolepis acutipennis,2025,HUMAN_OBSERVATION
21.96,120.76,TW,Perciformes,Pomacentridae,Chromis margaritifer,2007,OCCURRENCE
24.94,121.89,TW,Perciformes,Kuhliidae,Kuhlia marginata,2018,HUMAN_OBSERVATION
24.47,120.57,TW,Perciformes,Carangidae,Megalaspis cordyla,2004,HUMAN_OBSERVATION
22.9734,121.16525,TW,Cypriniformes,Cyprinidae,Paratanakia himantegus,2023,HUMAN_OBSERVATION
23.114808,120.098873,TW,Mugiliformes,Mugilidae,Planiliza alata,2020,HUMAN_OBSERVATION
23.127064,120.055231,TW,Perciformes,Scatophagidae,Scatophagus argus,2021,HUMAN_OBSERVATION
24.02705,120.82696,TW,Cypriniformes,Cyprinidae,Acrossocheilus paradoxus,2020,HUMAN_OBSERVATION
18.266667,109.45,CN,Pleuronectiformes,Cynoglossidae,Cynoglossus arel,1990,PRESERVED_SPECIMEN
22.03,120.72,TW,Lophiiformes,Antennariidae,Antennarius nummifer,1989,OCCURRENCE
31.081532,120.963232,CN,Cypriniformes,Cyprinidae,Acheilognathus macropterus,2025,HUMAN_OBSERVATION
19.533333,109.583333,CN,Cypriniformes,Cyprinidae,Pseudohemiculter hainanensis,,PRESERVED_SPECIMEN
16.88,112.34,CN,Syngnathiformes,Syngnathidae,Hippocampus kuda,2013,PRESERVED_SPECIMEN
22.324739,120.368247,TW,Perciformes,Chaetodontidae,,2014,HUMAN_OBSERVATION
23.12773,121.1701,TW,Cypriniformes,Cyprinidae,Acrossocheilus paradoxus,2023,HUMAN_OBSERVATION
24.714645,121.708488,TW,Cypriniformes,Cyprinidae,Systomus rubripinnis,2018,HUMAN_OBSERVATION
24.582,121.867,TW,Perciformes,Mullidae,Upeneus moluccensis,2005,MATERIAL_SAMPLE
22.82,121.2,TW,Perciformes,Pempheridae,,2005,OCCURRENCE
26.513962,122.23586,TW,Aulopiformes,Synodontidae,,2009,PRESERVED_SPECIMEN
18.266667,109.45,CN,Perciformes,Terapontidae,Terapon theraps,1990,PRESERVED_SPECIMEN
22.87456,120.48675,TW,Cypriniformes,Cyprinidae,Acrossocheilus paradoxus,2006,OCCURRENCE
24.08134,120.99071,TW,Perciformes,Gobiidae,Rhinogobius candidianus,2021,HUMAN_OBSERVATION
22.505626,114.111046,HK,Cyprinodontiformes,Poeciliidae,Gambusia affinis,2026,HUMAN_OBSERVATION
23.76708,121.49777,TW,Cypriniformes,Cyprinidae,Opsariichthys pachycephalus,2023,HUMAN_OBSERVATION
23.05,120.07,TW,Mugiliformes,Mugilidae,Planiliza macrolepis,2014,OCCURRENCE
24.35444,120.94119,TW,Perciformes,Gobiidae,Rhinogobius candidianus,2022,HUMAN_OBSERVATION
23.75,114.72,CN,Cypriniformes,Cyprinidae,Toxabramis houdemeri,2015,PRESERVED_SPECIMEN
23.217991,121.270227,TW,Perciformes,Channidae,Channa striata,2022,HUMAN_OBSERVATION
23.99,111.72,CN,Cypriniformes,Cyprinidae,Hemiculterella sauvagei,2019,PRESERVED_SPECIMEN
23.66247,121.43381,TW,Cypriniformes,Cyprinidae,Acrossocheilus paradoxus,2023,HUMAN_OBSERVATION
22.25,120.37,TW,Squaliformes,Etmopteridae,Miroscyllium sheikoi,,HUMAN_OBSERVATION
24.796671,121.65915,TW,Cypriniformes,Cyprinidae,Rhodeus ocellatus,2022,HUMAN_OBSERVATION
22.507324,114.141512,HK,Cypriniformes,Cyprinidae,Hypophthalmichthys molitrix,2018,HUMAN_OBSERVATION
24.42,98.97,CN,Cypriniformes,Cyprinidae,Cyprinus carpio,2013,PRESERVED_SPECIMEN
23.78,120.71,TW,Cypriniformes,Balitoridae,Sinogastromyzon puliensis,2006,OCCURRENCE
21.95,120.79,TW,Perciformes,Lethrinidae,Lethrinus nebulosus,2008,OCCURRENCE
22.28902,114.150306,HK,Siluriformes,Clariidae,Clarias gariepinus,2025,HUMAN_OBSERVATION
38.073254,104.69114,CN,Synbranchiformes,Synbranchidae,Monopterus cuchia,,MATERIAL_SAMPLE
20.83,110.67,CN,Perciformes,Gobiidae,Pseudogobius masago,2016,PRESERVED_SPECIMEN
23.143842,120.076266,TW,Perciformes,Ambassidae,Ambassis vachellii,2017,HUMAN_OBSERVATION
24.82303,120.99818,TW,Cypriniformes,Cyprinidae,Opsariichthys pachycephalus,2023,HUMAN_OBSERVATION
21.755915,111.635296,CN,Perciformes,Osphronemidae,Macropodus opercularis,2024,HUMAN_OBSERVATION
23.821645,120.829742,TW,Cypriniformes,Cyprinidae,Spinibarbus hollandi,2023,HUMAN_OBSERVATION
24.789179,121.024378,TW,Perciformes,Cichlidae,,2021,HUMAN_OBSERVATION
24.03377,120.84611,TW,Cypriniformes,Cyprinidae,Acrossocheilus paradoxus,2022,HUMAN_OBSERVATION
37.4,122.51,CN,Pleuronectiformes,Scophthalmidae,Scophthalmus maximus,2018,MATERIAL_SAMPLE
23.43864,120.60528,TW,Cypriniformes,Cyprinidae,Acrossocheilus paradoxus,2022,HUMAN_OBSERVATION
24.933333,121.9,TW,Perciformes,Trichiuridae,Trichiurus lepturus,2017,PRESERVED_SPECIMEN
23.05,121.22,TW,Perciformes,Blenniidae,Salarias fasciatus,2007,OBSERVATION
21.33,109.04,CN,Syngnathiformes,Syngnathidae,Hippocampus spinosissimus,2012,MATERIAL_SAMPLE
18.876485,110.429291,CN,Perciformes,Gobiidae,Exyrias puntang,2024,HUMAN_OBSERVATION
22.0595,120.674,TW,Perciformes,Siganidae,Siganus virgatus,2010,MATERIAL_SAMPLE
23.383,116.65,CN,Perciformes,Sillaginidae,,,PRESERVED_SPECIMEN
39.994721,97.918053,CN,Cypriniformes,Cyprinidae,Macrhybopsis aestivalis,1995,PRESERVED_SPECIMEN
23.455944,120.487056,TW,Anguilliformes,Anguillidae,Anguilla marmorata,2023,HUMAN_OBSERVATION
22.9734,121.16525,TW,Perciformes,Gobiidae,Sicyopterus japonicus,2023,HUMAN_OBSERVATION
22.298669,114.276685,HK,Cypriniformes,Cyprinidae,Parazacco spilurus,2020,HUMAN_OBSERVATION
25.486275,122.103947,TW,Perciformes,Labridae,,2021,HUMAN_OBSERVATION
23.206319,121.288639,TW,Perciformes,Cichlidae,,2022,HUMAN_OBSERVATION
22.88,120.25,TW,Pleuronectiformes,Cynoglossidae,Cynoglossus puncticeps,1991,PRESERVED_SPECIMEN
20.65278,116.6943,TW,Perciformes,Acanthuridae,Zebrasoma veliferum,2011,PRESERVED_SPECIMEN
23.67331,120.66033,TW,Siluriformes,Bagridae,Pseudobagrus brevianalis,2005,OCCURRENCE
23.258614,121.298213,TW,Cypriniformes,Cyprinidae,Spinibarbus hollandi,2022,HUMAN_OBSERVATION
39.875933,116.330505,CN,Cypriniformes,Cyprinidae,Zacco sinensis,2025,HUMAN_OBSERVATION
34.11,113.42,CN,Cypriniformes,Cyprinidae,Cyprinus carpio,2018,MATERIAL_SAMPLE
24.03595,114.20388,CN,Cypriniformes,Cyprinidae,Osteochilus salsburyi,2023,PRESERVED_SPECIMEN
23.84614,121.52839,TW,Perciformes,Gobiidae,Sicyopterus japonicus,2022,HUMAN_OBSERVATION
23.08,120.48,TW,Perciformes,Gobiidae,Rhinogobius nantaiensis,2014,OCCURRENCE
24.245447,120.277673,TW,Perciformes,Menidae,Mene maculata,2022,PRESERVED_SPECIMEN
22.504238,114.152035,HK,Cypriniformes,Gyrinocheilidae,Gyrinocheilus aymonieri,2019,HUMAN_OBSERVATION
24.720833,121.720276,TW,Perciformes,Cichlidae,Geophagus brasiliensis,2018,HUMAN_OBSERVATION
24.718005,121.705625,TW,Cypriniformes,Cyprinidae,Acrossocheilus paradoxus,2018,HUMAN_OBSERVATION
44.92925,120.49735,CN,Cypriniformes,Nemacheilidae,Barbatula toni,,MATERIAL_SAMPLE
22.65,120.4,TW,Squaliformes,Etmopteridae,,,PRESERVED_SPECIMEN
21.929898,120.744018,TW,Perciformes,Lutjanidae,Lutjanus fulviflamma,2021,HUMAN_OBSERVATION
24.732782,121.699453,TW,Cyprinodontiformes,Poeciliidae,Poecilia reticulata,2025,HUMAN_OBSERVATION
22.47,120.43,TW,Perciformes,Carangidae,Scomberoides tol,2007,OCCURRENCE
24.721114,121.722047,TW,Cypriniformes,Cyprinidae,Systomus rubripinnis,2018,HUMAN_OBSERVATION
23.06,121.2,TW,Cypriniformes,Cyprinidae,Onychostoma alticorpus,2022,HUMAN_OBSERVATION
20.833,110.5,CN,Perciformes,Sillaginidae,,2017,MATERIAL_SAMPLE
23.50545,121.386489,TW,Perciformes,Gobiidae,Rhinogobius candidianus,2022,HUMAN_OBSERVATION
24.05,120.89,TW,Cypriniformes,Balitoridae,Hemimyzon formosanus,2005,OCCURRENCE
24.11051,120.69869,TW,Perciformes,Cichlidae,Oreochromis niloticus,2022,HUMAN_OBSERVATION
23.32195,121.33182,TW,Cypriniformes,Cyprinidae,Opsariichthys pachycephalus,2022,HUMAN_OBSERVATION
23.345679,121.305437,TW,Perciformes,Gobiidae,Sicyopterus japonicus,2022,HUMAN_OBSERVATION
23.10243,120.19461,TW,Perciformes,Leiognathidae,Leiognathus equulus,2005,OCCURRENCE
24.70417,121.17851,TW,Cypriniformes,Cyprinidae,Acrossocheilus paradoxus,2023,HUMAN_OBSERVATION
22.490595,120.38617,TW,Cyprinodontiformes,Poeciliidae,Poecilia latipinna,2023,HUMAN_OBSERVATION
24.61,121.81,TW,Cypriniformes,Cyprinidae,Opsariichthys evolans,2019,HUMAN_OBSERVATION
31.940153,117.385664,CN,Perciformes,Centrarchidae,,2025,HUMAN_OBSERVATION
22.836917,121.189351,TW,Perciformes,Carangidae,Scomberoides lysan,2021,PRESERVED_SPECIMEN
24.46878,120.95132,TW,Cypriniformes,Cyprinidae,Candidia barbata,2023,HUMAN_OBSERVATION
38.073254,104.69114,CN,Elopiformes,Elopidae,,,MATERIAL_SAMPLE
17.52,108.98,CN,Perciformes,Coryphaenidae,Coryphaena hippurus,,MATERIAL_SAMPLE
24.94,121.88,TW,Stomiiformes,Stomiidae,Astronesthes indicus,2001,OCCURRENCE
23.632182,120.777966,TW,Cypriniformes,Cyprinidae,Onychostoma barbatulum,2023,HUMAN_OBSERVATION
23.55607,120.164089,TW,Cyprinodontiformes,Poeciliidae,Poecilia latipinna,2022,HUMAN_OBSERVATION
21.943004,120.774427,TW,Myctophiformes,Myctophidae,,2014,PRESERVED_SPECIMEN
25.217871,121.360576,TW,Perciformes,Trichiuridae,Trichiurus lepturus,2020,PRESERVED_SPECIMEN
30.833333,108.433333,CN,Cypriniformes,Cyprinidae,Carassius auratus,,PRESERVED_SPECIMEN
36.098911,120.530656,CN,Perciformes,Sciaenidae,Miichthys miiuy,2025,HUMAN_OBSERVATION
24.84704,121.11132,TW,Perciformes,Gobiidae,Rhinogobius candidianus,2023,HUMAN_OBSERVATION
23.30714,115.72249,CN,Cypriniformes,Cyprinidae,Barbodes semifasciolatus,2023,PRESERVED_SPECIMEN
23.156826,121.23773,TW,Perciformes,Gobiidae,Rhinogobius candidianus,2022,HUMAN_OBSERVATION
23.09183,112.54185,CN,Cypriniformes,Cyprinidae,Ctenopharyngodon idella,2023,PRESERVED_SPECIMEN
21.269,108.343,CN,Mugiliformes,Mugilidae,,2013,MATERIAL_SAMPLE
23.697807,120.96051,TW,Perciformes,Nemipteridae,Nemipterus peronii,,MATERIAL_SAMPLE
23.05,121.24,TW,Perciformes,Siganidae,Siganus canaliculatus,2008,PRESERVED_SPECIMEN
23.21881,121.27029,TW,Perciformes,Gobiidae,Rhinogobius gigas,2022,HUMAN_OBSERVATION
24.133403,120.739237,TW,Perciformes,Gobiidae,Rhinogobius candidianus,2021,HUMAN_OBSERVATION
25.86,98.85,CN,Cypriniformes,Cyprinidae,Placocheilus cryptonemus,2012,PRESERVED_SPECIMEN
23.51328,120.3603,TW,Cypriniformes,Cyprinidae,Hemiculter leucisculus,2015,OCCURRENCE
23.4855,121.40355,TW,Perciformes,Gobiidae,Sicyopterus japonicus,2022,HUMAN_OBSERVATION
23.75255,119.608068,TW,Perciformes,Pomacentridae,Abudefduf sordidus,2014,HUMAN_OBSERVATION
30.250679,122.20811,CN,Cypriniformes,Cyprinidae,Rhodeus ocellatus,2025,HUMAN_OBSERVATION
25.21,121.69,TW,Mugiliformes,Mugilidae,,2002,OCCURRENCE
25.5,119.76,CN,Clupeiformes,Engraulidae,,2018,MATERIAL_SAMPLE
24.62,121.82,TW,Cypriniformes,Cyprinidae,Aphyocypris kikuchii,1991,HUMAN_OBSERVATION
31.181112,121.633291,CN,Perciformes,Lateolabracidae,Lateolabrax japonicus,2024,HUMAN_OBSERVATION
24.17696,120.62727,TW,Perciformes,Cichlidae,Coptodon zillii,2023,HUMAN_OBSERVATION
18.75,109.17,CN,Cypriniformes,Cyprinidae,Hemiculter leucisculus,2019,PRESERVED_SPECIMEN
25.4813,122.101767,TW,Perciformes,Carangidae,Caranx melampygus,2025,MACHINE_OBSERVATION
22.972693,120.222837,TW,Cypriniformes,Cyprinidae,Cyprinus rubrofuscus,2022,HUMAN_OBSERVATION
23.458222,120.457611,TW,Perciformes,Channidae,Channa striata,2023,HUMAN_OBSERVATION
24.777874,121.609085,TW,Cypriniformes,Cyprinidae,Rhodeus ocellatus,2024,HUMAN_OBSERVATION
24.56067,121.22296,TW,Perciformes,Cichlidae,Coptodon zillii,2022,HUMAN_OBSERVATION
23.258614,121.298213,TW,Cypriniformes,Cyprinidae,Opsariichthys pachycephalus,2022,HUMAN_OBSERVATION
23.1346,120.0717,TW,Scorpaeniformes,Platycephalidae,Platycephalus indicus,2022,MATERIAL_SAMPLE
24.707268,121.204881,TW,Cypriniformes,Cyprinidae,Acrossocheilus paradoxus,2021,HUMAN_OBSERVATION
23.41183,120.54753,TW,Perciformes,Gobiidae,Rhinogobius candidianus,2022,HUMAN_OBSERVATION
21.33,109.04,CN,Syngnathiformes,Syngnathidae,Hippocampus spinosissimus,2012,PRESERVED_SPECIMEN
23.112188,121.258037,TW,Cypriniformes,Cyprinidae,Candidia barbata,2024,HUMAN_OBSERVATION
22.651345,120.229916,TW,Cypriniformes,Cyprinidae,Rhodeus ocellatus,2025,HUMAN_OBSERVATION
24.94,121.89,TW,Syngnathiformes,Syngnathidae,Microphis leiaspis,2019,HUMAN_OBSERVATION
25.02996,121.32008,TW,Perciformes,Gobiidae,Rhinogobius rubromaculatus,2024,HUMAN_OBSERVATION
23.81177,121.45336,TW,Perciformes,Gobiidae,Rhinogobius candidianus,2023,HUMAN_OBSERVATION
24.17729,120.62782,TW,Cypriniformes,Cyprinidae,Opsariichthys pachycephalus,2023,HUMAN_OBSERVATION
23.114808,120.098873,TW,Perciformes,Monodactylidae,Monodactylus argenteus,2017,HUMAN_OBSERVATION
24.67,120.94,TW,Siluriformes,Bagridae,Pseudobagrus brevianalis,2005,OCCURRENCE
25.05,121.93,TW,Perciformes,Gobiidae,Bathygobius fuscus,2007,OCCURRENCE
26.52,120.17,CN,Perciformes,Leiognathidae,Photopectoralis bindus,2015,MATERIAL_SAMPLE
23.88444,120.92361,TW,Cypriniformes,Cyprinidae,Aphyocypris moltrechti,2008,PRESERVED_SPECIMEN
29.872343,122.271073,CN,Perciformes,Hapalogenyidae,Hapalogenys nigripinnis,2025,HUMAN_OBSERVATION
18.48,110.15,CN,Syngnathiformes,Syngnathidae,Doryichthys boaja,2012,PRESERVED_SPECIMEN
24.84721,121.11234,TW,Perciformes,Cichlidae,Geophagus brasiliensis,2023,HUMAN_OBSERVATION
22.65,120.4,TW,Clupeiformes,Pristigasteridae,Ilisha melastoma,2018,PRESERVED_SPECIMEN
27.94,116.35,CN,Cypriniformes,Cobitidae,Misgurnus anguillicaudatus,2017,MATERIAL_SAMPLE
23.6627,121.43457,TW,Cypriniformes,Cyprinidae,Opsariichthys pachycephalus,2022,HUMAN_OBSERVATION
24.06366,120.95713,TW,Cypriniformes,Cyprinidae,Opsariichthys pachycephalus,2023,HUMAN_OBSERVATION
25.13,121.46,TW,Perciformes,Sphyraenidae,Sphyraena jello,1998,OCCURRENCE
24.760652,121.786122,TW,Perciformes,Gobiidae,Rhinogobius leavelli,2024,HUMAN_OBSERVATION
23.41497,120.5065,TW,Perciformes,Gobiidae,Rhinogobius candidianus,2022,HUMAN_OBSERVATION
20.25,112.75,CN,Perciformes,Apogonidae,Ostorhinchus semilineatus,2015,PRESERVED_SPECIMEN
24.72193,121.10611,TW,Cypriniformes,Cyprinidae,Candidia barbata,2005,OCCURRENCE
25.02996,121.32008,TW,Perciformes,Gobiidae,Rhinogobius rubromaculatus,2024,HUMAN_OBSERVATION
17.75,109.25,CN,Perciformes,Carangidae,Parastromateus niger,2014,MATERIAL_SAMPLE
22.4968,120.4164,TW,Mugiliformes,Mugilidae,Planiliza subviridis,2023,HUMAN_OBSERVATION
24.78439,121.68989,TW,Perciformes,Gobiidae,Rhinogobius candidianus,2022,HUMAN_OBSERVATION
38.073254,104.69114,CN,Perciformes,Percichthyidae,Siniperca knerii,,MATERIAL_SAMPLE
23.114808,120.098873,TW,Mugiliformes,Mugilidae,Osteomugil cunnesius,2020,HUMAN_OBSERVATION
25.079744,121.915595,TW,Perciformes,Gobiidae,Bathygobius meggitti,2014,PRESERVED_SPECIMEN
24.6,120.82,TW,Cypriniformes,Cyprinidae,Opsariichthys pachycephalus,1997,OCCURRENCE
40.31,98.21,CN,Siluriformes,Ictaluridae,Ameiurus natalis,2007,PRESERVED_SPECIMEN
23.05826,120.27701,TW,Siluriformes,Loricariidae,Pterygoplichthys pardalis,2022,HUMAN_OBSERVATION
24.723236,121.72423,TW,Cypriniformes,Cyprinidae,Systomus rubripinnis,2018,HUMAN_OBSERVATION
30.678172,104.069358,CN,Cypriniformes,Cyprinidae,Carassius auratus,2026,HUMAN_OBSERVATION
21.916667,120.833333,TW,Scorpaeniformes,Scorpaenidae,Scorpaenopsis papuensis,1968,PRESERVED_SPECIMEN
23.328556,120.252361,TW,Perciformes,Eleotridae,Eleotris fusca,2023,HUMAN_OBSERVATION
23.12,120.45,TW,Perciformes,Gobiidae,Rhinogobius maculafasciatus,2014,OCCURRENCE
24.745419,121.768875,TW,Cypriniformes,Cyprinidae,Onychostoma barbatulum,2018,HUMAN_OBSERVATION
23.41114,120.54792,TW,Cypriniformes,Cyprinidae,Opsariichthys pachycephalus,2022,HUMAN_OBSERVATION
22.86992,120.16213,TW,Perciformes,Sciaenidae,Otolithes ruber,2016,OCCURRENCE
24.72242,121.10434,TW,Cypriniformes,Cyprinidae,Acrossocheilus paradoxus,2022,HUMAN_OBSERVATION
23.11,120.48,TW,Cypriniformes,Cyprinidae,Microphysogobio alticorpus,2014,OCCURRENCE
22.252797,114.054769,HK,Perciformes,Cichlidae,Hemichromis camerounensis,2022,HUMAN_OBSERVATION
24.674055,121.599542,TW,Perciformes,Gobiidae,Rhinogobius gigas,2026,HUMAN_OBSERVATION
28.694489,115.979762,CN,Beloniformes,Adrianichthyidae,Oryzias sinensis,2025,HUMAN_OBSERVATION
23.05858,120.27669,TW,Cypriniformes,Cyprinidae,Barbonymus gonionotus,2022,HUMAN_OBSERVATION
23.49719,120.30357,TW,Cyprinodontiformes,Poeciliidae,Gambusia affinis,2023,HUMAN_OBSERVATION
29.028974,120.451472,CN,Cypriniformes,Cyprinidae,Acrossocheilus fasciatus,2025,HUMAN_OBSERVATION
24.78083,121.503416,TW,Siluriformes,Bagridae,Tachysurus adiposalis,2024,HUMAN_OBSERVATION
24.43583,120.77639,TW,Cypriniformes,Cyprinidae,Opsariichthys pachycephalus,2010,HUMAN_OBSERVATION
22.503064,113.949142,CN,Perciformes,Gobiidae,Periophthalmus modestus,2025,HUMAN_OBSERVATION
24.53656,120.8154,TW,Perciformes,Cichlidae,Coptodon zillii,2023,HUMAN_OBSERVATION
25.01112,121.68075,TW,Perciformes,Gobiidae,Rhinogobius candidianus,2005,OCCURRENCE
23.55,119.56,TW,Perciformes,Serranidae,Epinephelus coioides,2006,OCCURRENCE
23.43922,120.60572,TW,Perciformes,Gobiidae,Rhinogobius candidianus,2022,HUMAN_OBSERVATION
38.073254,104.69114,CN,Perciformes,Carangidae,,,MATERIAL_SAMPLE
22.90609,121.14804,TW,Perciformes,Gobiidae,Rhinogobius gigas,2023,HUMAN_OBSERVATION
23.30714,115.72249,CN,Cypriniformes,Cyprinidae,Spinibarbus hollandi,2023,PRESERVED_SPECIMEN
29.166667,112.833333,CN,Anguilliformes,Anguillidae,Anguilla japonica,,PRESERVED_SPECIMEN
24.00033,120.9166,TW,Cypriniformes,Cyprinidae,Candidia barbata,2021,HUMAN_OBSERVATION
38.211388,98.320274,CN,Cypriniformes,Cyprinidae,Pimephales promelas,1997,PRESERVED_SPECIMEN
24.31,121.28,TW,Osmeriformes,Plecoglossidae,Plecoglossus altivelis,2000,OCCURRENCE
22.47703,120.45986,TW,Perciformes,Lutjanidae,Lutjanus argentimaculatus,2022,HUMAN_OBSERVATION
24.4116,120.86672,TW,Perciformes,Cichlidae,Oreochromis niloticus,2023,HUMAN_OBSERVATION
23.76707,121.49777,TW,Cypriniformes,Cyprinidae,Acrossocheilus paradoxus,2022,HUMAN_OBSERVATION
24.540188,118.169578,CN,Perciformes,Gobiidae,Tridentiger trigonocephalus,2018,HUMAN_OBSERVATION
22.91525,121.269124,TW,Perciformes,Kuhliidae,Kuhlia rupestris,2021,HUMAN_OBSERVATION
22.89306,121.09442,TW,Cypriniformes,Cyprinidae,Opsariichthys pachycephalus,2022,HUMAN_OBSERVATION
25.05,121.6,TW,Cypriniformes,Cobitidae,Paramisgurnus dabryanus,2007,OCCURRENCE
24.2899,120.90067,TW,Cypriniformes,Cyprinidae,Acrossocheilus paradoxus,2010,OCCURRENCE
24.46673,120.88581,TW,Cypriniformes,Cyprinidae,Acrossocheilus paradoxus,2023,HUMAN_OBSERVATION
22.119217,120.930839,TW,Cypriniformes,Cyprinidae,Barbodes semifasciolatus,2024,HUMAN_OBSERVATION
24.58437,121.33274,TW,Perciformes,Cichlidae,Vieja melanura,2022,HUMAN_OBSERVATION
24.2942,120.9113,TW,Perciformes,Gobiidae,Rhinogobius candidianus,2023,HUMAN_OBSERVATION
22.296463,113.933046,HK,Perciformes,Gerreidae,Gerres macracanthus,2020,HUMAN_OBSERVATION
19.26,108.18,CN,Perciformes,Gerreidae,,,MATERIAL_SAMPLE
22.246155,114.079972,HK,Perciformes,Lutjanidae,Lutjanus argentimaculatus,2024,HUMAN_OBSERVATION
24.760182,121.58361,TW,Cypriniformes,Cyprinidae,Candidia barbata,2025,HUMAN_OBSERVATION
24.207384,120.598424,TW,Perciformes,Channidae,Channa striata,2023,HUMAN_OBSERVATION
23.124482,120.074022,TW,Pleuronectiformes,Paralichthyidae,Pseudorhombus arsius,2015,HUMAN_OBSERVATION
24.97,98.87,CN,Cypriniformes,Cyprinidae,Schizopyge nukiangensis,2012,PRESERVED_SPECIMEN
24.23558,120.73916,TW,Perciformes,Gobiidae,Rhinogobius candidianus,2022,HUMAN_OBSERVATION
23.43478,120.49033,TW,Cypriniformes,Cyprinidae,Opsariichthys pachycephalus,2023,HUMAN_OBSERVATION
23.43525,120.48986,TW,Cypriniformes,Cyprinidae,Microphysogobio alticorpus,2023,HUMAN_OBSERVATION
22.9146,120.22451,TW,Perciformes,Eleotridae,Butis melanostigma,2022,HUMAN_OBSERVATION
24.70653,121.71777,TW,Cypriniformes,Cyprinidae,Opsariichthys pachycephalus,2022,HUMAN_OBSERVATION
24.71,121.83,TW,Perciformes,Eleotridae,Eleotris acanthopoma,2004,OCCURRENCE
24.35827,120.94715,TW,Siluriformes,Bagridae,Pseudobagrus brevianalis,2009,OCCURRENCE
24.58,121.86,TW,Perciformes,Chaetodontidae,Heniochus acuminatus,2005,OCCURRENCE
24.76,121.07,TW,Cypriniformes,Balitoridae,Formosania lacustre,2005,OCCURRENCE
23.89433,120.712078,TW,Perciformes,Cichlidae,Oreochromis niloticus,2021,HUMAN_OBSERVATION
22.381458,114.221145,HK,Cypriniformes,Balitoridae,Pseudogastromyzon myersi,2020,HUMAN_OBSERVATION
24.23647,120.73536,TW,Perciformes,Cichlidae,Oreochromis niloticus,2021,HUMAN_OBSERVATION
23.04334,121.18275,TW,Cypriniformes,Cyprinidae,Opsariichthys pachycephalus,2015,OCCURRENCE
39.940432,116.320074,CN,Cypriniformes,Cyprinidae,Acheilognathus rhombeus,2025,HUMAN_OBSERVATION
24.19678,120.50412,TW,Siluriformes,Ariidae,Arius maculatus,2004,OCCURRENCE
25.116,121.46373,TW,Mugiliformes,Mugilidae,Planiliza macrolepis,2022,HUMAN_OBSERVATION
24.9,118.89,CN,Perciformes,Carangidae,Megalaspis cordyla,2017,MATERIAL_SAMPLE
24.729722,121.688611,TW,Cypriniformes,Cyprinidae,Carassius auratus,2022,HUMAN_OBSERVATION
21.932,120.745,TW,Perciformes,Scaridae,Scarus ghobban,2026,HUMAN_OBSERVATION
22.125772,113.558442,MO,Perciformes,Cichlidae,Coptodon zillii,2025,HUMAN_OBSERVATION
22.244834,114.221882,HK,Perciformes,Monodactylidae,Monodactylus argenteus,2010,HUMAN_OBSERVATION
24.20347,121.01108,TW,Cypriniformes,Cyprinidae,Opsariichthys pachycephalus,2023,HUMAN_OBSERVATION
25.0389,102.718,CN,Cypriniformes,Cobitidae,Misgurnus anguillicaudatus,1934,PRESERVED_SPECIMEN
22.603,120.58306,TW,Anguilliformes,Anguillidae,Anguilla marmorata,2023,HUMAN_OBSERVATION
22.63,120.6,TW,Cypriniformes,Cyprinidae,Opsariichthys kaopingensis,2022,HUMAN_OBSERVATION
23.45891,120.17757,TW,Perciformes,Eleotridae,Eleotris fusca,2002,OCCURRENCE
23.8449,120.25753,TW,Siluriformes,Ariidae,Arius maculatus,2005,OCCURRENCE
28.903827,105.448153,CN,Cypriniformes,Cyprinidae,Pseudorasbora parva,2023,HUMAN_OBSERVATION
39.989166,99.472778,CN,Cypriniformes,Cyprinidae,Pimephales promelas,1995,PRESERVED_SPECIMEN
24.725047,121.680442,TW,Cypriniformes,Cyprinidae,Acrossocheilus paradoxus,2023,HUMAN_OBSERVATION
24.13414,120.73938,TW,Cypriniformes,Cyprinidae,Acrossocheilus paradoxus,2021,HUMAN_OBSERVATION
24.78,112.371,CN,Cypriniformes,Cyprinidae,Sinibrama melrosei,2019,MATERIAL_SAMPLE
23.50449,120.48187,TW,Cypriniformes,Cyprinidae,Acrossocheilus paradoxus,2023,HUMAN_OBSERVATION
22.44,120.47,TW,Perciformes,Apogonidae,Fibramia lateralis,2004,OCCURRENCE
25.091045,121.686964,TW,Cyprinodontiformes,Poeciliidae,Gambusia affinis,2024,HUMAN_OBSERVATION
24.159316,120.744225,TW,Cypriniformes,Cyprinidae,Candidia barbata,2022,HUMAN_OBSERVATION
23.06859,120.36004,TW,Cypriniformes,Cyprinidae,Barbonymus gonionotus,2023,HUMAN_OBSERVATION
23.09,120.48,TW,Perciformes,Cichlidae,,2014,OCCURRENCE
29.751997,120.250017,CN,Cypriniformes,Cyprinidae,Pseudorasbora parva,2024,HUMAN_OBSERVATION
22.63419,120.61,TW,Siluriformes,Loricariidae,Pterygoplichthys pardalis,2022,HUMAN_OBSERVATION
21.504444,101.553968,CN,Cypriniformes,Cyprinidae,Devario chrysotaeniatus,2022,HUMAN_OBSERVATION
23.48452,120.55383,TW,Perciformes,Gobiidae,Rhinogobius candidianus,2023,HUMAN_OBSERVATION
23.057027,120.701464,TW,Cypriniformes,Cyprinidae,Microphysogobio alticorpus,2024,HUMAN_OBSERVATION
24.979387,102.794309,CN,Cyprinodontiformes,Poeciliidae,Gambusia affinis,2025,HUMAN_OBSERVATION
24.4117,120.86675,TW,Perciformes,Cichlidae,Coptodon zillii,2023,HUMAN_OBSERVATION
24.6855,121.74122,TW,Perciformes,Gobiidae,Sicyopterus japonicus,2022,HUMAN_OBSERVATION
23.117097,113.025392,CN,Perciformes,Channidae,Channa asiatica,2023,HUMAN_OBSERVATION
23.260306,119.519556,TW,Anguilliformes,Muraenidae,,2018,HUMAN_OBSERVATION
23.51851,120.59372,TW,Perciformes,Gobiidae,Rhinogobius candidianus,2023,HUMAN_OBSERVATION
23.05472,121.19967,TW,Perciformes,Gobiidae,Rhinogobius candidianus,2022,HUMAN_OBSERVATION
22.446878,120.413762,TW,Cypriniformes,Cyprinidae,Zacco platypus,2025,HUMAN_OBSERVATION
26.49,98.9,CN,Siluriformes,Sisoridae,Creteuchiloglanis gongshanensis,2013,PRESERVED_SPECIMEN
23.554725,120.164169,TW,Perciformes,Gobiidae,Acentrogobius viganensis,2014,HUMAN_OBSERVATION
40.13,99.83,CN,Cypriniformes,Cyprinidae,Campostoma anomalum,2007,PRESERVED_SPECIMEN
25.1132,121.478,TW,Perciformes,Gobiidae,Periophthalmus modestus,2016,OCCURRENCE
21.98,120.7,TW,Tetraodontiformes,Balistidae,Balistoides conspicillum,1992,HUMAN_OBSERVATION
23.56,119.67,TW,Syngnathiformes,Syngnathidae,Hippocampus kuda,2003,HUMAN_OBSERVATION
22.46786,120.442701,TW,Gadiformes,Moridae,,2008,PRESERVED_SPECIMEN
22.483333,114.383333,HK,Perciformes,Leiognathidae,,1958,PRESERVED_SPECIMEN
23.12772,121.17011,TW,Cypriniformes,Cyprinidae,Opsariichthys pachycephalus,2022,HUMAN_OBSERVATION
25.141515,121.441566,TW,Cypriniformes,Cyprinidae,Candidia barbata,2026,HUMAN_OBSERVATION
23.68,121.4,TW,Cypriniformes,Balitoridae,Hemimyzon taitungensis,2002,OCCURRENCE
24.07657,120.7254,TW,Cypriniformes,Cyprinidae,Candidia barbata,2022,HUMAN_OBSERVATION
24.97,98.87,CN,Cypriniformes,Cyprinidae,Tariqilabeo bicornis,2012,PRESERVED_SPECIMEN
40.056401,116.192465,CN,Cypriniformes,Cyprinidae,Rhodeus ocellatus,2025,HUMAN_OBSERVATION
23.983056,120.9125,TW,Cypriniformes,Cyprinidae,Carassius auratus,2021,HUMAN_OBSERVATION
24.583333,121.966667,TW,Clupeiformes,Pristigasteridae,Ilisha melastoma,2018,PRESERVED_SPECIMEN
22.44,120.47,TW,Scorpaeniformes,Platycephalidae,Platycephalus indicus,2004,OCCURRENCE
22.058332,120.46667,TW,Perciformes,Carangidae,Caranx ignobilis,2004,PRESERVED_SPECIMEN
24.94,121.9,TW,Tetraodontiformes,Ostraciidae,Ostracion cubicus,1990,OCCURRENCE
23.19,120.49,TW,Perciformes,Channidae,Channa striata,2014,OCCURRENCE
23.391817,121.304194,TW,Cypriniformes,Cyprinidae,Acrossocheilus paradoxus,2021,HUMAN_OBSERVATION
24.7179,121.705436,TW,Perciformes,Gobiidae,Rhinogobius candidianus,2025,HUMAN_OBSERVATION
22.64845,120.43907,TW,Cypriniformes,Cyprinidae,Chanodichthys erythropterus,2022,HUMAN_OBSERVATION
22.32,122.1,TW,Anguilliformes,Congridae,Congriscus megastomus,2003,OCCURRENCE
24.176256,121.510283,TW,Cyprinodontiformes,Poeciliidae,Poecilia reticulata,2023,HUMAN_OBSERVATION
23.67331,120.66033,TW,Cypriniformes,Cyprinidae,Microphysogobio alticorpus,2006,OCCURRENCE
23.11,120.48,TW,Cypriniformes,Cyprinidae,Opsariichthys pachycephalus,2014,OCCURRENCE
24.715,121.141,TW,Cypriniformes,Cyprinidae,Acrossocheilus paradoxus,2021,HUMAN_OBSERVATION
21.933034,120.811458,TW,Tetraodontiformes,Tetraodontidae,,1968,PRESERVED_SPECIMEN
25.05029,121.016204,TW,Perciformes,Gobiidae,,2017,PRESERVED_SPECIMEN
22.97411,121.16531,TW,Cypriniformes,Cyprinidae,Paratanakia himantegus,2022,HUMAN_OBSERVATION
23.83901,121.52946,TW,Perciformes,Channidae,Channa striata,2018,OCCURRENCE
25.15146,121.44381,TW,Siluriformes,Ariidae,Arius maculatus,2015,OCCURRENCE
24.19,120.49,TW,Cypriniformes,Balitoridae,Sinogastromyzon puliensis,2020,HUMAN_OBSERVATION
22.87,120.48,TW,Cypriniformes,Cyprinidae,Onychostoma alticorpus,2022,HUMAN_OBSERVATION
24.56,121.54,TW,Anguilliformes,Nettastomatidae,,,MATERIAL_SAMPLE
22.125753,113.571489,MO,Beloniformes,Adrianichthyidae,Oryzias curvinotus,2025,HUMAN_OBSERVATION
24.295768,120.495915,TW,Perciformes,Leiognathidae,Eubleekeria splendens,2026,HUMAN_OBSERVATION
25.5,119.76,CN,Perciformes,Polynemidae,Polydactylus sextarius,2018,MATERIAL_SAMPLE
25.091045,121.686964,TW,Perciformes,Gobiidae,Rhinogobius similis,2024,HUMAN_OBSERVATION
23.41214,120.54722,TW,Cypriniformes,Cyprinidae,Opsariichthys pachycephalus,2023,HUMAN_OBSERVATION
23.50545,121.386489,TW,Perciformes,Gobiidae,Sicyopterus japonicus,2021,HUMAN_OBSERVATION
23.270459,121.289638,TW,Perciformes,Cichlidae,Parachromis managuensis,2021,HUMAN_OBSERVATION
22.205593,114.128434,HK,Perciformes,Gobiidae,Rhinogobius leavelli,2021,HUMAN_OBSERVATION
23.05463,121.1992,TW,Perciformes,Gobiidae,Rhinogobius candidianus,2023,HUMAN_OBSERVATION
23.89415,120.71146,TW,Perciformes,Cichlidae,Coptodon zillii,2023,HUMAN_OBSERVATION
24.961752,121.768937,TW,Cypriniformes,Cyprinidae,Opsariichthys evolans,2024,HUMAN_OBSERVATION
24.08134,120.99071,TW,Cypriniformes,Cyprinidae,Acrossocheilus paradoxus,2022,HUMAN_OBSERVATION
22.803,108.32,CN,Cypriniformes,Cyprinidae,,2018,MATERIAL_SAMPLE
23.116331,121.396829,TW,Perciformes,Chaetodontidae,,2017,HUMAN_OBSERVATION
22.200203,113.551114,MO,Cypriniformes,Cyprinidae,Cyprinus rubrofuscus,2026,HUMAN_OBSERVATION
42.48717,101.54627,CN,Cypriniformes,Cyprinidae,Notropis dorsalis,2008,PRESERVED_SPECIMEN
24.23558,120.73916,TW,Cypriniformes,Cyprinidae,Opsariichthys pachycephalus,2022,HUMAN_OBSERVATION
23.66227,121.43357,TW,Cypriniformes,Cyprinidae,Opsariichthys pachycephalus,2022,HUMAN_OBSERVATION
23.81765,120.70593,TW,Cypriniformes,Cyprinidae,Microphysogobio alticorpus,2023,HUMAN_OBSERVATION
24.23558,120.73916,TW,Cypriniformes,Cyprinidae,Carassius auratus,2022,HUMAN_OBSERVATION
30.4,116.93,CN,Cypriniformes,Cyprinidae,Chanodichthys erythropterus,2016,PRESERVED_SPECIMEN
23.724486,120.376524,TW,Cyprinodontiformes,Poeciliidae,Gambusia affinis,2026,HUMAN_OBSERVATION
25.183926,121.85097,TW,Cypriniformes,Cyprinidae,Hemibarbus labeo,2024,HUMAN_OBSERVATION
23.49719,120.30357,TW,Perciformes,Cichlidae,Oreochromis niloticus,2023,HUMAN_OBSERVATION
31.061719,121.40079,CN,Perciformes,Gobiidae,Boleophthalmus pectinirostris,2026,HUMAN_OBSERVATION
23.953,120.209,TW,Tetraodontiformes,Tetraodontidae,Takifugu oblongus,2019,MATERIAL_SAMPLE
29.166667,112.833333,CN,Cypriniformes,Cyprinidae,Gobiobotia nicholsi,,PRESERVED_SPECIMEN
24.23558,120.73916,TW,Cypriniformes,Cyprinidae,Opsariichthys pachycephalus,2022,HUMAN_OBSERVATION
22.79076,121.14574,TW,Perciformes,Gobiidae,Awaous melanocephalus,2002,OCCURRENCE
24.25341,120.82298,TW,Perciformes,Gobiidae,Rhinogobius candidianus,2012,OCCURRENCE
22.57,113.78,CN,Syngnathiformes,Syngnathidae,Hippichthys cyanospilos,2014,PRESERVED_SPECIMEN
22.427248,114.180398,HK,Cypriniformes,Cyprinidae,Parazacco spilurus,2026,HUMAN_OBSERVATION
24.72273,121.12413,TW,Cypriniformes,Cobitidae,Cobitis sinensis,2005,OCCURRENCE
24.18514,120.91321,TW,Cypriniformes,Cyprinidae,Acrossocheilus paradoxus,2012,OCCURRENCE
23.156826,121.23773,TW,Cypriniformes,Cyprinidae,Acrossocheilus paradoxus,2022,HUMAN_OBSERVATION
24.76,120.35,TW,Pleuronectiformes,Bothidae,,,HUMAN_OBSERVATION
24.66,121.07,TW,Cypriniformes,Balitoridae,Formosania lacustre,2015,OCCURRENCE
22.87317,120.48492,TW,Cypriniformes,Cobitidae,Cobitis sinensis,2022,HUMAN_OBSERVATION
24.08134,120.99071,TW,Cypriniformes,Cyprinidae,Acrossocheilus paradoxus,2021,HUMAN_OBSERVATION
22.367,112.681,CN,Cypriniformes,Cyprinidae,,2017,MATERIAL_SAMPLE
23.27,121.28,TW,Cypriniformes,Cyprinidae,Barbodes snyderi,2022,HUMAN_OBSERVATION
20.78017,116.8149,TW,Perciformes,Scombridae,Auxis rochei,2011,PRESERVED_SPECIMEN
21.731126,111.710431,CN,Siluriformes,Clariidae,Clarias gariepinus,2025,HUMAN_OBSERVATION
25.484777,122.102972,TW,Perciformes,Acanthuridae,Zebrasoma veliferum,2022,HUMAN_OBSERVATION
24.88,121.28,TW,Siluriformes,Bagridae,Tachysurus adiposalis,2016,OCCURRENCE
24.19867,120.63522,TW,Perciformes,Cichlidae,Oreochromis niloticus,2021,HUMAN_OBSERVATION
23.455944,120.487056,TW,Perciformes,Gobiidae,Rhinogobius candidianus,2023,HUMAN_OBSERVATION
24.726318,121.709258,TW,Cypriniformes,Cyprinidae,Cyprinus rubrofuscus,2025,HUMAN_OBSERVATION
24.732,121.249,TW,Cypriniformes,Cyprinidae,Acrossocheilus paradoxus,2021,HUMAN_OBSERVATION
25.091045,121.686964,TW,Cyprinodontiformes,Poeciliidae,Gambusia affinis,2024,HUMAN_OBSERVATION
23.2,113.266667,CN,Osmeriformes,Salangidae,Neosalanx brevirostris,,PRESERVED_SPECIMEN
25.2,121.68,TW,Perciformes,Blenniidae,Istiblennius dussumieri,1968,PRESERVED_SPECIMEN
41.749833,123.478845,CN,Cypriniformes,Cyprinidae,Rhodeus sinensis,2025,HUMAN_OBSERVATION
23.51198,120.43919,TW,Cyprinodontiformes,Poeciliidae,Poecilia reticulata,2022,HUMAN_OBSERVATION
24.730059,121.698673,TW,Perciformes,Cichlidae,Geophagus brasiliensis,2024,HUMAN_OBSERVATION
23.05533,121.2,TW,Perciformes,Gobiidae,Sicyopterus japonicus,2022,HUMAN_OBSERVATION
24.180254,120.629011,TW,Perciformes,Cichlidae,Parachromis managuensis,2016,HUMAN_OBSERVATION
23.891,106.62,CN,Cypriniformes,Cyprinidae,Ancherythroculter lini,2019,MATERIAL_SAMPLE
18.14,108.28,CN,Perciformes,Apogonidae,,,MATERIAL_SAMPLE
24.078633,120.262617,TW,Perciformes,Scombridae,Thunnus albacares,2021,PRESERVED_SPECIMEN
23.648783,120.053883,TW,Mugiliformes,Mugilidae,Planiliza affinis,2021,PRESERVED_SPECIMEN
22.44,120.47,TW,Perciformes,Apogonidae,Fibramia lateralis,2004,OCCURRENCE
25.091045,121.686964,TW,Perciformes,Cichlidae,,2024,HUMAN_OBSERVATION
24.245206,121.219702,TW,Salmoniformes,Salmonidae,Oncorhynchus formosanus,2020,HUMAN_OBSERVATION
24.47,120.95,TW,Cypriniformes,Balitoridae,Hemimyzon formosanus,2023,HUMAN_OBSERVATION
23.88,120.73,TW,Cypriniformes,Balitoridae,Sinogastromyzon puliensis,2020,HUMAN_OBSERVATION
25.5,119.76,CN,Siluriformes,Ariidae,Netuma thalassina,2018,PRESERVED_SPECIMEN
25.15146,121.444,TW,Elopiformes,Elopidae,Elops machnata,2016,OCCURRENCE
24.1784,120.7378,TW,Cypriniformes,Cyprinidae,Carassius auratus,2021,HUMAN_OBSERVATION
25.05,121.6,TW,Cypriniformes,Cyprinidae,Sinibrama macrops,1977,OCCURRENCE
22.97464,121.16506,TW,Perciformes,Gobiidae,Sicyopterus japonicus,2022,HUMAN_OBSERVATION
23.858865,120.920097,TW,Cypriniformes,Cobitidae,,1919,PRESERVED_SPECIMEN
28.329026,121.508632,CN,Perciformes,Gobiidae,Oxuderces dentatus,2021,HUMAN_OBSERVATION
23.143842,120.076266,TW,Mugiliformes,Mugilidae,Planiliza alata,2016,HUMAN_OBSERVATION
31.786667,121.141389,CN,Cypriniformes,Catostomidae,Myxocyprinus asiaticus,,PRESERVED_SPECIMEN
24.72958,121.688483,TW,Cypriniformes,Cyprinidae,Acrossocheilus paradoxus,2022,HUMAN_OBSERVATION
24.01,120.73,TW,Cypriniformes,Balitoridae,Formosania lacustre,2004,OCCURRENCE
20.71287,116.7809,TW,Perciformes,Latidae,Psammoperca waigiensis,2011,PRESERVED_SPECIMEN
17.07,109.74,CN,Scorpaeniformes,Scorpaenidae,Pterois russelii,2008,PRESERVED_SPECIMEN
25.07,121.928,TW,Perciformes,Scombridae,Auxis rochei,2007,MATERIAL_SAMPLE
23.398925,120.511337,TW,Cypriniformes,Cyprinidae,Candidia barbata,2021,HUMAN_OBSERVATION
22.44,120.47,TW,Perciformes,Leiognathidae,Secutor ruconius,2004,MATERIAL_SAMPLE
25.1639,121.42154,TW,Mugiliformes,Mugilidae,Planiliza macrolepis,2015,OCCURRENCE
23.6627,121.43457,TW,Cypriniformes,Cyprinidae,Opsariichthys pachycephalus,2022,HUMAN_OBSERVATION
23.142711,121.266424,TW,Perciformes,Cichlidae,Coptodon zillii,2022,HUMAN_OBSERVATION
24.23558,120.73916,TW,Perciformes,Cichlidae,Oreochromis niloticus,2022,HUMAN_OBSERVATION
22.6559,121.474,TW,Perciformes,Chaetodontidae,Heniochus acuminatus,2010,HUMAN_OBSERVATION
23.466328,111.290231,CN,Cypriniformes,Cyprinidae,Pseudohemiculter dispar,1934,PRESERVED_SPECIMEN
22.25,120.37,TW,Perciformes,Sparidae,Dentex tumifrons,2001,HUMAN_OBSERVATION
23.475811,120.245247,TW,Cyprinodontiformes,Poeciliidae,Gambusia affinis,2023,HUMAN_OBSERVATION
23.31659,120.15,TW,Cypriniformes,Cyprinidae,Hypsibarbus pierrei,2005,OCCURRENCE
23.04295,121.18219,TW,Cypriniformes,Cyprinidae,Opsariichthys pachycephalus,2015,OCCURRENCE
22.560924,114.326563,HK,Siluriformes,Bagridae,Tachysurus trilineatus,2013,HUMAN_OBSERVATION
26.090319,98.585891,CN,Cypriniformes,Cyprinidae,Placocheilus cryptonemus,2005,PRESERVED_SPECIMEN
27.871372,108.621,CN,Cypriniformes,Balitoridae,Vanmanenia marmorata,2017,PRESERVED_SPECIMEN
36.311668,120.726035,CN,Perciformes,Lateolabracidae,Lateolabrax japonicus,2022,HUMAN_OBSERVATION
23.6347,120.49771,TW,Perciformes,Cichlidae,,2024,HUMAN_OBSERVATION
24.07657,120.72541,TW,Perciformes,Cichlidae,Oreochromis niloticus,2021,HUMAN_OBSERVATION
23.433018,120.517211,TW,Cypriniformes,Cyprinidae,Onychostoma barbatulum,2021,HUMAN_OBSERVATION
25.02996,121.32008,TW,Perciformes,Gobiidae,Rhinogobius rubromaculatus,2023,HUMAN_OBSERVATION
24.9,118.89,CN,Perciformes,Sillaginidae,Sillago sihama,2017,MATERIAL_SAMPLE
22.45,120.416667,TW,Chimaeriformes,Chimaeridae,Hydrolagus ogilbyi,2017,PRESERVED_SPECIMEN
24.03,120.84,TW,Cypriniformes,Cyprinidae,Onychostoma alticorpus,2021,HUMAN_OBSERVATION
23.118403,120.088635,TW,Perciformes,Gerreidae,Gerres macracanthus,2018,HUMAN_OBSERVATION
43.827906,126.577317,CN,Cypriniformes,Cyprinidae,Rhynchocypris lagowskii,2025,HUMAN_OBSERVATION
24.994261,121.32122,TW,Cypriniformes,Cyprinidae,Cyprinus rubrofuscus,2021,HUMAN_OBSERVATION
32.106464,118.739669,CN,Perciformes,Gobiidae,Rhinogobius giurinus,,PRESERVED_SPECIMEN
23.66839,120.50919,TW,Perciformes,Cichlidae,,2024,HUMAN_OBSERVATION
25.091045,121.686964,TW,Perciformes,Cichlidae,,2024,HUMAN_OBSERVATION
24.20344,121.01007,TW,Cypriniformes,Cyprinidae,Acrossocheilus paradoxus,2023,HUMAN_OBSERVATION
29.97,113.68,CN,Perciformes,Carangidae,Trachinotus ovatus,2013,PRESERVED_SPECIMEN
23.80614,120.84605,TW,Perciformes,Gobiidae,Rhinogobius candidianus,2023,HUMAN_OBSERVATION
25.05029,121.016204,TW,Perciformes,Carangidae,Scomberoides tol,2017,PRESERVED_SPECIMEN
24.35649,120.94214,TW,Perciformes,Gobiidae,Rhinogobius candidianus,2023,HUMAN_OBSERVATION
31.413994,121.579277,CN,Perciformes,Gobiidae,Boleophthalmus pectinirostris,,PRESERVED_SPECIMEN
22.77115,120.45037,TW,Cypriniformes,Cyprinidae,Carassius auratus,2005,OCCURRENCE
24.15905,120.74417,TW,Cypriniformes,Cyprinidae,Opsariichthys pachycephalus,2021,HUMAN_OBSERVATION
24.67,122.18,TW,Stomiiformes,Sternoptychidae,,,OCCURRENCE
22.99,120.55,TW,Perciformes,Gobiidae,Rhinogobius nantaiensis,2022,HUMAN_OBSERVATION
23.68114,121.43293,TW,Cypriniformes,Cyprinidae,Opsariichthys pachycephalus,2018,OCCURRENCE
23.68,120.49,TW,Cypriniformes,Cyprinidae,Gobiobotia cheni,2023,HUMAN_OBSERVATION
33.203499,103.903692,CN,Cypriniformes,Cyprinidae,Schizopygopsis kialingensis,2026,HUMAN_OBSERVATION
24.7278,121.688939,TW,Cypriniformes,Cyprinidae,Carassius auratus,2025,HUMAN_OBSERVATION
24.48,118.1,CN,Perciformes,Trichiuridae,Lepturacanthus savala,2017,PRESERVED_SPECIMEN
22.216987,114.175598,HK,Perciformes,Serranidae,,1930,PRESERVED_SPECIMEN
21.931175,120.745089,TW,Perciformes,Acanthuridae,Zebrasoma veliferum,2024,HUMAN_OBSERVATION
31.199628,121.701462,CN,Perciformes,Gobiidae,Periophthalmus modestus,2025,HUMAN_OBSERVATION
35.9228,91.253,CN,Perciformes,Percidae,Percina vigil,,MATERIAL_SAMPLE
18.01,108.57,CN,Perciformes,Leiognathidae,,,MATERIAL_SAMPLE
25.5,119.76,CN,Perciformes,Leiognathidae,Nuchequula nuchalis,2018,MATERIAL_SAMPLE
24.70373,121.21278,TW,Cypriniformes,Cyprinidae,Acrossocheilus paradoxus,2004,OCCURRENCE
27.99,120.7,CN,Perciformes,Eleotridae,Bostrychus sinensis,2019,PRESERVED_SPECIMEN
22.97544,120.3548,TW,Cypriniformes,Cyprinidae,Opsariichthys pachycephalus,2022,HUMAN_OBSERVATION
24.79,121.03,TW,Cypriniformes,Cyprinidae,Onychostoma alticorpus,2021,HUMAN_OBSERVATION
23.311157,121.248866,TW,Cypriniformes,Cyprinidae,Candidia barbata,2022,HUMAN_OBSERVATION
29.2,95.09,CN,Cypriniformes,Cyprinidae,Schizothorax curvilabiatus,2024,MATERIAL_SAMPLE
21.93,120.82,TW,Perciformes,Siganidae,,2004,OCCURRENCE
24.59,121.87,TW,Atheriniformes,Atherinidae,,2005,OCCURRENCE
22.153622,113.560828,MO,Cyprinodontiformes,Poeciliidae,Gambusia affinis,2026,HUMAN_OBSERVATION
22.87566,120.36216,TW,Perciformes,Cichlidae,Oreochromis niloticus,2023,HUMAN_OBSERVATION
23.328556,120.252361,TW,Cypriniformes,Cyprinidae,Barbonymus gonionotus,2023,HUMAN_OBSERVATION
22.90519,121.14792,TW,Perciformes,Gobiidae,Rhinogobius candidianus,2022,HUMAN_OBSERVATION
24.03377,120.84611,TW,Cypriniformes,Cyprinidae,Opsariichthys pachycephalus,2022,HUMAN_OBSERVATION
41.752145,123.402588,CN,Perciformes,Channidae,Channa argus,2025,HUMAN_OBSERVATION
25.141977,121.802388,TW,Perciformes,Gobiidae,Bathygobius fuscus,2018,HUMAN_OBSERVATION
24.11,120.55,TW,Cypriniformes,Balitoridae,Sinogastromyzon puliensis,2020,HUMAN_OBSERVATION
23.124482,120.074022,TW,Mugiliformes,Mugilidae,Osteomugil perusii,2017,HUMAN_OBSERVATION
40.58222,117.20527,CN,Cypriniformes,Nemacheilidae,Barbatula toni,2003,PRESERVED_SPECIMEN
23.455583,120.488639,TW,Cypriniformes,Cyprinidae,Microphysogobio alticorpus,2023,HUMAN_OBSERVATION
37.9025,98.173332,CN,Cypriniformes,Cyprinidae,Pimephales vigilax,1996,PRESERVED_SPECIMEN
24.716308,121.723183,TW,Cypriniformes,Cyprinidae,Opsariichthys pachycephalus,2018,HUMAN_OBSERVATION
22.216987,114.175598,CN,Perciformes,Sciaenidae,Johnius weberi,,PRESERVED_SPECIMEN
23.8686,109.8946,CN,Cypriniformes,Nemacheilidae,,2005,MATERIAL_CITATION
23.40358,120.38233,TW,Cypriniformes,Cyprinidae,Microphysogobio alticorpus,2022,HUMAN_OBSERVATION
23.217991,121.270227,TW,Perciformes,Channidae,Channa striata,2022,HUMAN_OBSERVATION
25.05029,121.016204,TW,Clupeiformes,Clupeidae,,2019,PRESERVED_SPECIMEN
27.67,98.73,CN,Cypriniformes,Cyprinidae,Schizothorax gongshanensis,2013,PRESERVED_SPECIMEN
24.10666,120.61541,TW,Perciformes,Gobiidae,Rhinogobius rubromaculatus,2005,OCCURRENCE
21.943004,120.774427,TW,Clupeiformes,Clupeidae,,2014,PRESERVED_SPECIMEN
23.2977,121.25955,TW,Cypriniformes,Cyprinidae,Aphyocypris kikuchii,2018,HUMAN_OBSERVATION
20.66476,116.8137,TW,Aulopiformes,Synodontidae,,2011,PRESERVED_SPECIMEN
39.40011,112.73468,CN,Cypriniformes,Cyprinidae,Abbottina rivularis,2019,PRESERVED_SPECIMEN
23.41214,120.54722,TW,Perciformes,Gobiidae,Rhinogobius candidianus,2023,HUMAN_OBSERVATION
23.93656,120.68072,TW,Perciformes,Cichlidae,Oreochromis niloticus,2021,HUMAN_OBSERVATION
23.43053,120.43006,TW,Cypriniformes,Cyprinidae,Barbonymus gonionotus,2023,HUMAN_OBSERVATION
24.11051,120.69869,TW,Perciformes,Cichlidae,Oreochromis niloticus,2021,HUMAN_OBSERVATION
22.200833,114.257778,HK,Myliobatiformes,Dasyatidae,Telatrygon zugei,1957,PRESERVED_SPECIMEN
38.073254,104.69114,CN,Cypriniformes,Cyprinidae,Gymnocypris eckloni,,MATERIAL_SAMPLE
40.50821,96.13858,CN,Cypriniformes,Cyprinidae,Semotilus atromaculatus,2009,PRESERVED_SPECIMEN
31.22789,121.372145,CN,Perciformes,Centrarchidae,,2024,HUMAN_OBSERVATION
22.661311,121.50835,TW,Anguilliformes,Muraenidae,Gymnothorax pictus,2025,HUMAN_OBSERVATION
39.450279,98.950836,CN,Cypriniformes,Cyprinidae,Campostoma anomalum,1996,PRESERVED_SPECIMEN
20.25,108.75,CN,Aulopiformes,Synodontidae,,,MATERIAL_SAMPLE
20.317,114.467,CN,Perciformes,Serranidae,,2015,MATERIAL_SAMPLE
38.073254,104.69114,CN,Siluriformes,Siluridae,Silurus asotus,2013,MATERIAL_SAMPLE
23.07,111.84,CN,Cypriniformes,Cyprinidae,Xenocypris davidi,2017,PRESERVED_SPECIMEN
23.57,119.56,TW,Perciformes,Leiognathidae,Leiognathus berbis,1946,OCCURRENCE
23.80573,120.84597,TW,Perciformes,Gobiidae,Rhinogobius candidianus,2023,HUMAN_OBSERVATION
19.39,109.55,CN,Cypriniformes,Cyprinidae,Culter recurviceps,2019,PRESERVED_SPECIMEN
22.907861,113.532419,CN,Perciformes,Gobiidae,Periophthalmus magnuspinnatus,2021,HUMAN_OBSERVATION
38.073254,104.69114,CN,Siluriformes,Sisoridae,Creteuchiloglanis macropterus,,MATERIAL_SAMPLE
23.08315,120.52084,TW,Cypriniformes,Cyprinidae,Hemiculter leucisculus,2005,OCCURRENCE
24.582,121.867,TW,Aulopiformes,Aulopidae,,2005,MATERIAL_SAMPLE
23.114808,120.098873,TW,Perciformes,Haemulidae,Pomadasys argenteus,2017,HUMAN_OBSERVATION
25.139228,121.802765,TW,Perciformes,Tripterygiidae,Enneapterygius etheostomus,2008,PRESERVED_SPECIMEN
25.091045,121.686964,TW,Cyprinodontiformes,Poeciliidae,Gambusia affinis,2024,HUMAN_OBSERVATION
22.65,120.4,TW,Perciformes,Leiognathidae,Secutor indicius,2018,PRESERVED_SPECIMEN
22.445833,114.25,HK,Perciformes,Carangidae,,1958,PRESERVED_SPECIMEN
38.073254,104.69114,CN,Cypriniformes,Cyprinidae,Squaliobarbus curriculus,2010,MATERIAL_SAMPLE
24.720556,121.719719,TW,Cyprinodontiformes,Poeciliidae,Gambusia affinis,2018,HUMAN_OBSERVATION
24.311943,120.549644,TW,Perciformes,Gobiidae,Boleophthalmus pectinirostris,2019,HUMAN_OBSERVATION
21.07,111.56,CN,Mugiliformes,Mugilidae,Osteomugil cunnesius,2007,PRESERVED_SPECIMEN
22.91,120.72,TW,Cypriniformes,Balitoridae,Formosania lacustre,2002,OCCURRENCE
23.45561,120.48861,TW,Cypriniformes,Cyprinidae,Opsariichthys pachycephalus,2022,HUMAN_OBSERVATION
23.12,120.38,TW,Cypriniformes,Cyprinidae,Hypsibarbus pierrei,2014,OCCURRENCE
26.866667,118.116667,CN,Cypriniformes,Cyprinidae,Rhodeus ocellatus,,PRESERVED_SPECIMEN
22.97389,121.16508,TW,Perciformes,Gobiidae,Rhinogobius candidianus,2022,HUMAN_OBSERVATION
24.78456,121.68931,TW,Cypriniformes,Cyprinidae,Opsariichthys pachycephalus,2022,HUMAN_OBSERVATION
22.05,121.5,TW,Perciformes,Blenniidae,Cirripectes castaneus,1979,OCCURRENCE
21.91717,114.2578,CN,Beloniformes,Belonidae,Strongylura leiura,1861,PRESERVED_SPECIMEN
22.36158,114.37579,HK,Perciformes,Lutjanidae,Lutjanus russellii,2023,HUMAN_OBSERVATION
25.091045,121.686964,TW,Perciformes,Cichlidae,,2024,HUMAN_OBSERVATION
23.49571,120.51677,TW,Cypriniformes,Cyprinidae,Paratanakia himantegus,2023,HUMAN_OBSERVATION
36.46,120.74385,CN,Perciformes,Gobiidae,Periophthalmus modestus,2024,HUMAN_OBSERVATION
29.929911,122.254211,CN,Beloniformes,Adrianichthyidae,Oryzias sinensis,2025,HUMAN_OBSERVATION
22.009496,120.811309,TW,Perciformes,Gobiidae,Schismatogobius ampluvinculus,2025,HUMAN_OBSERVATION
28.89972,111.48305,CN,Cypriniformes,Cyprinidae,Opsariichthys bidens,2002,PRESERVED_SPECIMEN
24.338493,120.625012,TW,Cypriniformes,Cyprinidae,Opsariichthys pachycephalus,2022,HUMAN_OBSERVATION
23.79,120.64,TW,Cypriniformes,Balitoridae,Sinogastromyzon puliensis,2022,HUMAN_OBSERVATION
24.71,121.83,TW,Anguilliformes,Anguillidae,Anguilla marmorata,2005,OCCURRENCE
23.713534,120.412887,TW,Synbranchiformes,Synbranchidae,Monopterus albus,2021,HUMAN_OBSERVATION
39.840279,100.99028,CN,Cypriniformes,Cyprinidae,Pimephales promelas,1996,PRESERVED_SPECIMEN
23.13,111.8,CN,Siluriformes,Bagridae,Hemibagrus guttatus,2017,PRESERVED_SPECIMEN
24.702667,120.71015,TW,Aulopiformes,Synodontidae,Synodus myops,2020,PRESERVED_SPECIMEN
23.68,117.51,CN,Gasterosteiformes,Pegasidae,Pegasus volitans,2012,MATERIAL_SAMPLE
40.413887,98.305557,CN,Cypriniformes,Cyprinidae,Cyprinus carpio,1997,PRESERVED_SPECIMEN
25.091045,121.686964,TW,Cyprinodontiformes,Poeciliidae,Gambusia affinis,2024,HUMAN_OBSERVATION
24.75,120.36,TW,Scorpaeniformes,Synanceiidae,Inimicus didactylus,2002,OCCURRENCE
22.60308,120.58303,TW,Perciformes,Cichlidae,Oreochromis niloticus,2022,HUMAN_OBSERVATION
23.43886,120.606,TW,Cypriniformes,Cyprinidae,Opsariichthys pachycephalus,2023,HUMAN_OBSERVATION
22.260937,114.128957,HK,Perciformes,Gobiidae,Rhinogobius leavelli,2020,HUMAN_OBSERVATION
22.45,114.164722,HK,Clupeiformes,Clupeidae,,,PRESERVED_SPECIMEN
26.09196,120.54154,CN,Perciformes,Echeneidae,,,PRESERVED_SPECIMEN
23.82,120.71,TW,Cypriniformes,Cyprinidae,Gobiobotia cheni,2015,OCCURRENCE
23.192165,120.090172,TW,Perciformes,Gobiidae,Periophthalmus modestus,2024,HUMAN_OBSERVATION
24.0978,120.62405,TW,Perciformes,Cichlidae,Oreochromis niloticus,2021,HUMAN_OBSERVATION
23.52461,120.54635,TW,Perciformes,Gobiidae,Rhinogobius candidianus,2016,OCCURRENCE
23.305965,120.108181,TW,Mugiliformes,Mugilidae,Planiliza macrolepis,2014,PRESERVED_SPECIMEN
24.997726,121.445358,TW,Perciformes,Eleotridae,Oxyeleotris marmorata,2026,HUMAN_OBSERVATION
23.114808,120.098873,TW,Perciformes,Gobiidae,Glossogobius giuris,2021,HUMAN_OBSERVATION
25.06321,121.50651,TW,Perciformes,Leiognathidae,Eubleekeria splendens,2015,OCCURRENCE
23.62696,120.65878,TW,Perciformes,Gobiidae,Rhinogobius candidianus,2023,HUMAN_OBSERVATION
21.67,117.71,TW,Gadiformes,Macrouridae,,,OCCURRENCE
24.13406,120.73939,TW,Cypriniformes,Cyprinidae,Opsariichthys pachycephalus,2005,OCCURRENCE
22.29,120.17,TW,Stomiiformes,Sternoptychidae,,2001,HUMAN_OBSERVATION
24.686,121.017,TW,Perciformes,Gobiidae,Rhinogobius candidianus,2006,OCCURRENCE
25.27,110.28,CN,Cypriniformes,Cobitidae,Misgurnus anguillicaudatus,2017,MATERIAL_SAMPLE
22.325103,114.35741,HK,Perciformes,Gobiidae,Oligolepis acutipennis,2022,HUMAN_OBSERVATION
22.87,120.49,TW,Cypriniformes,Cyprinidae,Opsariichthys kaopingensis,2022,HUMAN_OBSERVATION
24.62129,121.00587,TW,Cypriniformes,Cyprinidae,Opsariichthys evolans,2023,HUMAN_OBSERVATION
25.1,121.25,TW,Anguilliformes,Anguillidae,Anguilla japonica,,MATERIAL_SAMPLE
22.36178,112.69685,CN,Perciformes,Eleotridae,Eleotris oxycephala,2023,PRESERVED_SPECIMEN
30.839401,120.436813,CN,Cypriniformes,Cyprinidae,Carassius auratus,2026,HUMAN_OBSERVATION
24.49,120.8,TW,Cypriniformes,Balitoridae,Hemimyzon formosanus,2022,HUMAN_OBSERVATION
23.79549,120.78127,TW,Perciformes,Cichlidae,Oreochromis niloticus,2023,HUMAN_OBSERVATION
32.092448,118.75321,CN,Cypriniformes,Cyprinidae,Squaliobarbus curriculus,2023,HUMAN_OBSERVATION
22.16328,120.69869,TW,Perciformes,Rhyacichthyidae,Rhyacichthys aspro,2010,HUMAN_OBSERVATION
23.514716,120.179729,TW,Siluriformes,Ariidae,Arius maculatus,2023,HUMAN_OBSERVATION
23.16,120.64,TW,Perciformes,Gobiidae,Rhinogobius nantaiensis,2022,HUMAN_OBSERVATION
23.14,120.4,TW,Cypriniformes,Cyprinidae,Microphysogobio brevirostris,2015,OCCURRENCE
23.671694,120.491426,TW,Perciformes,Channidae,Channa striata,2023,HUMAN_OBSERVATION
23.458222,120.457611,TW,Cypriniformes,Cyprinidae,Opsariichthys pachycephalus,2023,HUMAN_OBSERVATION
23.273458,119.507414,TW,Perciformes,Chaetodontidae,,2011,HUMAN_OBSERVATION
25.151909,121.775416,TW,Perciformes,Terapontidae,Terapon jarbua,2014,HUMAN_OBSERVATION
23.45736,120.45731,TW,Cypriniformes,Cyprinidae,Opsariichthys pachycephalus,2022,HUMAN_OBSERVATION
23.55,119.56,TW,Perciformes,Labridae,,2006,MATERIAL_SAMPLE
32.135548,118.559967,CN,Cypriniformes,Cyprinidae,Elopichthys bambusa,2025,HUMAN_OBSERVATION
22.2905,114.08842,CN,Anguilliformes,Muraenidae,Gymnothorax dorsalis,,PRESERVED_SPECIMEN
23.69467,120.85112,TW,Perciformes,Gobiidae,Rhinogobius candidianus,2023,HUMAN_OBSERVATION
24.659,121.124,TW,Cypriniformes,Cyprinidae,Acrossocheilus paradoxus,2021,HUMAN_OBSERVATION
23.379375,120.431347,TW,Cypriniformes,Cyprinidae,Barbonymus gonionotus,2021,HUMAN_OBSERVATION
24.721886,121.725996,TW,Cypriniformes,Cyprinidae,Opsariichthys pachycephalus,2018,HUMAN_OBSERVATION
25.15145,121.4438,TW,Perciformes,Gerreidae,Gerres erythrourus,2015,OCCURRENCE
22.56392,120.53906,TW,Perciformes,Gobiidae,Rhinogobius similis,2023,HUMAN_OBSERVATION
23.72653,120.6234,TW,Cypriniformes,Cyprinidae,Opsariichthys pachycephalus,2023,HUMAN_OBSERVATION
23.21881,121.27029,TW,Cypriniformes,Cyprinidae,Acrossocheilus paradoxus,2022,HUMAN_OBSERVATION
23.258614,121.298213,TW,Cypriniformes,Cyprinidae,Opsariichthys pachycephalus,2022,HUMAN_OBSERVATION
24.2,121.01,TW,Cypriniformes,Balitoridae,Formosania lacustre,2023,HUMAN_OBSERVATION
23.19336,121.38594,TW,Perciformes,Gobiidae,,2010,HUMAN_OBSERVATION
23.48436,120.55389,TW,Cypriniformes,Cyprinidae,Acrossocheilus paradoxus,2023,HUMAN_OBSERVATION
23.553601,120.158226,TW,Perciformes,Gobiidae,Acentrogobius viganensis,2024,HUMAN_OBSERVATION
22.28,120.36,TW,Anguilliformes,Congridae,,,HUMAN_OBSERVATION
24.9993,121.609,TW,Clupeiformes,Clupeidae,Hilsa kelee,2016,OCCURRENCE
23.648722,119.517778,TW,Atheriniformes,Atherinidae,Atherinomorus lacunosus,2014,PRESERVED_SPECIMEN
24.13,120.73,TW,Cypriniformes,Balitoridae,Sinogastromyzon puliensis,2021,HUMAN_OBSERVATION
23.39545,121.32641,TW,Cypriniformes,Cyprinidae,Acrossocheilus paradoxus,2006,OCCURRENCE
24.91283,121.53721,TW,Cypriniformes,Cyprinidae,Zacco platypus,2023,HUMAN_OBSERVATION
22.465145,120.44927,TW,Anguilliformes,Congridae,,2016,MATERIAL_SAMPLE
20.454,109.889,CN,Tetraodontiformes,Monacanthidae,,2006,MATERIAL_SAMPLE
24.704,121.202,TW,Cypriniformes,Cyprinidae,Candidia barbata,2021,HUMAN_OBSERVATION
25.03811,121.32214,TW,Cypriniformes,Cyprinidae,Candidia barbata,2024,HUMAN_OBSERVATION
24.8774,121.38,TW,Perciformes,Gobiidae,Rhinogobius candidianus,2016,OCCURRENCE
36.049694,120.340503,CN,Atheriniformes,Atherinidae,,2025,HUMAN_OBSERVATION
23.57,119.56,TW,Tetraodontiformes,Tetraodontidae,Takifugu oblongus,1966,OCCURRENCE
25.31,98.85,CN,Siluriformes,Sisoridae,Exostoma labiatum,2013,PRESERVED_SPECIMEN
21.732942,111.608476,CN,Perciformes,Anabantidae,Anabas testudineus,2025,HUMAN_OBSERVATION
20.62,109.01,CN,Mugiliformes,Mugilidae,Osteomugil cunnesius,,PRESERVED_SPECIMEN
22.97508,121.16503,TW,Perciformes,Gobiidae,Rhinogobius candidianus,2022,HUMAN_OBSERVATION
24.79,121.03,TW,Cypriniformes,Cyprinidae,Spinibarbus hollandi,2015,OCCURRENCE
22.133489,121.546552,TW,Perciformes,Gobiidae,Rhinogobius lanyuensis,2024,HUMAN_OBSERVATION
24.23558,120.73916,TW,Cypriniformes,Cyprinidae,Opsariichthys pachycephalus,2022,HUMAN_OBSERVATION
24.18514,120.91321,TW,Siluriformes,Bagridae,Pseudobagrus brevianalis,2012,OCCURRENCE
23.09,120.59,TW,Cypriniformes,Cyprinidae,Onychostoma alticorpus,2022,HUMAN_OBSERVATION
32.080847,118.811057,CN,Cypriniformes,Cyprinidae,Carassius auratus,2022,HUMAN_OBSERVATION
22.426998,114.181443,HK,Cypriniformes,Balitoridae,Pseudogastromyzon myersi,2026,HUMAN_OBSERVATION
22.153189,113.561455,MO,Perciformes,Channidae,Channa striata,2024,HUMAN_OBSERVATION
24.58,121.86,TW,Perciformes,Serranidae,Zalanthias kelloggi,2009,OCCURRENCE
23.55607,120.164089,TW,Beloniformes,Adrianichthyidae,Oryzias sinensis,2019,HUMAN_OBSERVATION
23.75903,120.65787,TW,Perciformes,Cichlidae,Coptodon zillii,2023,HUMAN_OBSERVATION
23.49721,120.30348,TW,Cyprinodontiformes,Poeciliidae,Gambusia affinis,2022,HUMAN_OBSERVATION
23.80934,121.4512,TW,Cypriniformes,Cyprinidae,Opsariichthys pachycephalus,2022,HUMAN_OBSERVATION
20.78017,116.8149,TW,Ophidiiformes,Bythitidae,,2011,PRESERVED_SPECIMEN
22.603,120.58306,TW,Perciformes,Gobiidae,Awaous melanocephalus,2023,HUMAN_OBSERVATION
19.49,107.65,CN,Perciformes,Carangidae,Megalaspis cordyla,,MATERIAL_SAMPLE
23.2981,121.26016,TW,Cypriniformes,Cyprinidae,Aphyocypris kikuchii,2017,HUMAN_OBSERVATION
35.99,120.42,CN,Perciformes,Gobiidae,,1993,PRESERVED_SPECIMEN
24.610325,121.816945,TW,Perciformes,Gobiidae,Sicyopterus japonicus,2020,HUMAN_OBSERVATION
24.645615,121.125289,TW,Cypriniformes,Cyprinidae,Candidia barbata,2021,HUMAN_OBSERVATION
22.427992,114.279027,HK,Perciformes,Siganidae,Siganus fuscescens,2024,HUMAN_OBSERVATION
25.07878,121.69355,TW,Perciformes,Gobiidae,Rhinogobius candidianus,2023,HUMAN_OBSERVATION
29.55,122.32,CN,Perciformes,Trichiuridae,Trichiurus lepturus,,MATERIAL_SAMPLE
22.45,120.416667,TW,Perciformes,Polynemidae,Polydactylus sextarius,2013,PRESERVED_SPECIMEN
19.391,109.547,CN,Cypriniformes,Cyprinidae,,2019,MATERIAL_SAMPLE
19.533333,109.583333,CN,Perciformes,Channidae,Channa asiatica,,PRESERVED_SPECIMEN
40.005783,116.303458,CN,Cypriniformes,Cyprinidae,Hemiculter leucisculus,2023,HUMAN_OBSERVATION
24.11051,120.69869,TW,Perciformes,Cichlidae,Oreochromis niloticus,2022,HUMAN_OBSERVATION
29.26,117.17,CN,Cypriniformes,Cobitidae,Misgurnus anguillicaudatus,2017,MATERIAL_SAMPLE
24.82499,121.08719,TW,Perciformes,Gobiidae,Rhinogobius candidianus,2023,HUMAN_OBSERVATION
23.32193,120.44295,TW,Cypriniformes,Cyprinidae,Microphysogobio alticorpus,2013,OCCURRENCE
24.72,112.28,CN,Cypriniformes,Cobitidae,Misgurnus anguillicaudatus,2017,PRESERVED_SPECIMEN
23.169801,121.244863,TW,Cypriniformes,Cyprinidae,Acrossocheilus paradoxus,2022,HUMAN_OBSERVATION
23.843,120.2608,TW,Siluriformes,Ariidae,Arius maculatus,2015,OCCURRENCE
23.403556,120.381861,TW,Cypriniformes,Cyprinidae,Opsariichthys pachycephalus,2023,HUMAN_OBSERVATION
23.78,120.64,TW,Cypriniformes,Cyprinidae,Gobiobotia cheni,2006,OCCURRENCE
24.84359,120.94142,TW,Cyprinodontiformes,Poeciliidae,Poecilia reticulata,2023,HUMAN_OBSERVATION
36.098866,120.531151,CN,Pleuronectiformes,Scophthalmidae,Scophthalmus maximus,2026,HUMAN_OBSERVATION
23.258614,121.298213,TW,Cypriniformes,Cyprinidae,Opsariichthys pachycephalus,2022,HUMAN_OBSERVATION
24.73147,121.713887,TW,Perciformes,Cichlidae,Geophagus brasiliensis,2025,HUMAN_OBSERVATION
24.83,120.39,TW,Perciformes,Apogonidae,Ostorhinchus semilineatus,2002,HUMAN_OBSERVATION
38.073254,104.69114,CN,Syngnathiformes,Syngnathidae,Hippocampus kuda,,MATERIAL_SAMPLE
23.697807,120.96051,TW,Perciformes,Gobiidae,Rhinogobius lanyuensis,,MATERIAL_SAMPLE
25.5,119.76,CN,Clupeiformes,Engraulidae,Thryssa dussumieri,2018,MATERIAL_SAMPLE
29.991848,122.157481,CN,Perciformes,Gobiidae,Periophthalmus modestus,2025,HUMAN_OBSERVATION
25.0077,121.531,TW,Perciformes,Cichlidae,Oreochromis mossambicus,2016,OCCURRENCE
25.135013,121.820622,TW,Perciformes,Serranidae,,2016,HUMAN_OBSERVATION
23.94,121.61,TW,Perciformes,Serranidae,Epinephelus fasciatus,1977,OCCURRENCE
19.56,108.52,CN,Clupeiformes,Clupeidae,Sardinella jussieu,,PRESERVED_SPECIMEN
25.04296,121.0387,TW,Pleuronectiformes,Cynoglossidae,Cynoglossus puncticeps,2024,HUMAN_OBSERVATION
26.06,119.14,CN,Cypriniformes,Cyprinidae,Microphysogobio fukiensis,2007,PRESERVED_SPECIMEN
22.633529,121.488644,TW,Tetraodontiformes,Tetraodontidae,Arothron stellatus,2022,HUMAN_OBSERVATION
24.62103,121.00558,TW,Cypriniformes,Cyprinidae,Opsariichthys pachycephalus,2022,HUMAN_OBSERVATION
24.83,120.39,TW,Aulopiformes,Synodontidae,,,HUMAN_OBSERVATION
22.91786,120.5718,TW,Siluriformes,Bagridae,Pseudobagrus brevianalis,2019,OCCURRENCE
23.62751,120.65735,TW,Cypriniformes,Cyprinidae,Onychostoma barbatulum,2006,OCCURRENCE
25.1132,121.478,TW,Perciformes,Terapontidae,Terapon jarbua,2016,OCCURRENCE
32.024736,119.048597,CN,Synbranchiformes,Synbranchidae,Monopterus albus,2024,HUMAN_OBSERVATION
24.07657,120.7254,TW,Cypriniformes,Cyprinidae,Opsariichthys pachycephalus,2022,HUMAN_OBSERVATION
24.97,98.87,CN,Perciformes,Channidae,Channa gachua,2012,PRESERVED_SPECIMEN
22.46632,114.027667,HK,Perciformes,Gobiidae,Boleophthalmus pectinirostris,2021,HUMAN_OBSERVATION
22.555128,114.460003,CN,Tetraodontiformes,Ostraciidae,Ostracion cubicus,2024,HUMAN_OBSERVATION
23.608732,120.399304,TW,Siluriformes,Loricariidae,,2023,HUMAN_OBSERVATION
22.462243,114.038394,HK,Perciformes,Gobiidae,Boleophthalmus pectinirostris,2026,HUMAN_OBSERVATION
24.66474,120.99013,TW,Perciformes,Cichlidae,,2015,OCCURRENCE
24.97,98.87,CN,Cypriniformes,Cyprinidae,Tariqilabeo bicornis,2012,PRESERVED_SPECIMEN
23.073733,115.266883,CN,Cypriniformes,Balitoridae,Pseudogastromyzon laticeps,2026,HUMAN_OBSERVATION
23.125088,120.071327,TW,Tetraodontiformes,Tetraodontidae,Arothron manilensis,2019,HUMAN_OBSERVATION
40.005005,116.203635,CN,Cypriniformes,Cyprinidae,Carassius auratus,2026,HUMAN_OBSERVATION
23.291377,121.27802,TW,Cypriniformes,Cyprinidae,Acrossocheilus paradoxus,2022,HUMAN_OBSERVATION
24.11051,120.69869,TW,Perciformes,Cichlidae,Oreochromis niloticus,2022,HUMAN_OBSERVATION
23.05826,120.27701,TW,Siluriformes,Loricariidae,Pterygoplichthys pardalis,2022,HUMAN_OBSERVATION
22.99,120.55,TW,Cypriniformes,Cyprinidae,Opsariichthys kaopingensis,2023,HUMAN_OBSERVATION
23.5,121,TW,Anguilliformes,Muraenidae,,2005,PRESERVED_SPECIMEN
24.67568,120.94928,TW,Cypriniformes,Cyprinidae,Opsariichthys pachycephalus,2015,OCCURRENCE
23.55607,120.164089,TW,Mugiliformes,Mugilidae,,2010,HUMAN_OBSERVATION
24.730168,121.698735,TW,Cypriniformes,Cyprinidae,Opsariichthys pachycephalus,2025,HUMAN_OBSERVATION
25.0788,121.69378,TW,Perciformes,Cichlidae,Coptodon zillii,2022,HUMAN_OBSERVATION
25.166337,121.416796,TW,Perciformes,Gobiidae,Periophthalmus modestus,2025,HUMAN_OBSERVATION
24.78579,121.17542,TW,Cypriniformes,Cobitidae,Cobitis sinensis,2023,HUMAN_OBSERVATION
23.270459,121.289638,TW,Cypriniformes,Cyprinidae,Spinibarbus hollandi,2021,HUMAN_OBSERVATION
23.35356,120.27244,TW,Cyprinodontiformes,Poeciliidae,Gambusia affinis,2022,HUMAN_OBSERVATION
24.88,121.28,TW,Cypriniformes,Balitoridae,Formosania lacustre,2016,OCCURRENCE
23.01351,121.16828,TW,Perciformes,Gobiidae,Sicyopterus japonicus,2015,OCCURRENCE
24.1385,120.6197,TW,Perciformes,Cichlidae,Amphilophus labiatus,2022,HUMAN_OBSERVATION
20.048191,110.277739,CN,Tetraodontiformes,Triacanthidae,Triacanthus biaculeatus,1930,PRESERVED_SPECIMEN
24.1784,120.73781,TW,Cypriniformes,Cyprinidae,Opsariichthys pachycephalus,2022,HUMAN_OBSERVATION
23.08315,120.52084,TW,Perciformes,Gobiidae,Rhinogobius maculafasciatus,2005,OCCURRENCE
23.01959,120.28305,TW,Cyprinodontiformes,Poeciliidae,Poecilia reticulata,2022,HUMAN_OBSERVATION
25.139228,121.802765,TW,Perciformes,Tripterygiidae,Enneapterygius etheostomus,2008,PRESERVED_SPECIMEN
22.216987,114.175598,CN,Perciformes,Sciaenidae,Larimichthys crocea,1931,PRESERVED_SPECIMEN
37.6423,110.7796,CN,Cypriniformes,Cyprinidae,Gobio huanghensis,2024,MATERIAL_CITATION
25.02996,121.32008,TW,Perciformes,Gobiidae,Rhinogobius rubromaculatus,2024,HUMAN_OBSERVATION
24.82,120.41,TW,Perciformes,Apogonidae,Ostorhinchus kiensis,2002,OCCURRENCE
23.114808,120.098873,TW,Perciformes,Sillaginidae,Sillago sihama,2016,HUMAN_OBSERVATION
38.073254,104.69114,CN,Tetraodontiformes,Monacanthidae,,,MATERIAL_SAMPLE
24.711089,121.710415,TW,Cypriniformes,Cyprinidae,Barbodes semifasciolatus,2018,HUMAN_OBSERVATION
23.04223,121.1788,TW,Cypriniformes,Cyprinidae,Opsariichthys pachycephalus,2015,OCCURRENCE
22.416397,114.106815,CN,Cypriniformes,Nemacheilidae,Oreonectes platycephalus,2026,HUMAN_OBSERVATION
21.99,120.66,TW,Perciformes,Mullidae,,2004,OCCURRENCE
24.80027,98.07083,CN,Cypriniformes,Cyprinidae,Devario apogon,1995,PRESERVED_SPECIMEN
23.66236,121.4346,TW,Cypriniformes,Cyprinidae,Onychostoma barbatulum,2017,OCCURRENCE
30,88,CN,Perciformes,Coryphaenidae,Coryphaena hippurus,1967,PRESERVED_SPECIMEN
24.71,121.83,TW,Perciformes,Gobiidae,Periophthalmus modestus,2005,OCCURRENCE
23.017186,113.923486,CN,Characiformes,Prochilodontidae,Prochilodus lineatus,2026,HUMAN_OBSERVATION
24.66967,121.11412,TW,Perciformes,Gobiidae,Rhinogobius candidianus,2005,OCCURRENCE
24.8948,121.742352,TW,Perciformes,Gobiidae,Rhinogobius candidianus,2023,HUMAN_OBSERVATION
22.504716,113.950933,CN,Perciformes,Gobiidae,Boleophthalmus pectinirostris,2025,HUMAN_OBSERVATION
24.58,121.86,TW,Perciformes,Gerreidae,Gerres macracanthus,1994,OCCURRENCE
24.85207,121.00228,TW,Cypriniformes,Cyprinidae,Opsariichthys evolans,2023,HUMAN_OBSERVATION
23.566668,119.583336,TW,Perciformes,Serranidae,Epinephelus corallicola,1988,PRESERVED_SPECIMEN
23.127064,120.055231,TW,Gonorynchiformes,Chanidae,Chanos chanos,2017,HUMAN_OBSERVATION
19.12,108.65,CN,Clupeiformes,Engraulidae,Thryssa setirostris,,PRESERVED_SPECIMEN
26.668489,114.08291,CN,Cypriniformes,Cyprinidae,Pseudorasbora parva,2024,HUMAN_OBSERVATION
24.23558,120.73916,TW,Cypriniformes,Cyprinidae,Opsariichthys pachycephalus,2022,HUMAN_OBSERVATION
24.9431,121.536,TW,Cypriniformes,Cyprinidae,Cyprinus carpio,2016,OCCURRENCE
23.2977,121.25955,TW,Cypriniformes,Cyprinidae,Aphyocypris kikuchii,2017,HUMAN_OBSERVATION
25.191003,121.42066,TW,Perciformes,Gobiidae,Periophthalmus modestus,2023,HUMAN_OBSERVATION
23.44,111.31,CN,Cypriniformes,Cyprinidae,Parabramis pekinensis,2017,PRESERVED_SPECIMEN
25.01,121.69,TW,Cypriniformes,Balitoridae,Formosania lacustre,2016,OCCURRENCE
23.59,121.51,TW,Cypriniformes,Cyprinidae,Pseudorasbora parva,2004,OCCURRENCE
23.08,120.5,TW,Perciformes,Gobiidae,Rhinogobius similis,2015,OCCURRENCE
24.167,120.638593,TW,Perciformes,Cichlidae,Oreochromis niloticus,2022,HUMAN_OBSERVATION
24.504133,120.644301,TW,Perciformes,Scombridae,Thunnus albacares,2019,PRESERVED_SPECIMEN
20.25,109.917,CN,Perciformes,Sciaenidae,Larimichthys crocea,2014,MATERIAL_SAMPLE
23.833654,120.800743,TW,Perciformes,Cichlidae,Coptodon zillii,2023,HUMAN_OBSERVATION
26.161794,119.285277,CN,Cypriniformes,Cyprinidae,Opsariichthys bidens,2025,HUMAN_OBSERVATION
22.62919,120.60394,TW,Cypriniformes,Cyprinidae,Spinibarbus hollandi,2022,HUMAN_OBSERVATION
23.94116,120.7978,TW,Cypriniformes,Cyprinidae,Acrossocheilus paradoxus,2005,OCCURRENCE
23.07,120.51,TW,Cypriniformes,Cyprinidae,Microphysogobio alticorpus,2015,OCCURRENCE
24.624777,117.992399,CN,Perciformes,Cichlidae,Coptodon zillii,2023,HUMAN_OBSERVATION
24.639083,120.21985,TW,Perciformes,Terapontidae,Terapon jarbua,2021,PRESERVED_SPECIMEN
24.748,121.094,TW,Cypriniformes,Cyprinidae,Opsariichthys pachycephalus,2021,HUMAN_OBSERVATION
23.45733,120.45731,TW,Cyprinodontiformes,Poeciliidae,Poecilia reticulata,2023,HUMAN_OBSERVATION
22.08289,120.7403,TW,Cypriniformes,Cyprinidae,Acrossocheilus paradoxus,2012,OCCURRENCE
22.15314,120.77975,TW,Cypriniformes,Cyprinidae,Hemiculter leucisculus,2012,OCCURRENCE
39.29065,117.08642,CN,Cypriniformes,Cyprinidae,Hemiculter leucisculus,2019,PRESERVED_SPECIMEN
23.08715,120.13376,TW,Mugiliformes,Mugilidae,Planiliza macrolepis,2022,HUMAN_OBSERVATION
25.486275,122.103947,TW,Perciformes,Pomacentridae,Stegastes altus,2021,HUMAN_OBSERVATION
23.463235,120.369535,TW,Cypriniformes,Cyprinidae,Chanodichthys erythropterus,2025,HUMAN_OBSERVATION
22.365491,114.198526,HK,Cypriniformes,Cyprinidae,Parazacco spilurus,2020,HUMAN_OBSERVATION
22.503926,114.848653,CN,Tetraodontiformes,Tetraodontidae,Chelonodon patoca,2025,HUMAN_OBSERVATION
24.6179,120.6221,TW,Perciformes,Sciaenidae,Johnius taiwanensis,2018,HUMAN_OBSERVATION
24.78,121.69,TW,Cypriniformes,Balitoridae,Formosania lacustre,2022,HUMAN_OBSERVATION
24.982653,121.564427,TW,Siluriformes,Loricariidae,,2011,HUMAN_OBSERVATION
25.683056,98.874194,CN,Cypriniformes,Cyprinidae,Akrokolioplax bicornis,2000,PRESERVED_SPECIMEN
25.178475,121.862519,TW,Perciformes,Terapontidae,,2014,PRESERVED_SPECIMEN
24.666792,121.818619,TW,Siluriformes,Loricariidae,,2022,HUMAN_OBSERVATION
23.118436,120.088648,TW,Tetraodontiformes,Tetraodontidae,Arothron hispidus,2021,HUMAN_OBSERVATION
24.711114,121.71043,TW,Cypriniformes,Cyprinidae,Barbodes semifasciolatus,2018,HUMAN_OBSERVATION
23.0587,120.07884,TW,Mugiliformes,Mugilidae,Planiliza subviridis,2022,HUMAN_OBSERVATION
25.0077,121.531,TW,Perciformes,Cichlidae,Oreochromis mossambicus,2016,OCCURRENCE
23.556329,120.159017,TW,Perciformes,Gerreidae,Gerres limbatus,2022,HUMAN_OBSERVATION
23.76352,120.72361,TW,Cypriniformes,Cyprinidae,Acrossocheilus paradoxus,2006,OCCURRENCE
24.88464,121.28326,TW,Perciformes,Gobiidae,Rhinogobius candidianus,2023,HUMAN_OBSERVATION
24.13,120.73,TW,Anguilliformes,Anguillidae,Anguilla japonica,2021,HUMAN_OBSERVATION
23.93,120.68,TW,Cypriniformes,Balitoridae,Sinogastromyzon puliensis,2020,HUMAN_OBSERVATION
24.13849,120.6197,TW,Perciformes,Cichlidae,Oreochromis niloticus,2021,HUMAN_OBSERVATION
23.206319,121.288639,TW,Cypriniformes,Cyprinidae,Candidia barbata,2022,HUMAN_OBSERVATION
23.458222,120.457611,TW,Cypriniformes,Cyprinidae,Opsariichthys pachycephalus,2023,HUMAN_OBSERVATION
18.19405,109.497087,CN,Perciformes,Siganidae,Siganus guttatus,2023,HUMAN_OBSERVATION
38.073254,104.69114,CN,Cypriniformes,Cyprinidae,Cyprinus carpio,,MATERIAL_SAMPLE
24.711117,121.710206,TW,Cypriniformes,Cyprinidae,Barbodes semifasciolatus,2018,HUMAN_OBSERVATION
24.719388,121.712738,TW,Cypriniformes,Cyprinidae,Opsariichthys pachycephalus,2025,HUMAN_OBSERVATION
23.05517,121.19978,TW,Perciformes,Cichlidae,Oreochromis niloticus,2022,HUMAN_OBSERVATION
30.636295,104.12452,CN,Perciformes,Channidae,Channa argus,2026,HUMAN_OBSERVATION
25.02996,121.32008,TW,Perciformes,Gobiidae,Rhinogobius rubromaculatus,2024,HUMAN_OBSERVATION
24.076346,121.434538,TW,Perciformes,Channidae,Channa striata,2023,HUMAN_OBSERVATION
21.93,120.76,TW,Myctophiformes,Myctophidae,,2003,LIVING_SPECIMEN
23.969753,121.095372,TW,Cypriniformes,Cyprinidae,Acrossocheilus paradoxus,2021,HUMAN_OBSERVATION
23.451,120.551,TW,Cypriniformes,Cyprinidae,Opsariichthys pachycephalus,2023,HUMAN_OBSERVATION
23.83901,121.52946,TW,Perciformes,Gobiidae,Sicyopterus japonicus,2018,OCCURRENCE
38.073254,104.69114,CN,Perciformes,Polynemidae,Polydactylus plebeius,,MATERIAL_SAMPLE
22.90609,121.14804,TW,Perciformes,Gobiidae,Sicyopterus japonicus,2023,HUMAN_OBSERVATION
22.272529,113.932785,HK,Cypriniformes,Balitoridae,Liniparhomaloptera disparis,2021,HUMAN_OBSERVATION
24.9,118.89,CN,Anguilliformes,Ophichthidae,,2017,MATERIAL_SAMPLE
30.916667,118.9,CN,Cypriniformes,Cyprinidae,Chanodichthys erythropterus,,PRESERVED_SPECIMEN
24.6,121.02,TW,Cypriniformes,Balitoridae,Hemimyzon formosanus,2005,OCCURRENCE
38.86,121.74,CN,Syngnathiformes,Syngnathidae,Syngnathus acus,2014,MATERIAL_SAMPLE
23.88,120.73,TW,Cypriniformes,Balitoridae,Sinogastromyzon puliensis,2020,HUMAN_OBSERVATION
25.0685,121.653,TW,Perciformes,Cichlidae,Oreochromis mossambicus,2016,OCCURRENCE
24.665471,121.819195,TW,Siluriformes,Loricariidae,,2022,HUMAN_OBSERVATION
23.59355,120.89058,TW,Siluriformes,Bagridae,Pseudobagrus brevianalis,2006,OCCURRENCE
22.62598,120.288274,TW,Gonorynchiformes,Chanidae,Chanos chanos,2025,HUMAN_OBSERVATION
24.94,121.9,TW,Lophiiformes,Ogcocephalidae,,2004,OCCURRENCE
23.45578,120.48764,TW,Perciformes,Gobiidae,Rhinogobius candidianus,2023,HUMAN_OBSERVATION
23.143842,120.076266,TW,Gonorynchiformes,Chanidae,Chanos chanos,2016,HUMAN_OBSERVATION
24.99994,121.60588,TW,Perciformes,Cichlidae,Geophagus brasiliensis,2022,HUMAN_OBSERVATION
22.63,120.6,TW,Cypriniformes,Cyprinidae,Opsariichthys kaopingensis,2023,HUMAN_OBSERVATION
23.43694,121.35721,TW,Cyprinodontiformes,Poeciliidae,Gambusia affinis,2005,OCCURRENCE
36.172895,120.425658,CN,Siluriformes,Bagridae,Tachysurus sinensis,2026,HUMAN_OBSERVATION
25.268419,121.584838,TW,Perciformes,Gobiidae,Rhinogobius candidianus,2022,HUMAN_OBSERVATION
25.86,98.85,CN,Siluriformes,Sisoridae,Glyptothorax granosus,2012,PRESERVED_SPECIMEN
23.92058,120.920162,TW,Cypriniformes,Cyprinidae,Acrossocheilus paradoxus,2026,HUMAN_OBSERVATION
24.782412,120.915234,TW,Perciformes,Gobiidae,Boleophthalmus pectinirostris,2024,HUMAN_OBSERVATION
22.759877,120.316778,TW,Perciformes,Channidae,Channa striata,2023,HUMAN_OBSERVATION
24.722862,121.677545,TW,Perciformes,Channidae,Channa striata,2023,HUMAN_OBSERVATION
24.9993,121.609,TW,Perciformes,Cichlidae,Oreochromis mossambicus,2016,OCCURRENCE
22.445546,114.137602,HK,Siluriformes,Clariidae,Clarias fuscus,2018,HUMAN_OBSERVATION
23.05,120.07,TW,Perciformes,Terapontidae,Pelates quadrilineatus,2015,OCCURRENCE
40.016392,116.377754,CN,Perciformes,Osphronemidae,Macropodus ocellatus,2026,HUMAN_OBSERVATION
24.03377,120.84611,TW,Cypriniformes,Cyprinidae,Spinibarbus hollandi,2021,HUMAN_OBSERVATION
25.02996,121.32008,TW,Perciformes,Gobiidae,Rhinogobius rubromaculatus,2024,HUMAN_OBSERVATION
24.683888,121.772844,TW,Perciformes,Channidae,Channa striata,2025,HUMAN_OBSERVATION
24.00922,120.69585,TW,Cypriniformes,Cyprinidae,Microphysogobio alticorpus,2023,HUMAN_OBSERVATION
23.156826,121.23773,TW,Cypriniformes,Cyprinidae,Opsariichthys pachycephalus,2022,HUMAN_OBSERVATION
23.342925,116.707924,CN,Clupeiformes,Clupeidae,Sardinella albella,,PRESERVED_SPECIMEN
29.25,115.1,CN,Cypriniformes,Cobitidae,Misgurnus anguillicaudatus,2017,MATERIAL_SAMPLE
23.41458,120.50706,TW,Siluriformes,Clariidae,Clarias batrachus,2022,HUMAN_OBSERVATION
34.764995,119.40985,CN,Perciformes,Sparidae,Acanthopagrus schlegelii,2025,HUMAN_OBSERVATION
22.558332,120.46667,TW,Perciformes,Leiognathidae,Leiognathus equulus,2005,PRESERVED_SPECIMEN
22.31262,114.365813,HK,Perciformes,Serranidae,,2026,HUMAN_OBSERVATION
23.461199,121.499297,TW,Perciformes,Gobiidae,Rhinogobius candidianus,2021,HUMAN_OBSERVATION
20.5,109.51,CN,Mugiliformes,Mugilidae,,,MATERIAL_SAMPLE
23.463038,120.672852,TW,Cypriniformes,Cyprinidae,Onychostoma barbatulum,2026,HUMAN_OBSERVATION
17.79,109.02,CN,Perciformes,Serranidae,Epinephelus poecilonotus,2008,PRESERVED_SPECIMEN
23.43186,120.46369,TW,Cypriniformes,Cyprinidae,Opsariichthys pachycephalus,2023,HUMAN_OBSERVATION
22.3875,113.979167,HK,Clupeiformes,Pristigasteridae,Ilisha elongata,,PRESERVED_SPECIMEN
26.390446,117.789293,CN,Perciformes,Cichlidae,Coptodon zillii,2025,HUMAN_OBSERVATION
38.928037,121.50683,CN,Cypriniformes,Nemacheilidae,Lefua costata,2023,HUMAN_OBSERVATION
22.63,120.6,TW,Cypriniformes,Cyprinidae,Opsariichthys kaopingensis,2022,HUMAN_OBSERVATION
23.15626,121.23748,TW,Perciformes,Gobiidae,Rhinogobius candidianus,2022,HUMAN_OBSERVATION
24.9431,121.536,TW,Cypriniformes,Cyprinidae,Microphysogobio brevirostris,2016,OCCURRENCE
23.643649,121.625327,TW,Perciformes,Acanthuridae,Zebrasoma veliferum,2023,HUMAN_OBSERVATION
22.309306,114.364599,HK,Tetraodontiformes,Tetraodontidae,Arothron stellatus,2026,HUMAN_OBSERVATION
38,97.459999,CN,Perciformes,Centrarchidae,Pomoxis annularis,1996,PRESERVED_SPECIMEN
22.84552,120.4831,TW,Cypriniformes,Cyprinidae,Acrossocheilus paradoxus,2006,OCCURRENCE
36.468339,115.962825,CN,Cypriniformes,Cyprinidae,Pseudorasbora parva,2026,HUMAN_OBSERVATION
24.27439,120.91357,TW,Perciformes,Gobiidae,Rhinogobius rubromaculatus,2009,OCCURRENCE
24.08134,120.99071,TW,Cypriniformes,Cyprinidae,Acrossocheilus paradoxus,2021,HUMAN_OBSERVATION
23.1,121.37,TW,Perciformes,Mullidae,Parupeneus spilurus,2005,OCCURRENCE
23.345426,121.291423,TW,Cypriniformes,Cyprinidae,Acrossocheilus paradoxus,2022,HUMAN_OBSERVATION
23.114808,120.098873,TW,Perciformes,Eleotridae,Butis koilomatodon,2021,HUMAN_OBSERVATION
22.47,120.43,TW,Beryciformes,Diretmidae,,2004,MATERIAL_SAMPLE
25.02996,121.32008,TW,Perciformes,Gobiidae,Rhinogobius rubromaculatus,2024,HUMAN_OBSERVATION
31.21,98.82,CN,Cypriniformes,Nemacheilidae,Triplophysa stenura,2013,PRESERVED_SPECIMEN
25.124331,121.909306,TW,Perciformes,Cheilodactylidae,Cheilodactylus zonatus,2026,HUMAN_OBSERVATION
22.45,120.416667,TW,Anguilliformes,Congridae,,2017,PRESERVED_SPECIMEN
22.392939,114.105245,HK,Cypriniformes,Balitoridae,Liniparhomaloptera disparis,2025,HUMAN_OBSERVATION
25.070767,121.925005,TW,Perciformes,Apogonidae,Taeniamia kagoshimanus,2024,HUMAN_OBSERVATION
22.44,120.47,TW,Perciformes,Sparidae,Acanthopagrus berda,2004,OCCURRENCE
18.232,109.363,CN,Perciformes,Siganidae,,,OCCURRENCE
39.24587,117.07374,CN,Perciformes,Osphronemidae,Macropodus opercularis,2019,PRESERVED_SPECIMEN
24.82508,121.0875,TW,Perciformes,Gobiidae,Rhinogobius candidianus,2013,OCCURRENCE
23.651056,119.517556,TW,Perciformes,Siganidae,,2014,PRESERVED_SPECIMEN
24.07657,120.7254,TW,Cypriniformes,Cyprinidae,Opsariichthys pachycephalus,2022,HUMAN_OBSERVATION
24.990824,121.6594,TW,Cypriniformes,Cyprinidae,Acrossocheilus paradoxus,2012,HUMAN_OBSERVATION
25.2,118.89,CN,Perciformes,Trichiuridae,,2017,MATERIAL_SAMPLE
21.929237,120.745848,TW,Myliobatiformes,Dasyatidae,Neotrygon orientale,2023,HUMAN_OBSERVATION
24.05432,120.8872,TW,Cypriniformes,Cyprinidae,Opsariichthys pachycephalus,2005,OCCURRENCE
30.278112,120.07245,CN,Cyprinodontiformes,Poeciliidae,Gambusia affinis,2025,HUMAN_OBSERVATION
20.42,109.84,CN,Perciformes,Gobiidae,Acentrogobius caninus,2006,PRESERVED_SPECIMEN
30.97,110.62,CN,Cypriniformes,Cyprinidae,Pseudolaubuca sinensis,2020,PRESERVED_SPECIMEN
24.95,121.93,TW,Tetraodontiformes,Tetraodontidae,,2000,OCCURRENCE
24.1385,120.6197,TW,Perciformes,Cichlidae,Amphilophus labiatus,2022,HUMAN_OBSERVATION
23.19195,120.48809,TW,Cypriniformes,Cyprinidae,Hemiculter leucisculus,2005,OCCURRENCE
24.56706,120.93635,TW,Cypriniformes,Cyprinidae,Acrossocheilus paradoxus,2023,HUMAN_OBSERVATION
24.05,105.05,CN,Cypriniformes,Balitoridae,Beaufortia pingi,1977,PRESERVED_SPECIMEN
22.385953,114.047528,HK,Perciformes,Gobiidae,Rhinogobius duospilus,2022,HUMAN_OBSERVATION
25.0077,121.531,TW,Cypriniformes,Cyprinidae,Hemibarbus labeo,2016,OCCURRENCE
23.189644,120.085892,TW,Perciformes,Siganidae,Siganus guttatus,2019,HUMAN_OBSERVATION
24.03,120.84,TW,Siluriformes,Bagridae,Tachysurus adiposalis,2021,HUMAN_OBSERVATION
46.78,130.25,CN,Cypriniformes,Cyprinidae,Hemiculter leucisculus,2019,PRESERVED_SPECIMEN
24.70435,121.20201,TW,Cypriniformes,Cyprinidae,Opsariichthys pachycephalus,2005,OCCURRENCE
21.592548,111.800818,CN,Perciformes,Terapontidae,Terapon jarbua,2025,HUMAN_OBSERVATION
22.387952,114.200715,HK,Perciformes,Channidae,Channa maculata,2019,HUMAN_OBSERVATION
23.43864,120.60528,TW,Cypriniformes,Cyprinidae,Opsariichthys pachycephalus,2022,HUMAN_OBSERVATION
24.757983,120.74725,TW,Anguilliformes,Muraenesocidae,Muraenesox cinereus,2020,PRESERVED_SPECIMEN
23.143842,120.076266,TW,Mugiliformes,Mugilidae,Planiliza macrolepis,2016,HUMAN_OBSERVATION
22.47,120.43,TW,Clupeiformes,Engraulidae,Thryssa setirostris,1990,OCCURRENCE
39.835954,116.3188,CN,Cypriniformes,Cyprinidae,Zacco sinensis,2025,HUMAN_OBSERVATION
23.93288,121.53122,TW,Perciformes,Gobiidae,Rhinogobius gigas,2022,HUMAN_OBSERVATION
25.86,98.85,CN,Cypriniformes,Cyprinidae,Tariqilabeo bicornis,2012,PRESERVED_SPECIMEN
23.39686,120.41903,TW,Cyprinodontiformes,Poeciliidae,Poecilia reticulata,2023,HUMAN_OBSERVATION
23.93675,121.60864,TW,Mugiliformes,Mugilidae,Mugil cephalus,2018,OCCURRENCE
22.8,108.32,CN,Cypriniformes,Cyprinidae,Culter alburnus,2018,PRESERVED_SPECIMEN
22.46,120.46,TW,Perciformes,Channidae,Channa maculata,1990,HUMAN_OBSERVATION
23.206319,121.288639,TW,Perciformes,Cichlidae,,2022,HUMAN_OBSERVATION
24.16593,120.94498,TW,Perciformes,Gobiidae,Rhinogobius candidianus,2023,HUMAN_OBSERVATION
24.723,121.124,TW,Cypriniformes,Cyprinidae,Spinibarbus hollandi,2021,HUMAN_OBSERVATION
38.931865,121.502062,CN,Cypriniformes,Cobitidae,Misgurnus anguillicaudatus,2025,HUMAN_OBSERVATION
22.258709,114.201603,HK,Perciformes,Gobiidae,Rhinogobius duospilus,2025,HUMAN_OBSERVATION
24.18631,120.74316,TW,Siluriformes,Bagridae,Pseudobagrus brevianalis,2005,OCCURRENCE
24.74883,121.7169,TW,Perciformes,Cichlidae,Oreochromis niloticus,2022,HUMAN_OBSERVATION
24.75,120.36,TW,Perciformes,Callionymidae,,2002,OCCURRENCE
22.65,120.4,TW,Clupeiformes,Engraulidae,Thryssa dussumieri,2018,PRESERVED_SPECIMEN
25.31,98.85,CN,Cypriniformes,Nemacheilidae,Schistura poculi,2013,PRESERVED_SPECIMEN
23.291377,121.27802,TW,Cypriniformes,Cyprinidae,Acrossocheilus paradoxus,2022,HUMAN_OBSERVATION
23.143842,120.076266,TW,Tetraodontiformes,Tetraodontidae,Chelonodon patoca,2016,HUMAN_OBSERVATION
22.353147,114.366498,HK,Perciformes,Siganidae,Siganus guttatus,2025,HUMAN_OBSERVATION
26.222486,104.103462,CN,Cypriniformes,Nemacheilidae,Triplophysa nanpanjiangensis,2025,HUMAN_OBSERVATION
25.135556,121.821944,TW,Perciformes,Haemulidae,,2013,HUMAN_OBSERVATION
22.198611,114.25,HK,Perciformes,Sciaenidae,Larimichthys crocea,1958,PRESERVED_SPECIMEN
23.107992,120.043438,TW,Gonorynchiformes,Chanidae,Chanos chanos,2019,HUMAN_OBSERVATION
23.92002,121.57885,TW,Perciformes,Gobiidae,Rhinogobius gigas,2022,HUMAN_OBSERVATION
24.821,120.997,TW,Cypriniformes,Cyprinidae,Hemibarbus labeo,2021,HUMAN_OBSERVATION
25.113534,121.919944,TW,Perciformes,Chaetodontidae,Heniochus acuminatus,2024,HUMAN_OBSERVATION
23.11,120.48,TW,Perciformes,Gobiidae,Rhinogobius nantaiensis,2014,OCCURRENCE
24.71,121.83,TW,Perciformes,Ambassidae,Ambassis interrupta,2005,OCCURRENCE
23.51198,120.43919,TW,Cypriniformes,Cyprinidae,Opsariichthys pachycephalus,2023,HUMAN_OBSERVATION
22.99,120.55,TW,Cypriniformes,Cyprinidae,Onychostoma alticorpus,2022,HUMAN_OBSERVATION
23.69533,120.85111,TW,Perciformes,Gobiidae,Rhinogobius candidianus,2023,HUMAN_OBSERVATION
23.322756,121.329793,TW,Cypriniformes,Cyprinidae,Carassius auratus,2022,HUMAN_OBSERVATION
24.67,122.18,TW,Stomiiformes,Sternoptychidae,,,OCCURRENCE
22.652494,120.350406,TW,Siluriformes,Loricariidae,,2025,HUMAN_OBSERVATION
22.051019,121.511047,TW,Perciformes,Haemulidae,,2012,HUMAN_OBSERVATION
22.80064,120.23175,TW,Perciformes,Eleotridae,Eleotris melanosoma,2023,HUMAN_OBSERVATION
23.97,120.99,TW,Cypriniformes,Balitoridae,Sinogastromyzon puliensis,2020,HUMAN_OBSERVATION
18.97,108.05,CN,Clupeiformes,Chirocentridae,,,MATERIAL_SAMPLE
23.68716,121.40505,TW,Perciformes,Gobiidae,Rhinogobius gigas,2022,HUMAN_OBSERVATION
24.7012,121.05004,TW,Cypriniformes,Cobitidae,Cobitis sinensis,2015,OCCURRENCE
23.451258,120.25419,TW,Perciformes,Sillaginidae,Sillago sihama,2009,PRESERVED_SPECIMEN
23.4,121.33,TW,Cypriniformes,Cyprinidae,Aphyocypris kikuchii,2005,OCCURRENCE
22.460635,114.329983,HK,Perciformes,Terapontidae,Terapon jarbua,2026,HUMAN_OBSERVATION
23.81765,120.70593,TW,Cypriniformes,Cyprinidae,Opsariichthys pachycephalus,2022,HUMAN_OBSERVATION
22.65,120.4,TW,Myctophiformes,Myctophidae,Myctophum asperum,,PRESERVED_SPECIMEN
23.6627,121.43457,TW,Cypriniformes,Cyprinidae,Acrossocheilus paradoxus,2022,HUMAN_OBSERVATION
22.97544,120.3548,TW,Perciformes,Cichlidae,Oreochromis niloticus,2022,HUMAN_OBSERVATION
22.837538,121.189131,TW,Perciformes,Tripterygiidae,,2020,PRESERVED_SPECIMEN
29.97,113.68,CN,Perciformes,Sillaginidae,Sillago sihama,2013,PRESERVED_SPECIMEN
29.583333,103.533333,CN,Cypriniformes,Cyprinidae,Acrossocheilus monticola,,PRESERVED_SPECIMEN
22.65,120.4,TW,Clupeiformes,Engraulidae,,,PRESERVED_SPECIMEN
23.41194,120.54764,TW,Cypriniformes,Cyprinidae,Opsariichthys pachycephalus,2023,HUMAN_OBSERVATION
38.86,121.74,CN,Syngnathiformes,Syngnathidae,Syngnathus acus,2014,PRESERVED_SPECIMEN
23.88,120.73,TW,Cypriniformes,Balitoridae,Sinogastromyzon puliensis,2020,HUMAN_OBSERVATION
23.78462,120.67449,TW,Siluriformes,Siluridae,Silurus asotus,2005,OCCURRENCE
22.58,120.29,TW,Anguilliformes,Muraenesocidae,,2000,OCCURRENCE
22.88582,121.1356,TW,Cypriniformes,Cyprinidae,Opsariichthys pachycephalus,2003,OCCURRENCE
40.018012,116.38416,CN,Perciformes,Odontobutidae,Micropercops swinhonis,2023,HUMAN_OBSERVATION
24,120.91,TW,Cypriniformes,Balitoridae,Formosania lacustre,2021,HUMAN_OBSERVATION
22.48,120.42,TW,Cypriniformes,Cyprinidae,Hemiculter leucisculus,1970,OCCURRENCE
22.454025,114.066797,HK,Siluriformes,Siluridae,Pterocryptis anomala,2024,HUMAN_OBSERVATION
22.639209,121.491964,TW,Perciformes,Chaetodontidae,,2018,HUMAN_OBSERVATION
23.397194,120.419139,TW,Cyprinodontiformes,Poeciliidae,Poecilia reticulata,2023,HUMAN_OBSERVATION
25.51,98.86,CN,Cypriniformes,Nemacheilidae,Schistura poculi,2013,PRESERVED_SPECIMEN
22.084278,121.553278,TW,Perciformes,Scaridae,,2018,HUMAN_OBSERVATION
29.68,98.59,CN,Cypriniformes,Nemacheilidae,Triplophysa brevicauda,,MATERIAL_SAMPLE
25.16,121.76,TW,Perciformes,Polynemidae,Eleutheronema rhadinum,1953,OBSERVATION
23.67331,120.66033,TW,Cypriniformes,Cyprinidae,Acrossocheilus paradoxus,2005,OCCURRENCE
21.725333,107.79617,CN,Siluriformes,Sisoridae,Glyptothorax sinensis,2016,HUMAN_OBSERVATION
23.98,120.91,TW,Cypriniformes,Balitoridae,Sinogastromyzon puliensis,2020,HUMAN_OBSERVATION
23.833337,120.795713,TW,Cypriniformes,Cyprinidae,Candidia barbata,2023,HUMAN_OBSERVATION
25.21997,121.6023,TW,Cypriniformes,Cyprinidae,Acrossocheilus paradoxus,2022,HUMAN_OBSERVATION
24.03405,120.84566,TW,Cypriniformes,Cobitidae,Cobitis sinensis,2004,OCCURRENCE
24.08277,120.87876,TW,Cypriniformes,Cyprinidae,Acrossocheilus paradoxus,2022,HUMAN_OBSERVATION
22.360778,114.375226,HK,Perciformes,Pomacentridae,Stegastes obreptus,2026,HUMAN_OBSERVATION
21.954529,120.754975,TW,Tetraodontiformes,Tetraodontidae,Chelonodon patoca,2011,PRESERVED_SPECIMEN
25.05029,121.016204,TW,Perciformes,Gobiidae,Tridentiger trigonocephalus,2017,PRESERVED_SPECIMEN
22.135939,121.572159,TW,Perciformes,Gobiidae,Sicyopterus lagocephalus,2024,HUMAN_OBSERVATION
22.488889,114.351389,HK,Perciformes,Drepaneidae,Drepane punctata,1958,PRESERVED_SPECIMEN
23.403611,120.382361,TW,Cypriniformes,Cyprinidae,Barbonymus gonionotus,2023,HUMAN_OBSERVATION
23.554752,120.161862,TW,Perciformes,Gobiidae,Acentrogobius viganensis,2014,HUMAN_OBSERVATION
23.188107,121.2498,TW,Cypriniformes,Cyprinidae,Acrossocheilus paradoxus,2021,HUMAN_OBSERVATION
25.10853,121.45755,TW,Siluriformes,Ariidae,Arius maculatus,2015,OCCURRENCE
23.114808,120.098873,TW,Perciformes,Carangidae,Scomberoides lysan,2018,HUMAN_OBSERVATION
23.62661,120.8945,TW,Cypriniformes,Cyprinidae,Acrossocheilus paradoxus,2006,OCCURRENCE
22.86,120.2,TW,Perciformes,Carangidae,Scomberoides tol,1990,HUMAN_OBSERVATION
22.398,107.337,CN,Cypriniformes,Cyprinidae,,2018,MATERIAL_SAMPLE
22.46,120.378,TW,Perciformes,Gobiidae,,2019,MATERIAL_SAMPLE
22.200171,113.548284,MO,Cypriniformes,Cyprinidae,Cyprinus rubrofuscus,2026,HUMAN_OBSERVATION
25.196081,121.592855,TW,Cypriniformes,Cyprinidae,Cyprinus rubrofuscus,2023,HUMAN_OBSERVATION
24.949602,102.625275,CN,Synbranchiformes,Synbranchidae,Monopterus albus,2025,HUMAN_OBSERVATION
22.37579,114.20874,HK,Clupeiformes,Clupeidae,Sardinella albella,2019,HUMAN_OBSERVATION
23.128961,121.26381,TW,Perciformes,Gobiidae,Sicyopus zosterophorus,2023,HUMAN_OBSERVATION
24.16959,120.7052,TW,Perciformes,Gobiidae,Rhinogobius candidianus,2023,HUMAN_OBSERVATION
24.82314,120.997,TW,Perciformes,Gobiidae,Rhinogobius candidianus,2023,HUMAN_OBSERVATION
23.385596,121.343008,TW,Cypriniformes,Cyprinidae,Opsariichthys pachycephalus,2021,HUMAN_OBSERVATION
23.96,121.5,TW,Cypriniformes,Cyprinidae,Onychostoma alticorpus,2022,HUMAN_OBSERVATION
23.78967,120.94734,TW,Perciformes,Gobiidae,Rhinogobius candidianus,2023,HUMAN_OBSERVATION
24.265333,120.30795,TW,Perciformes,Terapontidae,Terapon jarbua,2020,PRESERVED_SPECIMEN
24.41198,120.86673,TW,Cypriniformes,Cyprinidae,Acrossocheilus paradoxus,2023,HUMAN_OBSERVATION
23.05516,121.20053,TW,Cypriniformes,Cyprinidae,Opsariichthys pachycephalus,2022,HUMAN_OBSERVATION
22.127362,119.604004,TW,Perciformes,Chaetodontidae,,1972,PRESERVED_SPECIMEN
24.1,115.24,CN,Cypriniformes,Cyprinidae,Culter recurviceps,2018,PRESERVED_SPECIMEN
20.04583,110.34716,CN,Cypriniformes,Cyprinidae,Metzia lineata,,PRESERVED_SPECIMEN
25.41,121.58,TW,Perciformes,Carangidae,Carangoides equula,,HUMAN_OBSERVATION
24.729505,121.688208,TW,Cyprinodontiformes,Poeciliidae,Xiphophorus hellerii,2024,HUMAN_OBSERVATION
23.06,121.2,TW,Cypriniformes,Cyprinidae,Onychostoma alticorpus,2022,HUMAN_OBSERVATION
24.52,120.93,TW,Cypriniformes,Cyprinidae,Carassius auratus,2005,OCCURRENCE
23.01382,120.18275,TW,Perciformes,Gobiidae,Pseudogobius javanicus,2023,HUMAN_OBSERVATION
22.60297,120.58242,TW,Perciformes,Osphronemidae,Trichopodus trichopterus,2023,HUMAN_OBSERVATION
25,121.61,TW,Siluriformes,Bagridae,Tachysurus adiposalis,2016,OCCURRENCE
23.2981,121.26016,TW,Cypriniformes,Cyprinidae,Aphyocypris kikuchii,2018,HUMAN_OBSERVATION
24.27888,120.75969,TW,Cypriniformes,Cyprinidae,Microphysogobio alticorpus,2012,OCCURRENCE
24.72,112.28,CN,Cypriniformes,Cobitidae,Paramisgurnus dabryanus,2017,PRESERVED_SPECIMEN
24.23558,120.73916,TW,Cypriniformes,Cyprinidae,Opsariichthys pachycephalus,2022,HUMAN_OBSERVATION
24.7041,121.17927,TW,Cypriniformes,Cyprinidae,Acrossocheilus paradoxus,2023,HUMAN_OBSERVATION
19.20212,110.607208,CN,Perciformes,Serranidae,Epinephelus coioides,2026,HUMAN_OBSERVATION
22.250629,113.866313,HK,Perciformes,Cichlidae,Oreochromis mossambicus,2018,HUMAN_OBSERVATION
25,103,CN,Perciformes,Odontobutidae,Micropercops swinhonis,1981,PRESERVED_SPECIMEN
25.173017,121.421271,TW,Perciformes,Haemulidae,Pomadasys argenteus,2020,HUMAN_OBSERVATION
37.52,121.58,CN,Syngnathiformes,Syngnathidae,Syngnathus schlegeli,2013,MATERIAL_SAMPLE
24.13849,120.6197,TW,Perciformes,Cichlidae,Oreochromis niloticus,2021,HUMAN_OBSERVATION
24.28834,120.93761,TW,Cypriniformes,Cyprinidae,Onychostoma barbatulum,2010,OCCURRENCE
24.245402,120.44798,TW,Perciformes,Gerreidae,Gerres filamentosus,2018,PRESERVED_SPECIMEN
23.785874,120.779958,TW,Cypriniformes,Cyprinidae,Onychostoma alticorpus,2022,HUMAN_OBSERVATION
22.364357,114.292489,HK,Tetraodontiformes,Ostraciidae,Lactoria cornuta,2025,HUMAN_OBSERVATION
22.87,120.49,TW,Cypriniformes,Cyprinidae,Opsariichthys kaopingensis,2022,HUMAN_OBSERVATION
24.46699,120.88493,TW,Perciformes,Gobiidae,Rhinogobius candidianus,2022,HUMAN_OBSERVATION
23.927367,121.514828,TW,Cypriniformes,Cyprinidae,Opsariichthys pachycephalus,2022,HUMAN_OBSERVATION
38.073254,104.69114,CN,Cypriniformes,Nemacheilidae,Triplophysa bleekeri,,MATERIAL_SAMPLE
22.60303,120.58297,TW,Cyprinodontiformes,Poeciliidae,Poecilia reticulata,2022,HUMAN_OBSERVATION
27.08305,112.94972,CN,Cypriniformes,Cyprinidae,Opsariichthys bidens,2002,PRESERVED_SPECIMEN
24.610884,121.817047,TW,Perciformes,Gobiidae,Rhinogobius gigas,2025,HUMAN_OBSERVATION
40.68242,96.47314,CN,Perciformes,Centrarchidae,Micropterus salmoides,2009,PRESERVED_SPECIMEN
28.393888,118.89472,CN,Siluriformes,Bagridae,,2020,MATERIAL_CITATION
24.60883,120.78432,TW,Mugiliformes,Mugilidae,Planiliza affinis,2023,HUMAN_OBSERVATION
23.27053,121.28901,TW,Cypriniformes,Cyprinidae,Opsariichthys pachycephalus,2004,OCCURRENCE
38.216667,75.03333,CN,Carcharhiniformes,Sphyrnidae,Sphyrna zygaena,2016,MATERIAL_SAMPLE
24.42,98.97,CN,Cypriniformes,Cyprinidae,Schizopyge nukiangensis,2012,PRESERVED_SPECIMEN
24.5,120.6,TW,Siluriformes,Ariidae,Plicofollis nella,2002,OCCURRENCE
24.924035,121.624422,TW,Cypriniformes,Cobitidae,Cobitis sinensis,1965,PRESERVED_SPECIMEN
23.60965,120.37163,TW,Siluriformes,Loricariidae,,2023,HUMAN_OBSERVATION
24.48,118.1,CN,Perciformes,Gobiidae,Taenioides anguillaris,2016,PRESERVED_SPECIMEN
29.946082,122.389243,CN,Perciformes,Gobiidae,Rhinogobius similis,2025,HUMAN_OBSERVATION
24.07657,120.7254,TW,Cypriniformes,Cyprinidae,Opsariichthys pachycephalus,2022,HUMAN_OBSERVATION
23.39869,120.51133,TW,Perciformes,Gobiidae,Rhinogobius candidianus,2023,HUMAN_OBSERVATION
23.12,120.45,TW,Cypriniformes,Balitoridae,Sinogastromyzon nantaiensis,2015,OCCURRENCE
40.43,115.8,CN,Cypriniformes,Cobitidae,Misgurnus anguillicaudatus,2019,PRESERVED_SPECIMEN
22.058332,120.46667,TW,Perciformes,Carangidae,Caranx ignobilis,2004,PRESERVED_SPECIMEN
25.01,121.53,TW,Siluriformes,Bagridae,Tachysurus adiposalis,2016,OCCURRENCE
23.06684,120.3809,TW,Siluriformes,Clariidae,Clarias fuscus,2006,OCCURRENCE
24.85,120.48,TW,Perciformes,Carangidae,Carangoides equula,2002,OCCURRENCE
23.833187,120.788938,TW,Perciformes,Channidae,Channa striata,2026,HUMAN_OBSERVATION
24.86,122.02,TW,Squaliformes,Centrophoridae,Deania calcea,,OCCURRENCE
23.88093,121.54253,TW,Cypriniformes,Cyprinidae,Pseudorasbora parva,2003,OCCURRENCE
29.744153,121.272475,CN,Cypriniformes,Cyprinidae,Abbottina rivularis,2025,HUMAN_OBSERVATION
25.091045,121.686964,TW,Perciformes,Cichlidae,,2024,HUMAN_OBSERVATION
22.91895,120.18426,TW,Perciformes,Cichlidae,Oreochromis niloticus,2022,HUMAN_OBSERVATION
40.80717,111.659851,CN,Perciformes,Gobiidae,Rhinogobius similis,2026,HUMAN_OBSERVATION
24.6,120.78,TW,Cypriniformes,Cyprinidae,Pseudorasbora parva,2003,OCCURRENCE
21.045637,110.205488,CN,Beloniformes,Adrianichthyidae,,1931,PRESERVED_SPECIMEN
24.686,121.017,TW,Cypriniformes,Cyprinidae,Carassius cuvieri,2006,OCCURRENCE
20.08,111.75,CN,Pleuronectiformes,Bothidae,Engyprosopon xystrias,2015,PRESERVED_SPECIMEN
22.89,120.08,TW,Perciformes,Gobiidae,Acentrogobius nebulosus,,HUMAN_OBSERVATION
23.380889,120.536219,TW,Cypriniformes,Cyprinidae,Acrossocheilus paradoxus,2020,HUMAN_OBSERVATION
24,121.6,TW,Cypriniformes,Cyprinidae,Acrossocheilus paradoxus,2019,HUMAN_OBSERVATION
22.19,120.4,TW,Perciformes,Bathyclupeidae,,2002,OCCURRENCE
26.49,98.9,CN,Cypriniformes,Cyprinidae,Schizopyge nukiangensis,2013,PRESERVED_SPECIMEN
22.90637,121.151,TW,Cypriniformes,Cyprinidae,Acrossocheilus paradoxus,2015,OCCURRENCE
29.97,113.68,CN,Perciformes,Sciaenidae,Larimichthys crocea,2013,PRESERVED_SPECIMEN
39.702783,116.229106,CN,Perciformes,Gobiidae,Rhinogobius cliffordpopei,2025,HUMAN_OBSERVATION
39.103266,117.17367,CN,Cypriniformes,Cobitidae,Paramisgurnus dabryanus,2023,HUMAN_OBSERVATION
22.630019,120.354109,TW,Perciformes,Gobiidae,Rhinogobius giurinus,1968,PRESERVED_SPECIMEN
24.71,121.83,TW,Perciformes,Gobiidae,Rhinogobius maculafasciatus,2004,OCCURRENCE
23.08717,120.13362,TW,Perciformes,Leiognathidae,Leiognathus equulus,2022,HUMAN_OBSERVATION
22.48,120.46,TW,Perciformes,Gobiidae,Awaous melanocephalus,1958,OBSERVATION
27.94,116.35,CN,Cypriniformes,Cobitidae,Misgurnus anguillicaudatus,2017,MATERIAL_SAMPLE
21.01,109.42,CN,Mugiliformes,Mugilidae,,,MATERIAL_SAMPLE
21.33,111.98,CN,Perciformes,Menidae,Mene maculata,2011,PRESERVED_SPECIMEN
22.240089,114.182936,HK,Lophiiformes,Antennariidae,,1930,PRESERVED_SPECIMEN
23.41183,120.54753,TW,Cypriniformes,Cyprinidae,Opsariichthys pachycephalus,2022,HUMAN_OBSERVATION
23.66165,120.47501,TW,Cyprinodontiformes,Poeciliidae,Gambusia affinis,2022,HUMAN_OBSERVATION
28.84683,120.72881,CN,Cypriniformes,Cobitidae,Leptobotia tientainensis,2022,HUMAN_OBSERVATION
23.4855,121.40355,TW,Cypriniformes,Cyprinidae,Acrossocheilus paradoxus,2022,HUMAN_OBSERVATION
24.7,121.2,TW,Cypriniformes,Balitoridae,Formosania lacustre,2021,HUMAN_OBSERVATION
20.313,109.858,CN,Perciformes,Scatophagidae,Scatophagus argus,2006,MATERIAL_SAMPLE
24.71,121.83,TW,Perciformes,Gobiidae,Redigobius bikolanus,2004,OCCURRENCE
38.073254,104.69114,CN,Cypriniformes,Nemacheilidae,,,MATERIAL_SAMPLE
39.775054,116.467844,CN,Cypriniformes,Cyprinidae,Hemiculter leucisculus,2021,HUMAN_OBSERVATION
24.07998,120.6662,TW,Perciformes,Cichlidae,Oreochromis niloticus,2023,HUMAN_OBSERVATION
24.456356,118.090802,CN,Perciformes,Gobiidae,Mugilogobius myxodermus,2011,HUMAN_OBSERVATION
24.94,121.88,TW,Beryciformes,Trachichthyidae,,2005,OCCURRENCE
22.504167,114.369444,HK,Perciformes,Carangidae,Carangoides malabaricus,1958,PRESERVED_SPECIMEN
24.25,122,TW,Aulopiformes,Paralepididae,,1929,PRESERVED_SPECIMEN
22.29,120.17,TW,Anguilliformes,Congridae,,2001,HUMAN_OBSERVATION
24.55,103.75,CN,Cypriniformes,Cyprinidae,Sinocyclocheilus hyalinus,,PRESERVED_SPECIMEN
22.331781,113.875612,HK,Mugiliformes,Mugilidae,Mugil cephalus,2023,HUMAN_OBSERVATION
44.92925,120.49735,CN,Cypriniformes,Nemacheilidae,Lefua costata,,MATERIAL_SAMPLE
23.114808,120.098873,TW,Elopiformes,Elopidae,Elops machnata,2020,HUMAN_OBSERVATION
22.25,120.37,TW,Scorpaeniformes,Setarchidae,Setarches longimanus,,HUMAN_OBSERVATION
25.03719,121.46088,TW,Perciformes,Cichlidae,Coptodon zillii,2022,HUMAN_OBSERVATION
24.15905,120.74417,TW,Cypriniformes,Cyprinidae,Opsariichthys pachycephalus,2021,HUMAN_OBSERVATION
24.40196,120.61131,TW,Perciformes,Gobiidae,Rhinogobius maculafasciatus,2023,HUMAN_OBSERVATION
23.411861,120.547528,TW,Perciformes,Gobiidae,Rhinogobius candidianus,2023,HUMAN_OBSERVATION
39.452499,97.128609,CN,Cypriniformes,Cyprinidae,Cyprinella lutrensis,1996,PRESERVED_SPECIMEN
23.729195,120.825014,TW,Cypriniformes,Cyprinidae,Onychostoma barbatulum,2020,HUMAN_OBSERVATION
24.82508,121.0875,TW,Cypriniformes,Cyprinidae,Microphysogobio brevirostris,2013,OCCURRENCE
22,100.7717,CN,Siluriformes,Sisoridae,Glyptothorax laosensis,1986,PRESERVED_SPECIMEN
24.42,98.97,CN,Siluriformes,Sisoridae,Gagata dolichonema,2012,PRESERVED_SPECIMEN
24.42,120.52,TW,Scorpaeniformes,Platycephalidae,,2002,OCCURRENCE
25.08756,121.82841,TW,Perciformes,Gobiidae,Rhinogobius similis,2023,HUMAN_OBSERVATION
38.073254,104.69114,CN,Perciformes,Lutjanidae,Lutjanus fulvus,,MATERIAL_SAMPLE
23.98398,120.9113,TW,Cypriniformes,Cyprinidae,Carassius auratus,2004,OCCURRENCE
22.470282,114.00304,HK,Cypriniformes,Cyprinidae,,2025,HUMAN_OBSERVATION
23.2977,121.25955,TW,Cyprinodontiformes,Poeciliidae,Gambusia affinis,2017,HUMAN_OBSERVATION
22.43499,110.07499,CN,Cypriniformes,Cyprinidae,,2003,PRESERVED_SPECIMEN
24.07657,120.7254,TW,Cypriniformes,Cyprinidae,Opsariichthys pachycephalus,2022,HUMAN_OBSERVATION
23.50674,120.47357,TW,Perciformes,Cichlidae,Oreochromis niloticus,2022,HUMAN_OBSERVATION
23.6627,121.43457,TW,Cypriniformes,Cyprinidae,Candidia barbata,2022,HUMAN_OBSERVATION
36.061764,120.292866,CN,Pleuronectiformes,Pleuronectidae,Kareius bicoloratus,2024,HUMAN_OBSERVATION
24.71861,121.709275,TW,Cypriniformes,Cobitidae,Cobitis sinensis,2018,HUMAN_OBSERVATION
32.011204,118.823573,CN,Cypriniformes,Cyprinidae,Carassius auratus,2024,HUMAN_OBSERVATION
25.091045,121.686964,TW,Cyprinodontiformes,Poeciliidae,Gambusia affinis,2024,HUMAN_OBSERVATION
38.45464,95.06107,CN,Cypriniformes,Cyprinidae,Notropis buchanani,2008,PRESERVED_SPECIMEN
23.45578,120.48764,TW,Cypriniformes,Cyprinidae,Opsariichthys pachycephalus,2023,HUMAN_OBSERVATION
40.148812,116.253561,CN,Beloniformes,Adrianichthyidae,Oryzias sinensis,2025,HUMAN_OBSERVATION
22.360222,114.375897,HK,Perciformes,Siganidae,Siganus fuscescens,2026,HUMAN_OBSERVATION
24.644,121.124,TW,Cypriniformes,Cyprinidae,Acrossocheilus paradoxus,2021,HUMAN_OBSERVATION
30.416878,114.091095,CN,Perciformes,Channidae,Channa argus,2025,HUMAN_OBSERVATION
24.79623,121.03617,TW,Cypriniformes,Cyprinidae,Hemibarbus labeo,2004,OCCURRENCE
23.53672,120.5316,TW,Cypriniformes,Cyprinidae,Candidia barbata,2022,HUMAN_OBSERVATION
22.707339,120.36954,TW,Cypriniformes,Cyprinidae,Hypophthalmichthys nobilis,2026,HUMAN_OBSERVATION
29.402753,104.852644,CN,Cypriniformes,Cyprinidae,Ctenopharyngodon idella,2026,HUMAN_OBSERVATION
23.536613,120.531371,TW,Cyprinodontiformes,Poeciliidae,Poecilia reticulata,2023,HUMAN_OBSERVATION
23.43478,120.49033,TW,Cypriniformes,Cyprinidae,Acrossocheilus paradoxus,2023,HUMAN_OBSERVATION
24.9431,121.536,TW,Cypriniformes,Cyprinidae,Zacco platypus,2016,OCCURRENCE
26.18,119.75,CN,Syngnathiformes,Syngnathidae,Hippocampus spinosissimus,,MATERIAL_SAMPLE
36.334983,120.395125,CN,Cypriniformes,Cyprinidae,Carassius auratus,2019,HUMAN_OBSERVATION
23.41272,120.43608,TW,Cyprinodontiformes,Poeciliidae,Poecilia reticulata,2022,HUMAN_OBSERVATION
22.398177,113.968781,HK,Anguilliformes,Anguillidae,Anguilla japonica,2016,HUMAN_OBSERVATION
23.328556,120.252361,TW,Perciformes,Cichlidae,Oreochromis niloticus,2023,HUMAN_OBSERVATION
22.47708,120.45981,TW,Perciformes,Ambassidae,Ambassis urotaenia,2022,HUMAN_OBSERVATION
29.297551,116.761238,CN,Cypriniformes,Cyprinidae,Carassius auratus,2026,HUMAN_OBSERVATION
22.157653,120.824309,TW,Cypriniformes,Cyprinidae,Candidia pingtungensis,2025,HUMAN_OBSERVATION
24.428708,120.775735,TW,Cypriniformes,Cyprinidae,Candidia barbata,2025,HUMAN_OBSERVATION
22.233994,113.852899,HK,Perciformes,Gobiidae,Periophthalmus modestus,2024,HUMAN_OBSERVATION
23.354903,120.12462,TW,Perciformes,Scatophagidae,Scatophagus argus,2023,HUMAN_OBSERVATION
23.439,120.60558,TW,Cypriniformes,Cyprinidae,Acrossocheilus paradoxus,2023,HUMAN_OBSERVATION
23.45114,120.55092,TW,Cypriniformes,Cyprinidae,Opsariichthys pachycephalus,2023,HUMAN_OBSERVATION
25.017975,121.998205,TW,Perciformes,Gobiidae,Bathygobius fuscus,2023,HUMAN_OBSERVATION
38.50341,94.95139,CN,Perciformes,Percidae,Percina phoxocephala,2008,PRESERVED_SPECIMEN
25.18,99.19,CN,Cypriniformes,Cyprinidae,Schizothorax yunnanensis,2013,PRESERVED_SPECIMEN
25.2,121.67,TW,Perciformes,Ambassidae,Ambassis miops,1999,OCCURRENCE
25.060742,121.095398,TW,Siluriformes,Loricariidae,Pterygoplichthys pardalis,2024,HUMAN_OBSERVATION
23.50738,121.32666,TW,Perciformes,Gobiidae,Rhinogobius gigas,2005,OCCURRENCE
24.83,120.98,TW,Perciformes,Eleotridae,Eleotris melanosoma,2015,OCCURRENCE
24.82449,121.08658,TW,Cypriniformes,Cyprinidae,Opsariichthys evolans,2023,HUMAN_OBSERVATION
23.143842,120.076266,TW,Perciformes,Sillaginidae,Sillago sihama,2015,HUMAN_OBSERVATION
23.05484,121.1997,TW,Perciformes,Gobiidae,Sicyopterus japonicus,2022,HUMAN_OBSERVATION
23.118403,120.088635,TW,Perciformes,Acanthuridae,,2018,HUMAN_OBSERVATION
22.7,121.05,TW,Perciformes,Gobiidae,Rhinogobius brunneus,1991,PRESERVED_SPECIMEN
22.65,120.4,TW,Anguilliformes,Nettastomatidae,,,PRESERVED_SPECIMEN
26.437982,106.668187,CN,Cypriniformes,Cyprinidae,Rhodeus ocellatus,2007,HUMAN_OBSERVATION
23.19548,121.279531,TW,Cypriniformes,Cyprinidae,Opsariichthys pachycephalus,2022,HUMAN_OBSERVATION
40.003883,116.35405,CN,Perciformes,Odontobutidae,Micropercops swinhonis,2025,HUMAN_OBSERVATION
24.23647,120.73536,TW,Cyprinodontiformes,Poeciliidae,Gambusia affinis,2021,HUMAN_OBSERVATION
23.51851,120.59372,TW,Cypriniformes,Cyprinidae,Candidia barbata,2023,HUMAN_OBSERVATION
20.05,109.65,CN,Syngnathiformes,Syngnathidae,,2012,PRESERVED_SPECIMEN
20.6975,116.728056,TW,Perciformes,Labridae,Cheilinus trilobatus,,PRESERVED_SPECIMEN
24.723251,121.724229,TW,Cyprinodontiformes,Poeciliidae,Gambusia affinis,2018,HUMAN_OBSERVATION
22.438528,114.332708,HK,Perciformes,Sparidae,Acanthopagrus schlegelii,2020,HUMAN_OBSERVATION
24.8151,121.11072,TW,Cyprinodontiformes,Poeciliidae,Gambusia affinis,2013,OCCURRENCE
23.13,121.17,TW,Cypriniformes,Cyprinidae,Onychostoma alticorpus,2022,HUMAN_OBSERVATION
25.0157,121.01901,TW,Mugiliformes,Mugilidae,Planiliza affinis,2025,HUMAN_OBSERVATION
22.65,120.4,TW,Scorpaeniformes,Setarchidae,Setarches longimanus,,PRESERVED_SPECIMEN
22.4259,120.31862,TW,Scorpaeniformes,Scorpaenidae,,2023,MATERIAL_SAMPLE
23.88,120.73,TW,Cypriniformes,Balitoridae,Sinogastromyzon puliensis,2020,HUMAN_OBSERVATION
22.367,112.681,CN,Cypriniformes,Cyprinidae,,2017,MATERIAL_SAMPLE
41.696359,123.235338,CN,Cypriniformes,Cyprinidae,Pseudorasbora parva,2025,HUMAN_OBSERVATION
24.70813,121.17003,TW,Siluriformes,Siluridae,Silurus asotus,2005,OCCURRENCE
24.786582,121.311332,TW,Perciformes,Gobiidae,Rhinogobius candidianus,2025,HUMAN_OBSERVATION
22.88167,121.24694,TW,Anguilliformes,Anguillidae,Anguilla bicolor,2010,HUMAN_OBSERVATION
23.96,120.97,TW,Cypriniformes,Balitoridae,Formosania lacustre,1991,OCCURRENCE
22.340408,120.360426,TW,Anguilliformes,Muraenidae,Gymnothorax meleagris,2020,HUMAN_OBSERVATION
22.51325,120.30881,TW,Perciformes,Gobiidae,Trypauchen vagina,2020,PRESERVED_SPECIMEN
24.70641,121.71678,TW,Cypriniformes,Cyprinidae,Opsariichthys pachycephalus,2022,HUMAN_OBSERVATION
20.78017,116.8149,TW,Perciformes,Blenniidae,,2011,PRESERVED_SPECIMEN
23.4,110.06,CN,Cypriniformes,Cyprinidae,Hemibarbus labeo,2017,PRESERVED_SPECIMEN
20.12,110.55,CN,Perciformes,Gobiidae,Glossogobius aureus,2014,PRESERVED_SPECIMEN
42.666668,122.71667,CN,Cypriniformes,Nemacheilidae,Barbatula zhangwuensis,,MATERIAL_CITATION
23.45147,120.55064,TW,Perciformes,Gobiidae,Rhinogobius candidianus,2023,HUMAN_OBSERVATION
24.02,120.82,TW,Cypriniformes,Balitoridae,Sinogastromyzon puliensis,2020,HUMAN_OBSERVATION
38.073254,104.69114,CN,Siluriformes,Sisoridae,Glyptothorax schmidti,,MATERIAL_SAMPLE
24.27925,120.75684,TW,Cypriniformes,Cyprinidae,Acrossocheilus paradoxus,2023,HUMAN_OBSERVATION
25.04595,121.48511,TW,Siluriformes,Ariidae,Arius maculatus,2015,OCCURRENCE
22.683101,121.486145,TW,Perciformes,Labridae,Cheilinus trilobatus,2025,HUMAN_OBSERVATION
25.01,121.92,TW,Cypriniformes,Cyprinidae,Candidia barbata,2019,HUMAN_OBSERVATION
24.18631,120.74316,TW,Siluriformes,Bagridae,Pseudobagrus brevianalis,2005,OCCURRENCE
24.66436,120.84507,TW,Mugiliformes,Mugilidae,Planiliza affinis,2023,HUMAN_OBSERVATION
34.034539,113.788258,CN,Perciformes,Osphronemidae,Macropodus ocellatus,2023,HUMAN_OBSERVATION
31.861647,117.2529,CN,Cypriniformes,Cyprinidae,Pseudorasbora parva,2022,HUMAN_OBSERVATION
25.00741,121.53155,TW,Perciformes,Cichlidae,Vieja melanura,2022,HUMAN_OBSERVATION
24.88,122.08,TW,Scorpaeniformes,Setarchidae,Setarches longimanus,,HUMAN_OBSERVATION
25.266667,98.583333,CN,Cypriniformes,Cyprinidae,Schizothorax dulongensis,1998,PRESERVED_SPECIMEN
24.29427,120.90868,TW,Cypriniformes,Cyprinidae,Acrossocheilus paradoxus,2023,HUMAN_OBSERVATION
25.116,121.46373,TW,Perciformes,Terapontidae,Terapon jarbua,2022,HUMAN_OBSERVATION
26.52,120.17,CN,Perciformes,Carangidae,Megalaspis cordyla,2017,MATERIAL_SAMPLE
26.76472,111.16139,CN,Perciformes,Gobiidae,,2002,PRESERVED_SPECIMEN
24.08148,120.70879,TW,Perciformes,Cichlidae,Oreochromis niloticus,2022,HUMAN_OBSERVATION
24.41,120.87,TW,Cypriniformes,Balitoridae,Formosania lacustre,2023,HUMAN_OBSERVATION
25.1132,121.478,TW,Mugiliformes,Mugilidae,Osteomugil cunnesius,2016,OCCURRENCE
22.637538,121.491055,TW,Perciformes,Chaetodontidae,,2016,HUMAN_OBSERVATION
22.344964,120.389808,TW,Perciformes,Chaetodontidae,,2013,HUMAN_OBSERVATION
31.905137,118.772095,CN,Cypriniformes,Cyprinidae,Cyprinus rubrofuscus,2025,HUMAN_OBSERVATION
22.738477,114.533911,CN,Perciformes,Gobiidae,Periophthalmus modestus,2025,HUMAN_OBSERVATION
24.48,118.1,CN,Perciformes,Gerreidae,Gerres limbatus,2017,MATERIAL_SAMPLE
22.54275,120.50319,TW,Perciformes,Cichlidae,Oreochromis niloticus,2022,HUMAN_OBSERVATION
36.1,120.316667,CN,Perciformes,Gobiidae,Synechogobius ommaturus,1987,PRESERVED_SPECIMEN
24.11051,120.6987,TW,Perciformes,Cichlidae,Oreochromis niloticus,2022,HUMAN_OBSERVATION
23.19548,121.279531,TW,Cypriniformes,Cyprinidae,Acrossocheilus paradoxus,2022,HUMAN_OBSERVATION
31.07842,121.596548,CN,Perciformes,Gobiidae,Boleophthalmus pectinirostris,2025,HUMAN_OBSERVATION
25.056125,121.635653,TW,Cypriniformes,Cyprinidae,Metzia formosae,2023,HUMAN_OBSERVATION
39.94789,116.295488,CN,Cypriniformes,Cyprinidae,Acheilognathus rhombeus,2025,HUMAN_OBSERVATION
23.76707,121.49777,TW,Cypriniformes,Cyprinidae,Opsariichthys pachycephalus,2022,HUMAN_OBSERVATION
22.4,107.34,CN,Cypriniformes,Cyprinidae,Hemiculter leucisculus,2018,PRESERVED_SPECIMEN
24.59378,121.04529,TW,Cypriniformes,Cyprinidae,Onychostoma barbatulum,2023,HUMAN_OBSERVATION
23.27754,120.40159,TW,Cypriniformes,Cyprinidae,Microphysogobio alticorpus,2013,OCCURRENCE
22.465314,120.583043,TW,Beloniformes,Zenarchopteridae,Dermogenys siamensis,2025,HUMAN_OBSERVATION
23.513301,119.593088,TW,Perciformes,Pomacentridae,Stegastes obreptus,2023,HUMAN_OBSERVATION
21.67,117.72,TW,Gadiformes,Macrouridae,,,OCCURRENCE
25.22011,121.60182,TW,Perciformes,Gobiidae,Rhinogobius candidianus,2022,HUMAN_OBSERVATION
22.62642,120.59675,TW,Cyprinodontiformes,Poeciliidae,Gambusia affinis,2022,HUMAN_OBSERVATION
26.574188,119.552872,CN,Cypriniformes,Cyprinidae,Aphyocypris chinensis,2019,HUMAN_OBSERVATION
39.5117,118.1992,CN,Stomiiformes,Gonostomatidae,,2013,MATERIAL_SAMPLE
24.439425,118.016963,CN,Perciformes,Polynemidae,Eleutheronema rhadinum,2023,HUMAN_OBSERVATION
44.92925,120.49735,CN,Cypriniformes,Cobitidae,Cobitis lutheri,,MATERIAL_SAMPLE
23.43178,120.46367,TW,Perciformes,Gobiidae,Rhinogobius maculafasciatus,2022,HUMAN_OBSERVATION
25.091045,121.686964,TW,Perciformes,Cichlidae,Oreochromis mossambicus,2024,HUMAN_OBSERVATION
22.240197,113.993142,HK,Perciformes,Lutjanidae,Lutjanus argentimaculatus,2019,HUMAN_OBSERVATION
25.122197,121.899896,TW,Perciformes,Lethrinidae,Lethrinus nebulosus,2024,HUMAN_OBSERVATION
22.374424,114.264306,HK,Cypriniformes,Cyprinidae,Cyprinus carpio,2022,HUMAN_OBSERVATION
24.27942,120.75734,TW,Cypriniformes,Cyprinidae,Spinibarbus hollandi,2023,HUMAN_OBSERVATION
22.437546,114.316038,HK,Perciformes,Cichlidae,Oreochromis mossambicus,2020,HUMAN_OBSERVATION
24.67,122.18,TW,Stomiiformes,Sternoptychidae,,,OCCURRENCE
24.1784,120.7378,TW,Cypriniformes,Cyprinidae,Acrossocheilus paradoxus,2022,HUMAN_OBSERVATION
21.81,113,CN,Perciformes,Leiognathidae,Nuchequula nuchalis,,MATERIAL_SAMPLE
22.99014,120.55153,TW,Cypriniformes,Cyprinidae,Acrossocheilus paradoxus,2023,HUMAN_OBSERVATION
25.0077,121.531,TW,Perciformes,Cichlidae,Oreochromis mossambicus,2016,OCCURRENCE
20.25,112.75,CN,Perciformes,Apogonidae,Ostorhinchus semilineatus,2015,PRESERVED_SPECIMEN
23.53672,120.5316,TW,Perciformes,Gobiidae,Rhinogobius candidianus,2023,HUMAN_OBSERVATION
24.72128,121.714562,TW,Perciformes,Cichlidae,Geophagus brasiliensis,2023,HUMAN_OBSERVATION
23.106405,113.236095,CN,Cypriniformes,Cyprinidae,Hypophthalmichthys molitrix,1931,PRESERVED_SPECIMEN
24.30005,120.91985,TW,Cypriniformes,Cyprinidae,Acrossocheilus paradoxus,2009,OCCURRENCE
23.83901,121.52946,TW,Cypriniformes,Cyprinidae,Spinibarbus hollandi,2018,OCCURRENCE
24.117053,120.684244,TW,Perciformes,Cichlidae,Vieja melanura,2026,HUMAN_OBSERVATION
49.36625,117.70436,CN,Cypriniformes,Cyprinidae,,,MATERIAL_SAMPLE
22.47,120.43,TW,Perciformes,Nemipteridae,Nemipterus peronii,,MATERIAL_SAMPLE
19.1,108.58,CN,Perciformes,Apogonidae,,2016,MATERIAL_SAMPLE
40.37927,113.2494,CN,Cypriniformes,Nemacheilidae,Triplophysa dalaica,2019,PRESERVED_SPECIMEN
24.13849,120.6197,TW,Perciformes,Cichlidae,Oreochromis niloticus,2021,HUMAN_OBSERVATION
24.84,120.94,TW,Mugiliformes,Mugilidae,Planiliza subviridis,2016,OCCURRENCE
39.98613,116.04633,CN,Cypriniformes,Cyprinidae,Pseudorasbora parva,2019,PRESERVED_SPECIMEN
23.484521,120.55383,TW,Cypriniformes,Cyprinidae,Candidia barbata,2023,HUMAN_OBSERVATION
23.59,120.89,TW,Cypriniformes,Balitoridae,Hemimyzon formosanus,2017,OCCURRENCE
22.47,120.43,TW,Tetraodontiformes,Tetraodontidae,Takifugu oblongus,1996,OCCURRENCE
24.56111,102.84722,CN,Cypriniformes,Cyprinidae,Anabarilius grahami,1995,PRESERVED_SPECIMEN
23.217991,121.270227,TW,Perciformes,Channidae,Channa striata,2022,HUMAN_OBSERVATION
24.9993,121.609,TW,Cypriniformes,Cyprinidae,Acrossocheilus paradoxus,2016,OCCURRENCE
22.646946,120.273392,TW,Perciformes,Channidae,Channa striata,2023,HUMAN_OBSERVATION
22.65,120.4,TW,Perciformes,Leiognathidae,Photopectoralis bindus,2018,PRESERVED_SPECIMEN
23.328556,120.252361,TW,Cypriniformes,Cyprinidae,Barbonymus gonionotus,2023,HUMAN_OBSERVATION
38.908333,99.723892,CN,Cypriniformes,Cyprinidae,Cyprinella lutrensis,1996,PRESERVED_SPECIMEN
25.02996,121.32008,TW,Perciformes,Gobiidae,Rhinogobius rubromaculatus,2024,HUMAN_OBSERVATION
24.94,121.9,TW,Siluriformes,Ariidae,Plicofollis polystaphylodon,1996,OCCURRENCE
35.744315,114.305981,CN,Beloniformes,Adrianichthyidae,Oryzias sinensis,2025,HUMAN_OBSERVATION
24.01341,120.72518,TW,Cypriniformes,Cyprinidae,Acrossocheilus paradoxus,2004,OCCURRENCE
36.265269,120.296505,CN,Cypriniformes,Cyprinidae,Chanodichthys erythropterus,2025,HUMAN_OBSERVATION
24.58437,121.33274,TW,Cyprinodontiformes,Poeciliidae,Gambusia affinis,2022,HUMAN_OBSERVATION
24.3,116.11,CN,Cypriniformes,Cobitidae,Misgurnus anguillicaudatus,2017,PRESERVED_SPECIMEN
47.551712,121.29637,CN,Salmoniformes,Salmonidae,Thymallus grubii,,MATERIAL_SAMPLE
23.815,120.7829,TW,Cypriniformes,Cyprinidae,Acrossocheilus paradoxus,2015,OCCURRENCE
38.349445,98.773613,CN,Cyprinodontiformes,Poeciliidae,Gambusia affinis,1996,PRESERVED_SPECIMEN
23.13,120.2,TW,Tetraodontiformes,Tetraodontidae,Lagocephalus lunaris,1969,OCCURRENCE
22.246594,114.314501,HK,Perciformes,Gobiidae,Rhinogobius similis,2024,HUMAN_OBSERVATION
29.97,113.68,CN,Cypriniformes,Cyprinidae,Tinca tinca,2013,PRESERVED_SPECIMEN
23.1346,120.0717,TW,Perciformes,Carangidae,Caranx papuensis,2021,MATERIAL_SAMPLE
24.02271,120.63682,TW,Cypriniformes,Cyprinidae,Acrossocheilus paradoxus,2021,HUMAN_OBSERVATION
37.45036,122.16054,CN,Perciformes,Gobiidae,Tridentiger trigonocephalus,2025,HUMAN_OBSERVATION
22.06739,120.71333,TW,Mugiliformes,Mugilidae,Planiliza macrolepis,2022,HUMAN_OBSERVATION
25.0824,121.825,TW,Cypriniformes,Cyprinidae,Opsariichthys pachycephalus,2017,OCCURRENCE
23.41508,120.5065,TW,Perciformes,Cichlidae,Oreochromis niloticus,2023,HUMAN_OBSERVATION
23.4,120.511083,TW,Cypriniformes,Cyprinidae,Microphysogobio alticorpus,2023,HUMAN_OBSERVATION
24.93,121.62,TW,Perciformes,Cichlidae,Coptodon zillii,1991,OCCURRENCE
23.554725,120.164169,TW,Perciformes,Cichlidae,,2014,HUMAN_OBSERVATION
31.325442,120.623672,CN,Cypriniformes,Cyprinidae,Cyprinus rubrofuscus,2025,HUMAN_OBSERVATION
22.42458,114.083676,HK,Cypriniformes,Cobitidae,Misgurnus anguillicaudatus,2019,HUMAN_OBSERVATION
24.729462,121.688848,TW,Perciformes,Cichlidae,Geophagus brasiliensis,2023,HUMAN_OBSERVATION
17.31,113.28,CN,Perciformes,Lateolabracidae,Lateolabrax japonicus,,PRESERVED_SPECIMEN
23.55,119.56,TW,Perciformes,Serranidae,Epinephelus corallicola,2006,OCCURRENCE
24.753183,120.827617,TW,Mugiliformes,Mugilidae,Planiliza affinis,2022,PRESERVED_SPECIMEN
24.999108,121.576492,TW,Perciformes,Cichlidae,Vieja melanura,2025,HUMAN_OBSERVATION
19.533333,109.583333,CN,Cypriniformes,Cyprinidae,Sinibrama melrosei,,PRESERVED_SPECIMEN
23.11704,120.45595,TW,Cypriniformes,Cyprinidae,Microphysogobio alticorpus,2022,HUMAN_OBSERVATION
24.1784,120.73781,TW,Cypriniformes,Cyprinidae,Carassius auratus,2022,HUMAN_OBSERVATION
35.43765,119.576706,CN,Mugiliformes,Mugilidae,Mugil cephalus,2026,HUMAN_OBSERVATION
23.127064,120.055231,TW,Mugiliformes,Mugilidae,Osteomugil cunnesius,2018,HUMAN_OBSERVATION
23.477465,120.449375,TW,Cypriniformes,Cyprinidae,Carassius auratus,2025,HUMAN_OBSERVATION
23.114808,120.098873,TW,Scorpaeniformes,Platycephalidae,Platycephalus indicus,2017,HUMAN_OBSERVATION
24.19,120.49,TW,Cypriniformes,Balitoridae,Sinogastromyzon puliensis,2020,HUMAN_OBSERVATION
31.410264,120.906426,CN,Scorpaeniformes,Cottidae,Trachidermus fasciatus,2024,HUMAN_OBSERVATION
24.710668,121.709473,TW,Cypriniformes,Cyprinidae,Barbodes semifasciolatus,2018,HUMAN_OBSERVATION
22.90519,121.14792,TW,Perciformes,Gobiidae,Rhinogobius candidianus,2022,HUMAN_OBSERVATION
23.107992,120.043438,TW,Clupeiformes,Clupeidae,,2021,HUMAN_OBSERVATION
23.92739,120.70615,TW,Cypriniformes,Cyprinidae,Opsariichthys pachycephalus,2005,OCCURRENCE
25.86,98.85,CN,Cypriniformes,Cyprinidae,Placocheilus cryptonemus,2012,PRESERVED_SPECIMEN
24.34104,120.73749,TW,Cypriniformes,Cyprinidae,Acrossocheilus paradoxus,2008,OCCURRENCE
22.87311,120.48594,TW,Perciformes,Gobiidae,Rhinogobius maculafasciatus,2023,HUMAN_OBSERVATION
23.43886,120.606,TW,Cypriniformes,Cyprinidae,Candidia barbata,2023,HUMAN_OBSERVATION
24.00033,120.9166,TW,Cypriniformes,Cyprinidae,Acrossocheilus paradoxus,2021,HUMAN_OBSERVATION
22.153561,113.560738,MO,Cypriniformes,Cyprinidae,Squaliobarbus curriculus,2026,HUMAN_OBSERVATION
23.322756,121.329793,TW,Perciformes,Cichlidae,Oreochromis niloticus,2022,HUMAN_OBSERVATION
22.46,120.44,TW,Squaliformes,Etmopteridae,,2005,OCCURRENCE
24.54,120.63,TW,Perciformes,Sphyraenidae,,,MATERIAL_SAMPLE
24.11051,120.69869,TW,Cypriniformes,Cyprinidae,Barbonymus gonionotus,2021,HUMAN_OBSERVATION
22.556594,114.529787,CN,Perciformes,Gobiidae,Periophthalmus modestus,2026,HUMAN_OBSERVATION
23.36021,120.135006,TW,Perciformes,Haemulidae,Pomadasys argenteus,2025,HUMAN_OBSERVATION
22.99,120.55,TW,Cypriniformes,Cyprinidae,Onychostoma alticorpus,2023,HUMAN_OBSERVATION
24.723063,121.679633,TW,Cypriniformes,Cyprinidae,Opsariichthys evolans,2025,HUMAN_OBSERVATION
23.15781,120.63589,TW,Cypriniformes,Cyprinidae,Spinibarbus hollandi,2022,HUMAN_OBSERVATION
22.383333,113.9,CN,Tetraodontiformes,Tetraodontidae,Lagocephalus lunaris,1958,PRESERVED_SPECIMEN
39.702857,116.229143,CN,Perciformes,Gobiidae,Rhinogobius similis,2025,HUMAN_OBSERVATION
20.74,117.65,TW,Gadiformes,Macrouridae,,,OCCURRENCE
23.05858,120.27669,TW,Cypriniformes,Cyprinidae,Barbonymus gonionotus,2023,HUMAN_OBSERVATION
24.84701,121.11123,TW,Perciformes,Cichlidae,Geophagus brasiliensis,2023,HUMAN_OBSERVATION
23.48774,121.40297,TW,Cypriniformes,Cyprinidae,Spinibarbus hollandi,2004,OCCURRENCE
29.76,121.35,CN,Cypriniformes,Balitoridae,Vanmanenia stenosoma,2021,PRESERVED_SPECIMEN
23.28977,120.14243,TW,Mugiliformes,Mugilidae,Planiliza subviridis,2022,HUMAN_OBSERVATION
23.7153,120.856,TW,Cypriniformes,Cyprinidae,Onychostoma barbatulum,2017,OCCURRENCE
18.235,109.347,CN,Atheriniformes,Atherinidae,,,OCCURRENCE
23.85,120.91,TW,Perciformes,Ambassidae,Parambassis siamensis,2004,OCCURRENCE
23.43219,120.54764,TW,Cypriniformes,Cyprinidae,Acrossocheilus paradoxus,2022,HUMAN_OBSERVATION
23.05,121.23,TW,Myliobatiformes,Dasyatidae,Hemitrygon akajei,1978,OBSERVATION
20.71287,116.7809,TW,Perciformes,Pomacentridae,,2011,PRESERVED_SPECIMEN
23.124558,121.409662,TW,Anguilliformes,Muraenidae,Gymnothorax pictus,2026,HUMAN_OBSERVATION
23.45553,120.48869,TW,Cypriniformes,Cyprinidae,Opsariichthys pachycephalus,2023,HUMAN_OBSERVATION
22.0686,120.71426,TW,Syngnathiformes,Syngnathidae,Hippichthys cyanospilos,2012,OCCURRENCE
24.134144,120.739384,TW,Cypriniformes,Cyprinidae,Opsariichthys pachycephalus,2022,HUMAN_OBSERVATION
23.697807,120.96051,TW,Clupeiformes,Engraulidae,,,MATERIAL_SAMPLE
23.44,111.31,CN,Cypriniformes,Cyprinidae,Megalobrama terminalis,2017,PRESERVED_SPECIMEN
23.555245,120.159989,TW,Perciformes,Sparidae,Acanthopagrus schlegelii,2022,HUMAN_OBSERVATION
24.70813,121.17003,TW,Cypriniformes,Cyprinidae,Opsariichthys pachycephalus,2005,OCCURRENCE
25.120789,121.461433,TW,Perciformes,Carangidae,Caranx sexfasciatus,2021,HUMAN_OBSERVATION
23.124482,120.074022,TW,Anguilliformes,Ophichthidae,Pisodonophis boro,2020,HUMAN_OBSERVATION
25.11599,121.46322,TW,Perciformes,Terapontidae,Terapon jarbua,2022,HUMAN_OBSERVATION
23.95824,121.50135,TW,Perciformes,Gobiidae,Rhinogobius gigas,2023,HUMAN_OBSERVATION
28,110.18305,CN,Cypriniformes,Cobitidae,Leptobotia guilinensis,2002,PRESERVED_SPECIMEN
18.75,107.75,CN,Perciformes,Terapontidae,Terapon theraps,,PRESERVED_SPECIMEN
42.28779,100.62661,CN,Cypriniformes,Cyprinidae,Rhinichthys cataractae,2008,PRESERVED_SPECIMEN
36.195221,120.472544,CN,Clupeiformes,Engraulidae,Coilia nasus,2025,HUMAN_OBSERVATION
23.97,120.99,TW,Cypriniformes,Balitoridae,Sinogastromyzon puliensis,2020,HUMAN_OBSERVATION
24.62613,121.00534,TW,Perciformes,Gobiidae,Rhinogobius candidianus,2005,OCCURRENCE
24.16927,120.70553,TW,Perciformes,Cichlidae,Oreochromis niloticus,2022,HUMAN_OBSERVATION
25.08703,121.82832,TW,Perciformes,Gobiidae,Rhinogobius candidianus,2023,HUMAN_OBSERVATION
23.961628,120.953207,TW,Cypriniformes,Cyprinidae,Opsariichthys pachycephalus,1968,PRESERVED_SPECIMEN
40.006819,116.395643,CN,Beloniformes,Adrianichthyidae,Oryzias sinensis,2025,HUMAN_OBSERVATION
23.143842,120.076266,TW,Gonorynchiformes,Chanidae,Chanos chanos,2020,HUMAN_OBSERVATION
23.143842,120.076266,TW,Perciformes,Leiognathidae,Leiognathus equulus,2016,HUMAN_OBSERVATION
19.12,108.65,CN,Perciformes,Leiognathidae,,,PRESERVED_SPECIMEN
20.55,111.2,CN,Perciformes,Latidae,Lates calcarifer,2007,PRESERVED_SPECIMEN
24.45,120.87,TW,Cypriniformes,Cyprinidae,Pseudorasbora parva,2005,OCCURRENCE
24.9993,121.609,TW,Cypriniformes,Cyprinidae,Microphysogobio brevirostris,2016,OCCURRENCE
21.091,112.553,CN,Perciformes,Gobiidae,Scartelaos histophorus,2007,MATERIAL_SAMPLE
24.16927,120.70553,TW,Perciformes,Cichlidae,Oreochromis niloticus,2021,HUMAN_OBSERVATION
21.99,120.66,TW,Myctophiformes,Myctophidae,,2004,OCCURRENCE
26,121,CN,Scorpaeniformes,Scorpaenidae,,1971,PRESERVED_SPECIMEN
23.55459,121.37895,TW,Cypriniformes,Cyprinidae,Opsariichthys pachycephalus,2006,OCCURRENCE
20.5,109.51,CN,Scorpaeniformes,Platycephalidae,,,MATERIAL_SAMPLE
23.391817,121.304194,TW,Perciformes,Gobiidae,Rhinogobius gigas,2021,HUMAN_OBSERVATION
27,111.19972,CN,Cypriniformes,Cyprinidae,Microphysogobio tungtingensis,2002,PRESERVED_SPECIMEN
22.309689,114.362514,HK,Perciformes,Apogonidae,Taeniamia kagoshimanus,2025,HUMAN_OBSERVATION
23.68094,120.48786,TW,Cypriniformes,Cyprinidae,Opsariichthys pachycephalus,2023,HUMAN_OBSERVATION
26.394217,117.78498,CN,Cypriniformes,Cyprinidae,Opsariichthys evolans,2025,HUMAN_OBSERVATION
23.608732,120.399304,TW,Cypriniformes,Cyprinidae,Barbonymus gonionotus,2023,HUMAN_OBSERVATION
24.17805,110.8075,CN,Cypriniformes,Cobitidae,Cobitis sinensis,2003,PRESERVED_SPECIMEN
23.41239,120.547,TW,Cypriniformes,Cyprinidae,Opsariichthys pachycephalus,2023,HUMAN_OBSERVATION
23.41192,120.54764,TW,Cypriniformes,Cyprinidae,Acrossocheilus paradoxus,2023,HUMAN_OBSERVATION
23.50517,120.22624,TW,Perciformes,Ambassidae,Ambassis urotaenia,2007,OCCURRENCE
30.016895,122.279175,CN,Cypriniformes,Cyprinidae,Abbottina rivularis,2026,HUMAN_OBSERVATION
24.729299,121.688564,TW,Cypriniformes,Cyprinidae,Barbodes semifasciolatus,2024,HUMAN_OBSERVATION
23.05858,120.27669,TW,Siluriformes,Loricariidae,Pterygoplichthys pardalis,2023,HUMAN_OBSERVATION
23,120.125,TW,Perciformes,Eleotridae,Butis butis,1999,PRESERVED_SPECIMEN
22.70884,120.66942,TW,Cypriniformes,Cyprinidae,Spinibarbus hollandi,2006,OCCURRENCE
22.86,120.04,TW,Perciformes,Callionymidae,Callionymus curvicornis,2001,HUMAN_OBSERVATION
27.5,109.900002,CN,Perciformes,Cichlidae,,,MATERIAL_CITATION
24.95,121.88,TW,Perciformes,Carangidae,Carangoides chrysophrys,1990,PRESERVED_SPECIMEN
24.626833,112.872409,CN,Cypriniformes,Balitoridae,,2025,HUMAN_OBSERVATION
20.027738,110.229207,CN,Siluriformes,Loricariidae,,2025,HUMAN_OBSERVATION
41.03254,98.74066,CN,Cypriniformes,Cyprinidae,Cyprinella lutrensis,2008,PRESERVED_SPECIMEN
19.56,108.52,CN,Perciformes,Leiognathidae,Photopectoralis bindus,,MATERIAL_SAMPLE
24.9,118.89,CN,Clupeiformes,Engraulidae,Thryssa kammalensis,2017,MATERIAL_SAMPLE
22.216987,114.175598,HK,Perciformes,Gobiidae,,1930,PRESERVED_SPECIMEN
23.19548,121.279531,TW,Cypriniformes,Cyprinidae,Opsariichthys pachycephalus,2022,HUMAN_OBSERVATION
25.4097,110.32552,CN,Cypriniformes,Balitoridae,Vanmanenia pingchowensis,2024,HUMAN_OBSERVATION
24.750267,121.089569,TW,Perciformes,Gobiidae,Rhinogobius candidianus,2021,HUMAN_OBSERVATION
29.26,117.17,CN,Cypriniformes,Cobitidae,Misgurnus anguillicaudatus,2017,MATERIAL_SAMPLE
23.270459,121.289638,TW,Cyprinodontiformes,Poeciliidae,Gambusia affinis,2021,HUMAN_OBSERVATION
23.2981,121.26016,TW,Cyprinodontiformes,Poeciliidae,Gambusia affinis,2017,HUMAN_OBSERVATION
23.118403,120.088635,TW,Perciformes,Terapontidae,Pelates quadrilineatus,2016,HUMAN_OBSERVATION
25.45,119.1,CN,Anguilliformes,Ophichthidae,Ophichthus apicalis,2016,MATERIAL_SAMPLE
23.02542,120.21537,TW,Perciformes,Cichlidae,Oreochromis niloticus,2022,HUMAN_OBSERVATION
23.430417,120.430778,TW,Perciformes,Cichlidae,Oreochromis niloticus,2023,HUMAN_OBSERVATION
24.796,121.036,TW,Perciformes,Gobiidae,Rhinogobius candidianus,2021,HUMAN_OBSERVATION
19.12,108.65,CN,Clupeiformes,Pristigasteridae,Ilisha melastoma,,MATERIAL_SAMPLE
22.514255,114.118201,HK,Siluriformes,Loricariidae,,2019,HUMAN_OBSERVATION
38.884756,117.710773,CN,Cypriniformes,Cyprinidae,Elopichthys bambusa,,PRESERVED_SPECIMEN
23.169801,121.244863,TW,Perciformes,Gobiidae,Rhinogobius candidianus,2022,HUMAN_OBSERVATION
25.091045,121.686964,TW,Perciformes,Cichlidae,Oreochromis mossambicus,2024,HUMAN_OBSERVATION
22.60294,120.58228,TW,Cypriniformes,Cyprinidae,Carassius auratus,2022,HUMAN_OBSERVATION
23.79019,120.94644,TW,Cypriniformes,Cyprinidae,Opsariichthys pachycephalus,2022,HUMAN_OBSERVATION
24.338717,120.62467,TW,Cypriniformes,Cyprinidae,Opsariichthys pachycephalus,2022,HUMAN_OBSERVATION
38.073254,104.69114,CN,Perciformes,Serranidae,Epinephelus fasciatus,,MATERIAL_SAMPLE
29.154443,121.05161,CN,Perciformes,Gobiidae,Rhinogobius similis,2016,HUMAN_OBSERVATION
22.26658,120.71711,TW,Anguilliformes,Anguillidae,Anguilla marmorata,2010,HUMAN_OBSERVATION
20.072581,110.328042,CN,Siluriformes,Loricariidae,,2024,HUMAN_OBSERVATION
26.513962,122.23586,TW,Perciformes,Coryphaenidae,Coryphaena hippurus,2009,PRESERVED_SPECIMEN
22.657667,120.2865,TW,Perciformes,Cichlidae,Parachromis managuensis,2026,HUMAN_OBSERVATION
24.134144,120.739384,TW,Cypriniformes,Cyprinidae,Hemibarbus labeo,2022,HUMAN_OBSERVATION
25.01771,121.999393,TW,Tetraodontiformes,Tetraodontidae,Arothron hispidus,2024,HUMAN_OBSERVATION
24.68525,121.74236,TW,Cypriniformes,Cobitidae,Misgurnus anguillicaudatus,2023,HUMAN_OBSERVATION
24.94,121.9,TW,Scorpaeniformes,Parabembridae,Parabembras curtus,2005,OCCURRENCE
22.21,120.33,TW,Gadiformes,Macrouridae,,,OCCURRENCE
24.82569,121.06566,TW,Cypriniformes,Cyprinidae,Microphysogobio brevirostris,2013,OCCURRENCE
31.307346,120.624766,CN,Perciformes,Channidae,Channa argus,2014,HUMAN_OBSERVATION
24.97,98.87,CN,Cypriniformes,Cyprinidae,Tariqilabeo bicornis,2012,PRESERVED_SPECIMEN
36.098475,120.530725,CN,Zeiformes,Zeidae,Zeus faber,2026,HUMAN_OBSERVATION
24.57,121.05,TW,Cypriniformes,Balitoridae,Hemimyzon formosanus,2005,OCCURRENCE
23.13,111.8,CN,Cypriniformes,Cyprinidae,Squaliobarbus curriculus,2017,PRESERVED_SPECIMEN
23.6952,120.8513,TW,Cypriniformes,Cyprinidae,Opsariichthys pachycephalus,2015,OCCURRENCE
22.099575,113.568325,MO,Perciformes,Gobiidae,Rhinogobius duospilus,2026,HUMAN_OBSERVATION
24.9993,121.609,TW,Cypriniformes,Cyprinidae,Zacco platypus,2016,OCCURRENCE
22.436618,120.477187,TW,Tetraodontiformes,Tetraodontidae,Arothron hispidus,2024,HUMAN_OBSERVATION
23.29598,121.26267,TW,Cypriniformes,Cyprinidae,Acrossocheilus paradoxus,2022,HUMAN_OBSERVATION
24.596,121.019,TW,Perciformes,Gobiidae,Rhinogobius candidianus,2005,OCCURRENCE
25.05029,121.016204,TW,Perciformes,Leiognathidae,Leiognathus equulus,2017,PRESERVED_SPECIMEN
24.97,98.87,CN,Cypriniformes,Cyprinidae,Schizopyge nukiangensis,2012,PRESERVED_SPECIMEN
24.729583,121.688522,TW,Cypriniformes,Cyprinidae,Barbodes semifasciolatus,2024,HUMAN_OBSERVATION
40.28191,113.32532,CN,Cypriniformes,Cyprinidae,Pseudorasbora parva,2019,PRESERVED_SPECIMEN
22.91472,120.22467,TW,Perciformes,Terapontidae,Terapon jarbua,2022,HUMAN_OBSERVATION
22.44,120.47,TW,Perciformes,Leiognathidae,Eubleekeria splendens,2004,OCCURRENCE
24.28651,120.6672,TW,Anguilliformes,Anguillidae,Anguilla marmorata,2012,OCCURRENCE
22.237659,113.968365,HK,Perciformes,Terapontidae,Terapon jarbua,2015,HUMAN_OBSERVATION
22.15777,107.58444,CN,Cypriniformes,Cyprinidae,Aphyocypris arcus,2003,PRESERVED_SPECIMEN
24.720232,121.719387,TW,Cypriniformes,Cyprinidae,Systomus rubripinnis,2018,HUMAN_OBSERVATION
23.68551,121.39066,TW,Cypriniformes,Cyprinidae,Opsariichthys pachycephalus,2003,OCCURRENCE
23.38,120.65,TW,Perciformes,Gobiidae,Rhinogobius maculafasciatus,1996,OCCURRENCE
21.95,120.79,TW,Cypriniformes,Cobitidae,Paramisgurnus dabryanus,2007,OCCURRENCE
23.97,120.99,TW,Cypriniformes,Balitoridae,Sinogastromyzon puliensis,2020,HUMAN_OBSERVATION
23.97,120.99,TW,Cypriniformes,Balitoridae,Sinogastromyzon puliensis,2020,HUMAN_OBSERVATION
34.7636,103.2144,CN,Stomiiformes,Gonostomatidae,,,MATERIAL_SAMPLE
24.62613,121.00534,TW,Cypriniformes,Cyprinidae,Acrossocheilus paradoxus,2005,OCCURRENCE
22.525721,114.264096,HK,Perciformes,Gobiidae,Periophthalmus modestus,2022,HUMAN_OBSERVATION
40.011629,116.201417,CN,Cypriniformes,Cyprinidae,Rhodeus ocellatus,2026,HUMAN_OBSERVATION
25.089812,121.598106,TW,Perciformes,Cichlidae,Geophagus brasiliensis,2024,HUMAN_OBSERVATION
48.604176,124.13004,CN,Cypriniformes,Cyprinidae,Pseudorasbora parva,,MATERIAL_SAMPLE
23.66236,121.4346,TW,Cypriniformes,Cyprinidae,Onychostoma barbatulum,2017,OCCURRENCE
23.39,119.66,TW,Aulopiformes,Synodontidae,Synodus myops,,HUMAN_OBSERVATION
22.91691,120.46047,TW,Cyprinodontiformes,Poeciliidae,Poecilia reticulata,2022,HUMAN_OBSERVATION
23.12,120.46,TW,Cypriniformes,Balitoridae,Sinogastromyzon nantaiensis,2022,HUMAN_OBSERVATION
29.89,95.61,CN,Cypriniformes,Cyprinidae,Schizothorax curvilabiatus,2024,MATERIAL_SAMPLE
23.66004,121.42096,TW,Cypriniformes,Cyprinidae,Acrossocheilus paradoxus,2003,OCCURRENCE
22.381458,114.221145,HK,Perciformes,Gobiidae,Rhinogobius duospilus,2020,HUMAN_OBSERVATION
25.1,121.25,TW,Anguilliformes,Anguillidae,Anguilla japonica,,MATERIAL_SAMPLE
23.43514,120.49011,TW,Cypriniformes,Cyprinidae,Opsariichthys pachycephalus,2022,HUMAN_OBSERVATION
23.81511,120.46015,TW,Perciformes,Cichlidae,Oreochromis niloticus,2022,HUMAN_OBSERVATION
22.90586,121.14797,TW,Cypriniformes,Cyprinidae,Spinibarbus hollandi,2022,HUMAN_OBSERVATION
23.258614,121.298213,TW,Cypriniformes,Cyprinidae,Opsariichthys pachycephalus,2022,HUMAN_OBSERVATION
27.15703,119.96471,CN,Cypriniformes,Cyprinidae,Opsariichthys bidens,2020,HUMAN_OBSERVATION
25.113943,121.919509,TW,Perciformes,Lutjanidae,Lutjanus vitta,2025,HUMAN_OBSERVATION
23.323792,120.141097,TW,Perciformes,Sparidae,Acanthopagrus schlegelii,2021,HUMAN_OBSERVATION
21.94,120.78,TW,Perciformes,Apogonidae,,2003,OCCURRENCE
26.911218,119.487049,CN,Cypriniformes,Cyprinidae,Ctenopharyngodon idella,2018,HUMAN_OBSERVATION
23.50738,121.32666,TW,Cypriniformes,Cobitidae,Cobitis sinensis,2005,OCCURRENCE
22.99,120.55,TW,Perciformes,Gobiidae,Rhinogobius nantaiensis,2022,HUMAN_OBSERVATION
22.125314,113.570337,MO,Cypriniformes,Cyprinidae,Cyprinus rubrofuscus,2022,HUMAN_OBSERVATION
24.6639,120.84204,TW,Perciformes,Terapontidae,Terapon jarbua,2005,OCCURRENCE
29.991848,122.157481,CN,Perciformes,Gobiidae,Periophthalmus modestus,2025,HUMAN_OBSERVATION
40.02962,95.8691,CN,Perciformes,Centrarchidae,Lepomis cyanellus,2009,PRESERVED_SPECIMEN
40.01184,115.82246,CN,Cypriniformes,Cyprinidae,Carassius auratus,2019,PRESERVED_SPECIMEN
29.549418,103.763336,CN,Cypriniformes,Catostomidae,Myxocyprinus asiaticus,1931,PRESERVED_SPECIMEN
24.446112,118.06778,CN,Anguilliformes,Ophichthidae,Muraenichthys thompsoni,1988,PRESERVED_SPECIMEN
23.48634,121.40422,TW,Cypriniformes,Cyprinidae,Acrossocheilus paradoxus,2022,HUMAN_OBSERVATION
25.00964,121.53351,TW,Mugiliformes,Mugilidae,Planiliza macrolepis,2023,HUMAN_OBSERVATION
39.760012,116.536133,CN,Cypriniformes,Cyprinidae,Pseudorasbora parva,2021,HUMAN_OBSERVATION
23.77781,120.646,TW,Cypriniformes,Cyprinidae,Opsariichthys pachycephalus,2005,OCCURRENCE
25.033333,102.683333,CN,Siluriformes,Siluridae,Silurus mento,,PRESERVED_SPECIMEN
23.08,120.51,TW,Cypriniformes,Cyprinidae,Opsariichthys pachycephalus,2014,OCCURRENCE
22.265883,120.860992,TW,Perciformes,Gobiidae,Stiphodon atropurpureus,2025,HUMAN_OBSERVATION
24.14,120.34,TW,Tetraodontiformes,Tetraodontidae,Lagocephalus lunaris,,HUMAN_OBSERVATION
26.04,119.93,CN,Syngnathiformes,Syngnathidae,Syngnathus schlegeli,2015,MATERIAL_SAMPLE
22.56403,120.53939,TW,Cyprinodontiformes,Poeciliidae,Gambusia affinis,2022,HUMAN_OBSERVATION
24.34014,120.77267,TW,Perciformes,Gobiidae,Rhinogobius similis,2008,OCCURRENCE
23.1346,120.0717,TW,Perciformes,Gobiidae,Acentrogobius chlorostigmatoides,2022,MATERIAL_SAMPLE
25.0333,121.31769,TW,Perciformes,Gobiidae,Rhinogobius rubromaculatus,2024,HUMAN_OBSERVATION
24.00696,120.69564,TW,Cypriniformes,Cyprinidae,Opsariichthys pachycephalus,2021,HUMAN_OBSERVATION
24.88008,121.38044,TW,Cypriniformes,Cyprinidae,Zacco platypus,2022,HUMAN_OBSERVATION
23.51328,120.3603,TW,Siluriformes,Loricariidae,Pterygoplichthys pardalis,2015,OCCURRENCE
23.143842,120.076266,TW,Perciformes,Terapontidae,Terapon jarbua,2016,HUMAN_OBSERVATION
22.87,120.19,TW,Scorpaeniformes,Platycephalidae,Cociella crocodilus,1985,OCCURRENCE
24.33889,121.68662,TW,Cypriniformes,Cyprinidae,Opsariichthys pachycephalus,2022,HUMAN_OBSERVATION
22.661874,119.895642,TW,Perciformes,Bathyclupeidae,,2016,PRESERVED_SPECIMEN
25.0077,121.531,TW,Perciformes,Cichlidae,Oreochromis mossambicus,2016,OCCURRENCE
23.394131,121.333941,TW,Cypriniformes,Cyprinidae,Paratanakia himantegus,2021,HUMAN_OBSERVATION
23.664542,120.530335,TW,Cypriniformes,Cyprinidae,Opsariichthys pachycephalus,2024,HUMAN_OBSERVATION
23.124482,120.074022,TW,Mugiliformes,Mugilidae,Planiliza alata,2016,HUMAN_OBSERVATION
23.4,120.511083,TW,Cypriniformes,Cyprinidae,Opsariichthys pachycephalus,2023,HUMAN_OBSERVATION
24,120.91,TW,Cypriniformes,Balitoridae,Sinogastromyzon puliensis,2020,HUMAN_OBSERVATION
24.82,120.44,TW,Perciformes,Trichiuridae,Trichiurus lepturus,,HUMAN_OBSERVATION
23.48452,120.55383,TW,Cypriniformes,Cyprinidae,Carassius auratus,2023,HUMAN_OBSERVATION
24.71,121.83,TW,Perciformes,Gobiidae,Oligolepis acutipennis,2005,OCCURRENCE
23.7725,120.8586,TW,Perciformes,Gobiidae,Rhinogobius candidianus,2015,OCCURRENCE
21.333,112.158,CN,Beloniformes,,,2007,MATERIAL_SAMPLE
24.75,121.75,TW,Cypriniformes,Cyprinidae,Carassius auratus,1958,OBSERVATION
24.73,121.25,TW,Cypriniformes,Balitoridae,Hemimyzon formosanus,2022,HUMAN_OBSERVATION
24.94,121.9,TW,Tetraodontiformes,Ostraciidae,Lactoria diaphana,2004,OCCURRENCE
25.091045,121.686964,TW,Cyprinodontiformes,Poeciliidae,Gambusia affinis,2024,HUMAN_OBSERVATION
24.750267,121.089569,TW,Perciformes,Gobiidae,Rhinogobius candidianus,2021,HUMAN_OBSERVATION
23.455583,120.488639,TW,Cypriniformes,Cyprinidae,Opsariichthys pachycephalus,2023,HUMAN_OBSERVATION
24.82,113.58,CN,Cypriniformes,Cyprinidae,Culter recurviceps,2019,PRESERVED_SPECIMEN
21.05,109.117,CN,Anguilliformes,Synaphobranchidae,,2022,MATERIAL_SAMPLE
22.401991,114.194428,HK,Perciformes,Gobiidae,Rhinogobius duospilus,2025,HUMAN_OBSERVATION
24.723113,121.679528,TW,Cypriniformes,Cyprinidae,Systomus rubripinnis,2025,HUMAN_OBSERVATION
23.79498,120.78177,TW,Cypriniformes,Cyprinidae,Opsariichthys pachycephalus,2022,HUMAN_OBSERVATION
22.97183,121.16548,TW,Perciformes,Cichlidae,Oreochromis niloticus,2023,HUMAN_OBSERVATION
22.24875,113.983163,HK,Synbranchiformes,Synbranchidae,Monopterus albus,2006,HUMAN_OBSERVATION
24.94,121.89,TW,Perciformes,Gobiidae,Rhinogobius formosanus,2019,HUMAN_OBSERVATION
23.116358,121.397083,TW,Perciformes,Chaetodontidae,,2013,HUMAN_OBSERVATION
19.243,110.451,CN,Cypriniformes,Cyprinidae,Megalobrama terminalis,2018,MATERIAL_SAMPLE
23.78693,121.01088,TW,Cypriniformes,Cyprinidae,Onychostoma barbatulum,2006,OCCURRENCE
23.05517,121.19978,TW,Cypriniformes,Cyprinidae,Opsariichthys pachycephalus,2022,HUMAN_OBSERVATION
25.16483,121.42202,TW,Perciformes,Gobiidae,Acentrogobius viridipunctatus,2022,HUMAN_OBSERVATION
23.25737,119.509968,TW,Perciformes,Lutjanidae,,2009,HUMAN_OBSERVATION
38.073254,104.69114,CN,Perciformes,Pinguipedidae,,,MATERIAL_SAMPLE
40.81083,96.80609,CN,Cypriniformes,Cyprinidae,Hybognathus hankinsoni,2009,PRESERVED_SPECIMEN
24.71,121.83,TW,Perciformes,Gobiidae,Oligolepis acutipennis,2004,OCCURRENCE
23.17,120.26,TW,Cypriniformes,Cyprinidae,Hypsibarbus pierrei,2015,OCCURRENCE
25.1132,121.478,TW,Perciformes,Gobiidae,Mugilogobius abei,2016,OCCURRENCE
33.374046,120.196716,CN,Cypriniformes,Cyprinidae,Chanodichthys mongolicus,2026,HUMAN_OBSERVATION
24.64557,121.12535,TW,Perciformes,Gobiidae,Rhinogobius candidianus,2023,HUMAN_OBSERVATION
23.19548,121.279531,TW,Cypriniformes,Cyprinidae,Onychostoma barbatulum,2022,HUMAN_OBSERVATION
24.94,121.89,TW,Perciformes,Terapontidae,Mesopristes cancellatus,2019,HUMAN_OBSERVATION
23.48634,121.40422,TW,Perciformes,Cichlidae,Oreochromis niloticus,2022,HUMAN_OBSERVATION
23.76707,121.49777,TW,Perciformes,Gobiidae,Rhinogobius gigas,2022,HUMAN_OBSERVATION
24.858617,120.86415,TW,Clupeiformes,Clupeidae,,2022,PRESERVED_SPECIMEN
23.114808,120.098873,TW,Perciformes,Gerreidae,Gerres limbatus,2019,HUMAN_OBSERVATION
23.98,120.97,TW,Siluriformes,Amblycipitidae,Liobagrus formosanus,1999,OCCURRENCE
23.2981,121.26016,TW,Cyprinodontiformes,Poeciliidae,Gambusia affinis,2017,HUMAN_OBSERVATION
24.34104,120.73749,TW,Siluriformes,Bagridae,Pseudobagrus brevianalis,2009,OCCURRENCE
23.45578,120.48764,TW,Perciformes,Gobiidae,Rhinogobius candidianus,2023,HUMAN_OBSERVATION
24.11051,120.69869,TW,Cypriniformes,Cyprinidae,Barbonymus gonionotus,2021,HUMAN_OBSERVATION
30.48,101.48,CN,Cypriniformes,Nemacheilidae,Triplophysa orientalis,2008,PRESERVED_SPECIMEN
20.766144,116.664843,TW,Perciformes,Scaridae,,2011,PRESERVED_SPECIMEN
22.340416,120.371515,TW,Anguilliformes,Muraenidae,Gymnothorax rueppelliae,2026,HUMAN_OBSERVATION
23.2981,121.26016,TW,Cypriniformes,Cyprinidae,Aphyocypris kikuchii,2017,HUMAN_OBSERVATION
23.554113,121.37902,TW,Cypriniformes,Cyprinidae,Acrossocheilus paradoxus,2021,HUMAN_OBSERVATION
28.75,119.09,CN,Cypriniformes,Cyprinidae,Acrossocheilus fasciatus,,PRESERVED_SPECIMEN
22.12747,120.77789,TW,Perciformes,Gobiidae,Rhinogobius maculafasciatus,2023,HUMAN_OBSERVATION
18.407,109.98,CN,Perciformes,Serranidae,,2015,MATERIAL_SAMPLE
24.43,118.5,CN,Anguilliformes,Ophichthidae,Ophichthus apicalis,,MATERIAL_SAMPLE
22.346385,114.382727,HK,Perciformes,Gobiidae,Istigobius ornatus,2023,HUMAN_OBSERVATION
22.216711,114.390415,HK,Perciformes,Gobiidae,Mugilogobius chulae,2020,HUMAN_OBSERVATION
24.116917,119.9395,TW,Perciformes,Menidae,Mene maculata,2020,PRESERVED_SPECIMEN
24.47,122.21,TW,Anguilliformes,Congridae,Congriscus megastomus,,OCCURRENCE
22.60308,120.58303,TW,Cyprinodontiformes,Poeciliidae,Poecilia reticulata,2022,HUMAN_OBSERVATION
24.41137,120.86661,TW,Cypriniformes,Cobitidae,Cobitis sinensis,2023,HUMAN_OBSERVATION
16.828777,112.348702,CN,Perciformes,Pomacentridae,Plectroglyphidodon lacrymatus,2025,HUMAN_OBSERVATION
24.202133,120.2825,TW,Scorpaeniformes,Platycephalidae,,2021,PRESERVED_SPECIMEN
33.59,121.13,CN,Syngnathiformes,Syngnathidae,Syngnathus schlegeli,,MATERIAL_SAMPLE
23.47581,120.24525,TW,Perciformes,Ambassidae,Ambassis miops,2023,HUMAN_OBSERVATION
24.7806,121.504,TW,Siluriformes,Bagridae,Tachysurus adiposalis,2023,HUMAN_OBSERVATION
22.392436,113.973769,HK,Cypriniformes,Cyprinidae,Cyprinus rubrofuscus,2026,HUMAN_OBSERVATION
42.65461,98.04316,CN,Clupeiformes,Clupeidae,Dorosoma cepedianum,2008,PRESERVED_SPECIMEN
24.730168,121.698735,TW,Cypriniformes,Cyprinidae,Opsariichthys pachycephalus,2025,HUMAN_OBSERVATION
24.42,98.97,CN,Cypriniformes,Cyprinidae,Garra salweenica,2013,PRESERVED_SPECIMEN
24.26072,120.81916,TW,Perciformes,Gobiidae,Rhinogobius candidianus,2023,HUMAN_OBSERVATION
23.311157,121.248866,TW,Perciformes,Gobiidae,Sicyopterus japonicus,2022,HUMAN_OBSERVATION
22.56392,120.53906,TW,Cyprinodontiformes,Poeciliidae,Gambusia affinis,2023,HUMAN_OBSERVATION
22.91786,120.5718,TW,Cypriniformes,Cyprinidae,Microphysogobio alticorpus,2019,OCCURRENCE
39.993889,97.93,CN,Cypriniformes,Catostomidae,Carpiodes carpio,1996,PRESERVED_SPECIMEN
21.12,113.42,CN,Mugiliformes,Mugilidae,Planiliza haematocheila,,PRESERVED_SPECIMEN
23.206319,121.288639,TW,Cypriniformes,Cyprinidae,Opsariichthys pachycephalus,2022,HUMAN_OBSERVATION
24.63,110.64,CN,Cypriniformes,Cobitidae,Misgurnus anguillicaudatus,2017,MATERIAL_SAMPLE
23.433018,120.517211,TW,Cypriniformes,Cyprinidae,Opsariichthys pachycephalus,2021,HUMAN_OBSERVATION
29.345804,106.607208,CN,Cypriniformes,Cyprinidae,Rhodeus ocellatus,2024,HUMAN_OBSERVATION
23.69,120.85,TW,Cypriniformes,Balitoridae,Hemimyzon formosanus,2023,HUMAN_OBSERVATION
24.85979,120.94909,TW,Perciformes,Eleotridae,Eleotris fusca,2023,HUMAN_OBSERVATION
23.41114,120.54792,TW,Cypriniformes,Cyprinidae,Candidia barbata,2022,HUMAN_OBSERVATION
22.144444,114.275,CN,Perciformes,Carangidae,,1957,PRESERVED_SPECIMEN
24.11385,119.617917,TW,Perciformes,Polynemidae,Polydactylus sextarius,2022,PRESERVED_SPECIMEN
39.358612,97.127502,CN,Perciformes,Sciaenidae,Aplodinotus grunniens,1995,PRESERVED_SPECIMEN
23.05,121.24,TW,Perciformes,Carangidae,Carangoides coeruleopinnatus,2006,OBSERVATION
23.53672,120.5316,TW,Cypriniformes,Cyprinidae,Acrossocheilus paradoxus,2022,HUMAN_OBSERVATION
24.17193,120.83618,TW,Cypriniformes,Cyprinidae,Acrossocheilus paradoxus,2023,HUMAN_OBSERVATION
24.1784,120.7378,TW,Cypriniformes,Cyprinidae,Carassius auratus,2022,HUMAN_OBSERVATION
29.58916,111.29528,CN,Cypriniformes,Cyprinidae,Pseudorasbora parva,2002,PRESERVED_SPECIMEN
22.150853,113.558692,MO,Cypriniformes,Cyprinidae,Cyprinus rubrofuscus,2026,HUMAN_OBSERVATION
23.328806,120.253083,TW,Perciformes,Cichlidae,Oreochromis niloticus,2023,HUMAN_OBSERVATION
38.349445,98.773613,CN,Perciformes,Centrarchidae,Micropterus salmoides,1997,PRESERVED_SPECIMEN
25.07163,121.64017,TW,Perciformes,Cichlidae,Coptodon zillii,2022,HUMAN_OBSERVATION
22.354444,120.371111,TW,Perciformes,Chaetodontidae,,2009,HUMAN_OBSERVATION
23.1346,120.0717,TW,Perciformes,Carangidae,Caranx sexfasciatus,2022,MATERIAL_SAMPLE
23.77,120.86,TW,Cypriniformes,Balitoridae,Formosania lacustre,2023,HUMAN_OBSERVATION
22.361122,114.376572,HK,Perciformes,Pomacentridae,Abudefduf sordidus,2022,HUMAN_OBSERVATION
24.975885,121.65742,TW,Cypriniformes,Cobitidae,Cobitis sinensis,2023,HUMAN_OBSERVATION
30.362205,119.437888,CN,Cypriniformes,Balitoridae,Vanmanenia stenosoma,2023,HUMAN_OBSERVATION
24.1784,120.73781,TW,Perciformes,Cichlidae,Oreochromis niloticus,2022,HUMAN_OBSERVATION
24.0978,120.62405,TW,Perciformes,Cichlidae,Oreochromis niloticus,2021,HUMAN_OBSERVATION
23.114808,120.098873,TW,Pleuronectiformes,Paralichthyidae,Pseudorhombus arsius,2017,HUMAN_OBSERVATION
41.39137,98.65654,CN,Cypriniformes,Cyprinidae,Notropis atherinoides,2008,PRESERVED_SPECIMEN
24.729322,121.688447,TW,Perciformes,Channidae,Channa striata,2025,HUMAN_OBSERVATION
25.05029,121.016204,TW,Perciformes,Gobiidae,,2018,PRESERVED_SPECIMEN
24.6,113.599998,CN,Perciformes,Cichlidae,,,MATERIAL_CITATION
25.147574,121.797272,TW,Perciformes,Kyphosidae,Microcanthus strigatus,2019,HUMAN_OBSERVATION
24.13849,120.6197,TW,Perciformes,Cichlidae,Oreochromis niloticus,2021,HUMAN_OBSERVATION
24.32997,120.55817,TW,Perciformes,Cichlidae,Oreochromis niloticus,2022,HUMAN_OBSERVATION
23.536649,120.531651,TW,Cypriniformes,Cyprinidae,Opsariichthys pachycephalus,2023,HUMAN_OBSERVATION
24.03377,120.84611,TW,Cypriniformes,Cyprinidae,Acrossocheilus paradoxus,2022,HUMAN_OBSERVATION
22.97464,121.16506,TW,Cypriniformes,Cyprinidae,Acrossocheilus paradoxus,2022,HUMAN_OBSERVATION
23.08932,120.53329,TW,Cypriniformes,Cyprinidae,Pseudorasbora parva,2005,OCCURRENCE
27.677414,117.755697,CN,Cypriniformes,Cyprinidae,Acrossocheilus paradoxus,2023,HUMAN_OBSERVATION
25.2352,121.6195,TW,Cypriniformes,Cyprinidae,Acrossocheilus paradoxus,2013,OCCURRENCE
22.220023,113.912857,HK,Perciformes,Eleotridae,Eleotris oxycephala,2024,HUMAN_OBSERVATION
22.95931,120.52219,TW,Cypriniformes,Cyprinidae,Spinibarbus hollandi,2022,HUMAN_OBSERVATION
22.15,120.78,TW,Perciformes,Gobiidae,Rhinogobius henchuenensis,2012,OCCURRENCE
23.80583,120.74666,TW,Cypriniformes,Cyprinidae,Opsariichthys pachycephalus,2007,PRESERVED_SPECIMEN
24.47,120.6,TW,Siluriformes,Ariidae,Netuma thalassina,,HUMAN_OBSERVATION
22.498225,114.241061,HK,Perciformes,Gobiidae,Glossogobius olivaceus,2018,HUMAN_OBSERVATION
22.24,120.19,TW,Anguilliformes,Congridae,,2001,HUMAN_OBSERVATION
24.728081,121.721893,TW,Cypriniformes,Cyprinidae,Systomus rubripinnis,2024,HUMAN_OBSERVATION
24.82508,121.0875,TW,Perciformes,Cichlidae,Oreochromis niloticus,2013,OCCURRENCE
22.369444,113.992222,HK,Perciformes,Terapontidae,Terapon jarbua,1958,PRESERVED_SPECIMEN
22.466667,120.45,TW,Anguilliformes,Synaphobranchidae,,2017,PRESERVED_SPECIMEN
38.875839,113.505442,CN,Cypriniformes,Cyprinidae,Pseudorasbora parva,,PRESERVED_SPECIMEN
23.298106,120.114121,TW,Perciformes,Gobiidae,Periophthalmus modestus,2026,HUMAN_OBSERVATION
24.9431,121.536,TW,Cypriniformes,Cyprinidae,Zacco platypus,2016,OCCURRENCE
22.08275,120.74053,TW,Cypriniformes,Cyprinidae,Acrossocheilus paradoxus,2023,HUMAN_OBSERVATION
23.05,121.23,TW,Perciformes,Scombridae,Auxis rochei,2005,OBSERVATION
23.217991,121.270227,TW,Perciformes,Channidae,Channa striata,2022,HUMAN_OBSERVATION
25.11,121.91,TW,Perciformes,Pomacentridae,Abudefduf sordidus,1984,OCCURRENCE
40.217517,122.055261,CN,Perciformes,Gobiidae,Acanthogobius hasta,2024,HUMAN_OBSERVATION
25.02996,121.32008,TW,Perciformes,Gobiidae,Rhinogobius rubromaculatus,2024,HUMAN_OBSERVATION
23.8087,120.8438,TW,Cypriniformes,Cyprinidae,Opsariichthys pachycephalus,2015,OCCURRENCE
22.97483,121.1655,TW,Perciformes,Gobiidae,Sicyopterus japonicus,2015,OCCURRENCE
24.9185,120.67135,TW,Perciformes,Trichiuridae,,2021,PRESERVED_SPECIMEN
23.05,120.15,TW,Perciformes,Gobiidae,Oxyurichthys ophthalmonema,,OCCURRENCE
23.965117,120.179483,TW,Perciformes,Haemulidae,,2016,PRESERVED_SPECIMEN
24.56233,120.84969,TW,Perciformes,Cichlidae,Coptodon zillii,2023,HUMAN_OBSERVATION
23.9816,120.91645,TW,Cypriniformes,Cyprinidae,Acrossocheilus paradoxus,2023,HUMAN_OBSERVATION
23.45114,120.55092,TW,Cypriniformes,Cyprinidae,Microphysogobio alticorpus,2023,HUMAN_OBSERVATION
23.40367,120.38147,TW,Cypriniformes,Cyprinidae,Opsariichthys pachycephalus,2022,HUMAN_OBSERVATION
22.47847,120.45753,TW,Perciformes,Eleotridae,Eleotris fusca,2004,OCCURRENCE
23.12773,121.1701,TW,Cypriniformes,Cyprinidae,Opsariichthys pachycephalus,2023,HUMAN_OBSERVATION
22.125008,113.574117,MO,Perciformes,Scatophagidae,Scatophagus argus,2026,HUMAN_OBSERVATION
23.727258,120.423858,TW,Cypriniformes,Cyprinidae,Cyprinus carpio,2024,HUMAN_OBSERVATION
24.731504,121.710998,TW,Cypriniformes,Cyprinidae,Hemibarbus labeo,2024,HUMAN_OBSERVATION
25.31,98.85,CN,Cypriniformes,Cyprinidae,Schizothorax lissolabiatus,2013,PRESERVED_SPECIMEN
25.091045,121.686964,TW,Perciformes,Gobiidae,Rhinogobius similis,2024,HUMAN_OBSERVATION
23.169801,121.244863,TW,Cypriniformes,Cyprinidae,Opsariichthys pachycephalus,2022,HUMAN_OBSERVATION
24.70435,121.20201,TW,Perciformes,Gobiidae,Rhinogobius candidianus,2005,OCCURRENCE
24.509714,120.942065,TW,Cypriniformes,Cyprinidae,Onychostoma barbatulum,2024,HUMAN_OBSERVATION
31.320075,121.553494,CN,Cypriniformes,Cyprinidae,Chanodichthys erythropterus,2024,HUMAN_OBSERVATION
25.05029,121.016204,TW,Perciformes,Sciaenidae,Otolithes ruber,2018,PRESERVED_SPECIMEN
23.32203,120.442744,TW,Cypriniformes,Cyprinidae,Barbonymus gonionotus,2023,HUMAN_OBSERVATION
24.58,121.86,TW,Carcharhiniformes,Sphyrnidae,Sphyrna lewini,1969,OCCURRENCE
23.046795,120.135758,TW,Cyprinodontiformes,Poeciliidae,Poecilia latipinna,2026,HUMAN_OBSERVATION
24.23558,120.73916,TW,Cypriniformes,Cyprinidae,Opsariichthys pachycephalus,2022,HUMAN_OBSERVATION
22.381458,114.221145,HK,Perciformes,Gobiidae,Rhinogobius duospilus,2020,HUMAN_OBSERVATION
22.58,120.29,TW,Perciformes,Carangidae,Carangoides humerosus,1993,OCCURRENCE
24.73164,121.24927,TW,Cypriniformes,Cyprinidae,Opsariichthys pachycephalus,2005,OCCURRENCE
24.5892,120.375333,TW,Perciformes,Carangidae,Scomberoides tol,2021,PRESERVED_SPECIMEN
23.322756,121.329793,TW,Cypriniformes,Cyprinidae,Carassius auratus,2022,HUMAN_OBSERVATION
22.65,120.4,TW,Perciformes,Leiognathidae,Secutor indicius,,PRESERVED_SPECIMEN
23.07426,120.32596,TW,Cypriniformes,Cyprinidae,Barbonymus gonionotus,2022,HUMAN_OBSERVATION
24.796,121.036,TW,Perciformes,Gobiidae,Rhinogobius candidianus,2021,HUMAN_OBSERVATION
25.31666,98.3,CN,Siluriformes,Sisoridae,Oreoglanis insignis,1934,PRESERVED_SPECIMEN
38.791943,100.76889,CN,Cypriniformes,Cyprinidae,Notropis stramineus,1995,PRESERVED_SPECIMEN
23.394131,121.333941,TW,Cypriniformes,Cyprinidae,Paratanakia himantegus,2021,HUMAN_OBSERVATION
23.60965,120.37163,TW,Siluriformes,Loricariidae,,2023,HUMAN_OBSERVATION
22.366667,113.908333,CN,Myliobatiformes,Dasyatidae,Telatrygon zugei,1958,PRESERVED_SPECIMEN
25.03505,121.48255,TW,Cypriniformes,Cyprinidae,Carassius auratus,2022,HUMAN_OBSERVATION
24.08148,120.70879,TW,Perciformes,Cichlidae,Oreochromis niloticus,2022,HUMAN_OBSERVATION
22.12753,120.77836,TW,Perciformes,Gobiidae,Sicyopterus japonicus,2022,HUMAN_OBSERVATION
23.00462,121.16878,TW,Cypriniformes,Cyprinidae,Onychostoma alticorpus,2015,OCCURRENCE
38.073254,104.69114,CN,Cypriniformes,Nemacheilidae,Triplophysa anterodorsalis,,MATERIAL_SAMPLE
22.381458,114.221145,HK,Cypriniformes,Nemacheilidae,Schistura fasciolata,2019,HUMAN_OBSERVATION
22.152702,113.559745,MO,Cyprinodontiformes,Poeciliidae,Gambusia affinis,2026,HUMAN_OBSERVATION
37.950001,101.548889,CN,Siluriformes,Ictaluridae,Ictalurus punctatus,1996,PRESERVED_SPECIMEN
24.82303,120.99818,TW,Cypriniformes,Cyprinidae,Opsariichthys pachycephalus,2023,HUMAN_OBSERVATION
24.7972,121.035263,TW,Cypriniformes,Cyprinidae,Acrossocheilus paradoxus,2021,HUMAN_OBSERVATION
24.66442,120.84476,TW,Perciformes,Carangidae,Caranx ignobilis,2023,HUMAN_OBSERVATION
36.468339,115.962825,CN,Perciformes,Gobiidae,Rhinogobius cliffordpopei,2026,HUMAN_OBSERVATION
31.21,98.82,CN,Cypriniformes,Nemacheilidae,Triplophysa stenura,,MATERIAL_SAMPLE
23.217991,121.270227,TW,Perciformes,Channidae,Channa striata,2022,HUMAN_OBSERVATION
23.511984,120.439188,TW,Perciformes,Cichlidae,Oreochromis niloticus,2023,HUMAN_OBSERVATION
24.134144,120.739384,TW,Cypriniformes,Cyprinidae,Acrossocheilus paradoxus,2022,HUMAN_OBSERVATION
26.437958,106.668294,CN,Perciformes,Gobiidae,Rhinogobius similis,2007,HUMAN_OBSERVATION
22.44,120.47,TW,Perciformes,Carangidae,Caranx papuensis,2004,OCCURRENCE
25.0824,121.825,TW,Cypriniformes,Cyprinidae,Onychostoma barbatulum,2016,OCCURRENCE
24.715,121.141,TW,Cypriniformes,Cyprinidae,Acrossocheilus paradoxus,2021,HUMAN_OBSERVATION
22.54286,114.05956,CN,Perciformes,Gobiidae,Periophthalmus magnuspinnatus,2023,HUMAN_OBSERVATION
22.398495,114.350106,HK,Perciformes,Cheilodactylidae,Cheilodactylus zonatus,2025,HUMAN_OBSERVATION
23.127064,120.055231,TW,Perciformes,Scatophagidae,Scatophagus argus,2020,HUMAN_OBSERVATION
22.87314,120.48467,TW,Perciformes,Gobiidae,Rhinogobius maculafasciatus,2022,HUMAN_OBSERVATION
23.09,120.14,TW,Mugiliformes,Mugilidae,Osteomugil cunnesius,2015,OCCURRENCE
24.470918,121.84128,TW,Clupeiformes,Engraulidae,Encrasicholina heteroloba,2014,PRESERVED_SPECIMEN
22.681389,121.482778,TW,Perciformes,Scaridae,,2010,HUMAN_OBSERVATION
23.92002,121.57885,TW,Perciformes,Gobiidae,Rhinogobius gigas,2022,HUMAN_OBSERVATION
23.38673,120.45478,TW,Cypriniformes,Cyprinidae,Tanakia himantegus,2005,OCCURRENCE
24.062,119.674717,TW,Perciformes,Pomacentridae,Abudefduf sordidus,2021,PRESERVED_SPECIMEN
23.697807,120.96051,TW,Perciformes,,,,MATERIAL_SAMPLE
25.135528,121.820233,TW,Perciformes,Chaetodontidae,,2014,HUMAN_OBSERVATION
20.8944,109.258,CN,Perciformes,Gerreidae,Gerres limbatus,2013,MATERIAL_SAMPLE
32.38,111.67,CN,Cypriniformes,Cobitidae,Misgurnus anguillicaudatus,2017,MATERIAL_SAMPLE
24.53661,120.81564,TW,Perciformes,Cichlidae,Coptodon zillii,2023,HUMAN_OBSERVATION
21.96,120.76,TW,Perciformes,Gobiidae,Amblyeleotris steinitzi,1997,OCCURRENCE
25.08756,121.82841,TW,Cypriniformes,Cobitidae,Cobitis sinensis,2023,HUMAN_OBSERVATION
25.01,121.92,TW,Perciformes,Gobiidae,Awaous melanocephalus,2019,HUMAN_OBSERVATION
23.832098,120.786417,TW,Cypriniformes,Cyprinidae,Paratanakia himantegus,2025,HUMAN_OBSERVATION
23.11,120.7,TW,Cypriniformes,Balitoridae,Hemimyzon formosanus,2022,HUMAN_OBSERVATION
23.342925,116.707924,CN,Cypriniformes,Cobitidae,Acanthopsis lachnostoma,1883,PRESERVED_SPECIMEN
22.47,120.43,TW,Perciformes,Eleotridae,Ophiocara porocephala,1950,OCCURRENCE
21.732367,111.609085,CN,Cypriniformes,Cyprinidae,Labeo rohita,2025,HUMAN_OBSERVATION
23.7902,120.94716,TW,Cypriniformes,Cyprinidae,Opsariichthys pachycephalus,2022,HUMAN_OBSERVATION
23.45891,120.17757,TW,Mugiliformes,Mugilidae,Mugil cephalus,2002,OCCURRENCE
23.62694,120.65769,TW,Cypriniformes,Cyprinidae,Spinibarbus hollandi,2023,HUMAN_OBSERVATION
28.275068,121.78486,CN,Carcharhiniformes,Sphyrnidae,Sphyrna lewini,2020,HUMAN_OBSERVATION
36.098495,120.530609,CN,Perciformes,Lateolabracidae,Lateolabrax japonicus,2026,HUMAN_OBSERVATION
22.97585,120.35561,TW,Cypriniformes,Cyprinidae,Opsariichthys pachycephalus,2023,HUMAN_OBSERVATION
24.338412,120.625295,TW,Cypriniformes,Cyprinidae,Opsariichthys pachycephalus,2022,HUMAN_OBSERVATION
31.493965,115.524978,CN,Siluriformes,Siluridae,Silurus asotus,2023,HUMAN_OBSERVATION
38.785,100.765556,CN,Cypriniformes,Cyprinidae,Cyprinella lutrensis,1996,PRESERVED_SPECIMEN
22.377093,114.303134,HK,Perciformes,Gobiidae,Boleophthalmus pectinirostris,2026,HUMAN_OBSERVATION
22.621598,120.337781,TW,Cypriniformes,Cyprinidae,Hemiculter leucisculus,2021,HUMAN_OBSERVATION
23.52,114.69,CN,Cypriniformes,Cyprinidae,Hemiculterella wui,2018,PRESERVED_SPECIMEN
38.073254,104.69114,CN,Aulopiformes,Synodontidae,Harpadon nehereus,,MATERIAL_SAMPLE
25.091045,121.686964,TW,Perciformes,Cichlidae,Geophagus brasiliensis,2024,HUMAN_OBSERVATION
23.68114,121.43293,TW,Cypriniformes,Cyprinidae,Opsariichthys pachycephalus,2018,OCCURRENCE
25.081048,121.670613,TW,Perciformes,Centrarchidae,,2022,HUMAN_OBSERVATION
24.88874,121.19853,TW,Cypriniformes,Cyprinidae,Pseudorasbora parva,2009,HUMAN_OBSERVATION
25.135556,121.821944,TW,Perciformes,Serranidae,Cromileptes altivelis,2010,HUMAN_OBSERVATION
22.375722,114.036028,HK,Perciformes,Gobiidae,Rhinogobius leavelli,2022,HUMAN_OBSERVATION
26.116667,119.333333,CN,Perciformes,Odontobutidae,Sineleotris chalmersi,,PRESERVED_SPECIMEN
23.497299,121.330059,TW,Cypriniformes,Cyprinidae,Onychostoma barbatulum,2021,HUMAN_OBSERVATION
29,88,CN,Tetraodontiformes,Monacanthidae,Stephanolepis hispidus,1960,PRESERVED_SPECIMEN
23.98,120.77,TW,Cypriniformes,Cyprinidae,Gobiobotia cheni,2003,OCCURRENCE
22.687569,112.602229,CN,Perciformes,Gobiidae,Rhinogobius duospilus,2025,HUMAN_OBSERVATION
23.05,121.23,TW,Perciformes,Rachycentridae,Rachycentron canadum,2005,OBSERVATION
24.1385,120.6197,TW,Perciformes,Cichlidae,Amphilophus labiatus,2022,HUMAN_OBSERVATION
23.554725,120.164169,TW,Perciformes,Gobiidae,Acentrogobius viganensis,2021,HUMAN_OBSERVATION
25.0685,121.653,TW,Cypriniformes,Cyprinidae,Microphysogobio brevirostris,2016,OCCURRENCE
22.97508,121.16503,TW,Cypriniformes,Cyprinidae,Paratanakia himantegus,2022,HUMAN_OBSERVATION
24.02,120.82,TW,Cypriniformes,Balitoridae,Sinogastromyzon puliensis,2020,HUMAN_OBSERVATION
38.073254,104.69114,CN,Perciformes,Channidae,Channa argus,,MATERIAL_SAMPLE
38.073254,104.69114,CN,Cypriniformes,Cobitidae,Misgurnus anguillicaudatus,2018,MATERIAL_SAMPLE
24.06,120.43,TW,Clupeiformes,Engraulidae,Thryssa setirostris,,OCCURRENCE
23.118403,120.088635,TW,Perciformes,Ambassidae,Ambassis vachellii,2015,HUMAN_OBSERVATION
23.454165,120.146451,TW,Perciformes,Leiognathidae,Leiognathus equulus,2008,PRESERVED_SPECIMEN
22.677589,121.481543,TW,Perciformes,Haemulidae,,2017,HUMAN_OBSERVATION
25.016354,121.557121,TW,Cyprinodontiformes,Poeciliidae,Poecilia reticulata,2019,HUMAN_OBSERVATION
24.6211,121.00601,TW,Siluriformes,Bagridae,Pseudobagrus brevianalis,2023,HUMAN_OBSERVATION
24.02,120.82,TW,Cypriniformes,Balitoridae,Sinogastromyzon puliensis,2020,HUMAN_OBSERVATION
23.169801,121.244863,TW,Perciformes,Gobiidae,Rhinogobius candidianus,2022,HUMAN_OBSERVATION
24.725779,121.715029,TW,Cypriniformes,Cyprinidae,Acrossocheilus paradoxus,2019,HUMAN_OBSERVATION
24.470918,121.84128,TW,Perciformes,Leiognathidae,,2014,PRESERVED_SPECIMEN
23.5931,120.8905,TW,Cypriniformes,Cyprinidae,Acrossocheilus paradoxus,2015,OCCURRENCE
22.546771,120.161959,TW,Perciformes,Gerreidae,Gerres filamentosus,2020,PRESERVED_SPECIMEN
23.97,120.99,TW,Cypriniformes,Balitoridae,Sinogastromyzon puliensis,2020,HUMAN_OBSERVATION
23.188107,121.2498,TW,Cypriniformes,Cyprinidae,Acrossocheilus paradoxus,2021,HUMAN_OBSERVATION
20.70641,116.7244,TW,Perciformes,Pomacentridae,Dischistodus prosopotaenia,2011,PRESERVED_SPECIMEN
23.05,120.07,TW,Perciformes,Leiognathidae,Leiognathus equulus,2015,OCCURRENCE
23.41458,120.50706,TW,Cypriniformes,Cyprinidae,Opsariichthys pachycephalus,2022,HUMAN_OBSERVATION
36.45,116.83,CN,Cypriniformes,Cobitidae,Misgurnus anguillicaudatus,2017,MATERIAL_SAMPLE
22.12764,120.77778,TW,Cypriniformes,Cyprinidae,Carassius auratus,2012,OCCURRENCE
29.97,113.68,CN,Perciformes,Sillaginidae,Sillago sihama,2013,PRESERVED_SPECIMEN
22.115089,120.979455,TW,Perciformes,Gobiidae,Stiphodon atropurpureus,2023,HUMAN_OBSERVATION
24.717028,121.713093,TW,Cypriniformes,Cyprinidae,Systomus rubripinnis,2018,HUMAN_OBSERVATION
38.073254,104.69114,CN,Clupeiformes,Engraulidae,Coilia nasus,2009,MATERIAL_SAMPLE
24.08134,120.99071,TW,Cypriniformes,Cyprinidae,Acrossocheilus paradoxus,2021,HUMAN_OBSERVATION
23.29611,121.26517,TW,Perciformes,Gobiidae,Rhinogobius candidianus,2023,HUMAN_OBSERVATION
23.359579,120.351584,TW,Siluriformes,Loricariidae,,2026,HUMAN_OBSERVATION
31.215725,121.552563,CN,Cypriniformes,Cyprinidae,Hemiculter leucisculus,2026,HUMAN_OBSERVATION
25.060742,121.095398,TW,Mugiliformes,Mugilidae,Planiliza macrolepis,2023,HUMAN_OBSERVATION
40.413887,98.305557,CN,Cypriniformes,Cyprinidae,Phenacobius mirabilis,1997,PRESERVED_SPECIMEN
24.58,121.86,TW,Perciformes,Cheilodactylidae,Cheilodactylus zonatus,2009,OCCURRENCE
24.9,121.8,TW,Perciformes,Gobiidae,Sicyopterus japonicus,2019,HUMAN_OBSERVATION
36.125697,120.441321,CN,Cypriniformes,Cyprinidae,Opsariichthys bidens,2026,HUMAN_OBSERVATION
23.55,119.56,TW,Atheriniformes,Atherinidae,Atherinomorus lacunosus,2006,OCCURRENCE
24.6,121.81,TW,Perciformes,Gobiidae,Rhinogobius gigas,2019,HUMAN_OBSERVATION
40.017953,116.383313,CN,Perciformes,Odontobutidae,Micropercops swinhonis,2026,HUMAN_OBSERVATION
24.06,120.96,TW,Cypriniformes,Balitoridae,Hemimyzon formosanus,2023,HUMAN_OBSERVATION
23.07426,120.32596,TW,Cypriniformes,Cyprinidae,Barbonymus gonionotus,2023,HUMAN_OBSERVATION
23.554725,120.164169,TW,Perciformes,Gobiidae,Acentrogobius viganensis,2012,HUMAN_OBSERVATION
21.929044,120.749085,TW,Perciformes,Trichiuridae,Trichiurus lepturus,2007,PRESERVED_SPECIMEN
23.07469,120.32636,TW,Perciformes,Cichlidae,Oreochromis niloticus,2022,HUMAN_OBSERVATION
24.03377,120.84611,TW,Cypriniformes,Cyprinidae,Acrossocheilus paradoxus,2021,HUMAN_OBSERVATION
40.835938,108.777054,CN,Cypriniformes,Cyprinidae,Carassius auratus,,MATERIAL_SAMPLE
39.940298,116.318174,CN,Cypriniformes,Cyprinidae,Acheilognathus rhombeus,2025,HUMAN_OBSERVATION
23.206319,121.288639,TW,Perciformes,Cichlidae,,2022,HUMAN_OBSERVATION
22.305012,114.374029,HK,Perciformes,Eleotridae,Eleotris oxycephala,2021,HUMAN_OBSERVATION
22.556398,114.178084,HK,Cypriniformes,Cyprinidae,Cirrhinus mrigala,2024,HUMAN_OBSERVATION
22.03,121.14,TW,Myctophiformes,Myctophidae,,,OCCURRENCE
23.81477,120.70672,TW,Cypriniformes,Cobitidae,Misgurnus anguillicaudatus,2005,OCCURRENCE
24.23558,120.73916,TW,Cypriniformes,Cyprinidae,Opsariichthys pachycephalus,2022,HUMAN_OBSERVATION
29.960663,122.248753,CN,Perciformes,Gobiidae,Rhinogobius similis,2025,HUMAN_OBSERVATION
23.156826,121.23773,TW,Cypriniformes,Cyprinidae,Carassius auratus,2022,HUMAN_OBSERVATION
21.65,110.632,CN,Cypriniformes,Cyprinidae,,2018,MATERIAL_SAMPLE
22.517521,114.345545,HK,Perciformes,Osphronemidae,Macropodus hongkongensis,2018,HUMAN_OBSERVATION
24.826,120.98,TW,Cypriniformes,Cyprinidae,Hemibarbus labeo,2021,HUMAN_OBSERVATION
25.121973,121.459007,TW,Cypriniformes,Cyprinidae,Tanakia himantegus,,PRESERVED_SPECIMEN
24.83,120.96,TW,Anguilliformes,Anguillidae,Anguilla japonica,2021,HUMAN_OBSERVATION
24.08277,120.87876,TW,Cypriniformes,Cyprinidae,Acrossocheilus paradoxus,2022,HUMAN_OBSERVATION
31.43,103.16,CN,Cypriniformes,Nemacheilidae,Triplophysa stenura,2007,MATERIAL_SAMPLE
27.06666,110.56666,CN,Cypriniformes,Nemacheilidae,Schistura fasciolata,2002,PRESERVED_SPECIMEN
21.62,108.34,CN,Perciformes,Leiognathidae,Nuchequula blochii,,PRESERVED_SPECIMEN
24.159316,120.744225,TW,Cypriniformes,Cyprinidae,Carassius auratus,2022,HUMAN_OBSERVATION
35.957273,120.197325,CN,Beloniformes,Adrianichthyidae,Oryzias sinensis,2022,HUMAN_OBSERVATION
21.93,120.813,TW,Ophidiiformes,Bythitidae,,1968,PRESERVED_SPECIMEN
38.073254,104.69114,CN,Cypriniformes,Cyprinidae,,,MATERIAL_SAMPLE
21.73333,120.66666,TW,Perciformes,Trichiuridae,,2019,MATERIAL_SAMPLE
23.107992,120.043438,TW,Clupeiformes,Clupeidae,,2019,HUMAN_OBSERVATION
23.60965,120.37163,TW,Siluriformes,Loricariidae,,2023,HUMAN_OBSERVATION
29.97,113.68,CN,Cypriniformes,Cyprinidae,Chanodichthys mongolicus,2013,PRESERVED_SPECIMEN
23.1346,120.0717,TW,Siluriformes,Plotosidae,Plotosus lineatus,2021,MATERIAL_SAMPLE
23.1346,120.0717,TW,Siluriformes,Plotosidae,Plotosus lineatus,2022,MATERIAL_SAMPLE
22.90614,121.14794,TW,Cypriniformes,Cyprinidae,Opsariichthys pachycephalus,2022,HUMAN_OBSERVATION
31.4,100.599998,CN,Perciformes,Cichlidae,,,MATERIAL_CITATION
23.05101,121.21085,TW,Cypriniformes,Cyprinidae,Opsariichthys pachycephalus,2003,OCCURRENCE
22.200378,113.54828,MO,Cypriniformes,Cyprinidae,Cyprinus rubrofuscus,2026,HUMAN_OBSERVATION
40.733112,107.41611,CN,Cypriniformes,Cyprinidae,,,MATERIAL_SAMPLE
22.63467,120.61022,TW,Cypriniformes,Cyprinidae,Systomus rubripinnis,2022,HUMAN_OBSERVATION
30.398454,108.527806,CN,Cypriniformes,Cyprinidae,Zacco acutipinnis,2024,HUMAN_OBSERVATION
23.583333,121.6,TW,Cypriniformes,Balitoridae,Hemimyzon taitungensis,1981,PRESERVED_SPECIMEN
22.319869,114.366597,HK,Lophiiformes,Antennariidae,Antennarius striatus,2019,HUMAN_OBSERVATION
24.85909,120.95214,TW,Mugiliformes,Mugilidae,Planiliza macrolepis,2023,HUMAN_OBSERVATION
23.60965,120.37163,TW,Siluriformes,Loricariidae,,2023,HUMAN_OBSERVATION
19.22,109.45,CN,Cypriniformes,Cyprinidae,Culter recurviceps,2019,PRESERVED_SPECIMEN
23.475422,121.357474,TW,Cypriniformes,Cyprinidae,Opsariichthys pachycephalus,2021,HUMAN_OBSERVATION
22.469932,114.006626,HK,Perciformes,Channidae,Channa striata,2025,HUMAN_OBSERVATION
21.616062,101.653245,CN,Cypriniformes,Cyprinidae,Scaphiodonichthys acanthopterus,2024,HUMAN_OBSERVATION
22.368035,114.259732,HK,Perciformes,Lutjanidae,Lutjanus argentimaculatus,2018,HUMAN_OBSERVATION
22.487987,113.941453,CN,Perciformes,Sparidae,Acanthopagrus schlegelii,2025,HUMAN_OBSERVATION
25.1259,121.916414,TW,Perciformes,Blenniidae,Istiblennius edentulus,2025,HUMAN_OBSERVATION
22.2392,114.18455,HK,Perciformes,Cheilodactylidae,,,PRESERVED_SPECIMEN
23.93656,120.68072,TW,Perciformes,Cichlidae,Oreochromis niloticus,2021,HUMAN_OBSERVATION
23.31659,120.15,TW,Mugiliformes,Mugilidae,Osteomugil cunnesius,2005,OCCURRENCE
20.31,109.86,CN,Elopiformes,Elopidae,Elops hawaiensis,2006,PRESERVED_SPECIMEN
25.091045,121.686964,TW,Perciformes,Cichlidae,Geophagus brasiliensis,2024,HUMAN_OBSERVATION
23.93096,120.75002,TW,Perciformes,Gobiidae,Rhinogobius candidianus,2005,OCCURRENCE
29.11,110.47,CN,Cypriniformes,Cobitidae,Misgurnus anguillicaudatus,2017,MATERIAL_SAMPLE
25.139228,121.802765,TW,Perciformes,Siganidae,Siganus fuscescens,2008,PRESERVED_SPECIMEN
24.718088,121.705772,TW,Cypriniformes,Cyprinidae,Cyprinus rubrofuscus,2024,HUMAN_OBSERVATION
24.29,120.91,TW,Cypriniformes,Balitoridae,Hemimyzon formosanus,2023,HUMAN_OBSERVATION
24.9993,121.609,TW,Cypriniformes,Cyprinidae,Zacco platypus,2016,OCCURRENCE
23.05,120.07,TW,Perciformes,Carangidae,Caranx ignobilis,2014,OCCURRENCE
22.28901,113.879836,HK,Cypriniformes,Cyprinidae,Squaliobarbus curriculus,2024,HUMAN_OBSERVATION
25.06353,121.05413,TW,Perciformes,Mullidae,,2024,HUMAN_OBSERVATION
25.742014,110.535844,CN,Cypriniformes,Balitoridae,Erromyzon compactus,2024,HUMAN_OBSERVATION
22.90076,120.30998,TW,Perciformes,Cichlidae,Oreochromis niloticus,2022,HUMAN_OBSERVATION
39.659168,99.56778,CN,Cypriniformes,Cyprinidae,Semotilus atromaculatus,1996,PRESERVED_SPECIMEN
24.78609,121.05607,TW,Cypriniformes,Cyprinidae,Opsariichthys pachycephalus,2023,HUMAN_OBSERVATION
24.821,120.997,TW,Cypriniformes,Cyprinidae,Opsariichthys evolans,2021,HUMAN_OBSERVATION
23.522,114.694,CN,Cypriniformes,Cyprinidae,Toxabramis houdemeri,2018,MATERIAL_SAMPLE
23.02085,120.28229,TW,Siluriformes,Loricariidae,Pterygoplichthys pardalis,2012,OCCURRENCE
22.34002,120.360024,TW,Myliobatiformes,Dasyatidae,Neotrygon orientale,2024,HUMAN_OBSERVATION
23.77706,120.71115,TW,Perciformes,Gobiidae,Rhinogobius candidianus,2022,HUMAN_OBSERVATION
25.144681,121.804828,TW,Tetraodontiformes,Balistidae,Balistoides conspicillum,2024,HUMAN_OBSERVATION
23.41239,120.547,TW,Cypriniformes,Cyprinidae,Acrossocheilus paradoxus,2023,HUMAN_OBSERVATION
41.31302,96.69666,CN,Cypriniformes,Cyprinidae,Notropis dorsalis,2009,PRESERVED_SPECIMEN
19.71,110.32,CN,Cypriniformes,Cyprinidae,Culter recurviceps,2019,PRESERVED_SPECIMEN
22.488889,114.351389,HK,Scorpaeniformes,Platycephalidae,,1958,PRESERVED_SPECIMEN
24.71,121.83,TW,Perciformes,Eleotridae,Eleotris acanthopoma,2004,OCCURRENCE
39.774802,116.585654,CN,Cypriniformes,Cyprinidae,Hemiculter leucisculus,2025,HUMAN_OBSERVATION
24.9431,121.536,TW,Clupeiformes,Clupeidae,Hilsa kelee,2016,OCCURRENCE
24.79623,121.03617,TW,Cypriniformes,Cyprinidae,Acrossocheilus paradoxus,2004,OCCURRENCE
23.258614,121.298213,TW,Cypriniformes,Cyprinidae,Spinibarbus hollandi,2022,HUMAN_OBSERVATION
23.50449,120.481867,TW,Perciformes,Channidae,Channa striata,2023,HUMAN_OBSERVATION
20.045,111.484,CN,Perciformes,Carangidae,Atule mate,2007,MATERIAL_SAMPLE
21,109.583,CN,Perciformes,Terapontidae,Terapon theraps,2013,MATERIAL_SAMPLE
22.08275,120.74053,TW,Cypriniformes,Cyprinidae,Cyprinus carpio,2023,HUMAN_OBSERVATION
22.503866,114.271445,HK,Cyprinodontiformes,Poeciliidae,Xiphophorus hellerii,2025,HUMAN_OBSERVATION
25.22839,121.62161,TW,Perciformes,Gobiidae,Rhinogobius candidianus,2022,HUMAN_OBSERVATION
20.66476,116.8137,TW,Perciformes,Gobiidae,,2011,PRESERVED_SPECIMEN
28.974158,118.836186,CN,Cypriniformes,Cyprinidae,Rhodeus ocellatus,2023,HUMAN_OBSERVATION
24.1221,120.61896,TW,Cypriniformes,Cobitidae,Cobitis sinensis,2005,OCCURRENCE
23.53661,120.53135,TW,Cypriniformes,Cyprinidae,Opsariichthys pachycephalus,2023,HUMAN_OBSERVATION
22.12753,120.77836,TW,Perciformes,Gobiidae,Sicyopterus japonicus,2022,HUMAN_OBSERVATION
38.073254,104.69114,CN,Cypriniformes,Nemacheilidae,,,MATERIAL_SAMPLE
23.934,120.253567,TW,Perciformes,Terapontidae,,2021,PRESERVED_SPECIMEN
24.85541,121.567623,TW,Perciformes,Gobiidae,Rhinogobius candidianus,2024,HUMAN_OBSERVATION
23.921485,119.821744,TW,Gadiformes,Bregmacerotidae,,2022,PRESERVED_SPECIMEN
24.1784,120.7378,TW,Cypriniformes,Cyprinidae,Opsariichthys pachycephalus,2021,HUMAN_OBSERVATION
23.93,120.68,TW,Cypriniformes,Balitoridae,Sinogastromyzon puliensis,2020,HUMAN_OBSERVATION
24.7884,120.8092,TW,Perciformes,Acanthuridae,,2020,PRESERVED_SPECIMEN
22.470228,114.003051,HK,Cypriniformes,Cyprinidae,Cirrhinus mrigala,2025,HUMAN_OBSERVATION
24.909888,121.550055,TW,Cypriniformes,Cyprinidae,Acrossocheilus paradoxus,2024,HUMAN_OBSERVATION
22.96578,121.13103,TW,Cypriniformes,Cyprinidae,Onychostoma alticorpus,2003,OCCURRENCE
39.800556,97.791115,CN,Cypriniformes,Cyprinidae,Semotilus atromaculatus,1995,PRESERVED_SPECIMEN
24.49402,120.79736,TW,Cypriniformes,Cyprinidae,Opsariichthys evolans,2012,OCCURRENCE
23.258614,121.298213,TW,Cypriniformes,Cyprinidae,Opsariichthys pachycephalus,2022,HUMAN_OBSERVATION
22.88792,120.12303,TW,Perciformes,Sparidae,Argyrops bleekeri,2016,OCCURRENCE
22.89501,120.54881,TW,Cypriniformes,Cyprinidae,Spinibarbus hollandi,2019,OCCURRENCE
22.56453,120.53989,TW,Perciformes,Cichlidae,Oreochromis niloticus,2022,HUMAN_OBSERVATION
20.25,111.75,CN,Perciformes,Carangidae,,2014,MATERIAL_SAMPLE
24.56688,120.93631,TW,Perciformes,Gobiidae,Rhinogobius candidianus,2022,HUMAN_OBSERVATION
21.28,114.77,CN,Perciformes,Labridae,,2014,MATERIAL_SAMPLE
24.3,120.92,TW,Cypriniformes,Balitoridae,Hemimyzon formosanus,2022,HUMAN_OBSERVATION
42.23408,100.25298,CN,Cypriniformes,Catostomidae,Catostomus commersonii,2008,PRESERVED_SPECIMEN
22.437917,114.191568,HK,Cypriniformes,Nemacheilidae,Oreonectes platycephalus,2024,HUMAN_OBSERVATION
22.90702,120.217392,TW,Perciformes,Channidae,Channa striata,2025,HUMAN_OBSERVATION
23.258614,121.298213,TW,Perciformes,Cichlidae,,2022,HUMAN_OBSERVATION
25.91638,111.23722,CN,Cypriniformes,Cyprinidae,Aphyocypris chinensis,2003,PRESERVED_SPECIMEN
17.788,109.024,CN,Perciformes,Monodactylidae,Monodactylus argenteus,2008,MATERIAL_SAMPLE
41.0421,99.39917,CN,Cypriniformes,Cyprinidae,Cyprinus carpio,2008,PRESERVED_SPECIMEN
24.623733,120.691617,TW,Perciformes,Carangidae,Scomberoides tol,2020,PRESERVED_SPECIMEN
19.916667,111.5,CN,Scorpaeniformes,Scorpaenidae,Pterois russelii,1958,PRESERVED_SPECIMEN
23.45736,120.45731,TW,Perciformes,Cichlidae,Oreochromis niloticus,2022,HUMAN_OBSERVATION
22.4355,120.36867,TW,Pleuronectiformes,Cynoglossidae,,2023,MATERIAL_SAMPLE
23.6627,121.43457,TW,Cypriniformes,Cyprinidae,Carassius auratus,2022,HUMAN_OBSERVATION
25.02996,121.32008,TW,Perciformes,Gobiidae,Rhinogobius rubromaculatus,2024,HUMAN_OBSERVATION
23.608732,120.399304,TW,Siluriformes,Loricariidae,,2023,HUMAN_OBSERVATION
24.72977,121.688446,TW,Cyprinodontiformes,Poeciliidae,Xiphophorus hellerii,2024,HUMAN_OBSERVATION
23.09183,112.54185,CN,Cypriniformes,Cyprinidae,Culter recurviceps,2023,PRESERVED_SPECIMEN
24.56238,120.8496,TW,Perciformes,Cichlidae,Coptodon zillii,2023,HUMAN_OBSERVATION
24.47,122.21,TW,Anguilliformes,Congridae,Congriscus megastomus,,OCCURRENCE
21.041667,113.533333,CN,Perciformes,Carangidae,Carangoides malabaricus,1958,PRESERVED_SPECIMEN
22.344964,120.389808,TW,Perciformes,Chaetodontidae,,2015,HUMAN_OBSERVATION
22.6775,120.4975,TW,Perciformes,Scaridae,,2010,HUMAN_OBSERVATION
40.809807,111.66123,CN,Cypriniformes,Cyprinidae,Carassius auratus,2026,HUMAN_OBSERVATION
24.717981,121.705589,TW,Perciformes,Cichlidae,Geophagus brasiliensis,2024,HUMAN_OBSERVATION
30.48,101.48,CN,Cypriniformes,Nemacheilidae,Triplophysa orientalis,2008,PRESERVED_SPECIMEN
22.283667,114.150333,HK,Perciformes,Serranidae,Epinephelus malabaricus,,PRESERVED_SPECIMEN
24.723587,121.705108,TW,Cypriniformes,Cobitidae,Cobitis sinensis,2025,HUMAN_OBSERVATION
23.51889,120.59325,TW,Cypriniformes,Cyprinidae,Candidia barbata,2022,HUMAN_OBSERVATION
23.328806,120.253083,TW,Siluriformes,Loricariidae,Pterygoplichthys pardalis,2023,HUMAN_OBSERVATION
25.16,121.76,TW,Perciformes,Serranidae,Epinephelus coioides,2004,OCCURRENCE
22.47708,120.45981,TW,Perciformes,Ambassidae,Ambassis urotaenia,2022,HUMAN_OBSERVATION
24.36,118.24,CN,Syngnathiformes,Syngnathidae,Syngnathus schlegeli,,MATERIAL_SAMPLE
23.143842,120.076266,TW,Mugiliformes,Mugilidae,Planiliza affinis,2018,HUMAN_OBSERVATION
25.0333,121.31769,TW,Cypriniformes,Cyprinidae,Candidia barbata,2024,HUMAN_OBSERVATION
24.1385,120.6197,TW,Perciformes,Cichlidae,Amphilophus labiatus,2022,HUMAN_OBSERVATION
38.211388,98.320274,CN,Cypriniformes,Cyprinidae,Phenacobius mirabilis,1996,PRESERVED_SPECIMEN
40.62,82.84,CN,Cypriniformes,Cyprinidae,Schizothorax eurystomus,2018,MATERIAL_SAMPLE
23.690303,120.534401,TW,Cypriniformes,Cyprinidae,Hemiculter leucisculus,2026,HUMAN_OBSERVATION
22.061749,120.70655,TW,Anguilliformes,Ophichthidae,Bascanichthys kabeyawan,2022,MATERIAL_CITATION
23.38,119.77,TW,Anguilliformes,Ophichthidae,Pisodonophis cancrivorus,,HUMAN_OBSERVATION
22.299152,114.169526,HK,Tetraodontiformes,Tetraodontidae,Lagocephalus lunaris,2021,HUMAN_OBSERVATION
24.74,121.09,TW,Cypriniformes,Cyprinidae,Acrossocheilus paradoxus,2015,OCCURRENCE
22.44,120.47,TW,Perciformes,Siganidae,Siganus guttatus,2004,OCCURRENCE
23.114808,120.098873,TW,Perciformes,Gobiidae,Glossogobius aureus,2017,HUMAN_OBSERVATION
24.583333,121.966667,TW,Anguilliformes,Congridae,,2018,PRESERVED_SPECIMEN
28.4,102.400002,CN,Perciformes,Cichlidae,,,MATERIAL_CITATION
24.02704,120.82695,TW,Cypriniformes,Cyprinidae,Spinibarbus hollandi,2021,HUMAN_OBSERVATION
25.10853,121.45755,TW,Clupeiformes,Engraulidae,Thryssa hamiltonii,2015,OCCURRENCE
24.107223,120.615821,TW,Siluriformes,Loricariidae,,2015,HUMAN_OBSERVATION
24.791277,120.964539,TW,Perciformes,Cichlidae,Oreochromis niloticus,2019,HUMAN_OBSERVATION
22.17,111.78,CN,Cypriniformes,Cyprinidae,Sinibrama melrosei,2018,PRESERVED_SPECIMEN
24.86,122.02,TW,Scorpaeniformes,Setarchidae,Setarches longimanus,,OCCURRENCE
39.458611,98.110001,CN,Cypriniformes,Cyprinidae,Phenacobius mirabilis,1996,PRESERVED_SPECIMEN
23.55607,120.164089,TW,Beloniformes,Adrianichthyidae,Oryzias latipes,2015,HUMAN_OBSERVATION
24.78541,121.17577,TW,Perciformes,Gobiidae,Rhinogobius candidianus,2023,HUMAN_OBSERVATION
24.159316,120.744225,TW,Cypriniformes,Cyprinidae,Opsariichthys pachycephalus,2022,HUMAN_OBSERVATION
24.78576,121.0586,TW,Cypriniformes,Cyprinidae,Opsariichthys pachycephalus,2023,HUMAN_OBSERVATION
23.50545,121.386489,TW,Cypriniformes,Cyprinidae,Opsariichthys pachycephalus,2021,HUMAN_OBSERVATION
23.19548,121.279531,TW,Cypriniformes,Cyprinidae,Candidia barbata,2022,HUMAN_OBSERVATION
23.71851,121.39592,TW,Cypriniformes,Cyprinidae,Spinibarbus hollandi,2018,OCCURRENCE
24.97,98.87,CN,Cypriniformes,Cyprinidae,Schizopyge nukiangensis,2012,PRESERVED_SPECIMEN
38.073254,104.69114,CN,Cypriniformes,Cobitidae,Misgurnus mohoity,,MATERIAL_SAMPLE
24.11051,120.69869,TW,Perciformes,Cichlidae,Oreochromis niloticus,2021,HUMAN_OBSERVATION
24.16598,120.94887,TW,Perciformes,Gobiidae,Rhinogobius candidianus,2022,HUMAN_OBSERVATION
22.524115,113.995985,CN,Perciformes,Gobiidae,Boleophthalmus pectinirostris,2025,HUMAN_OBSERVATION
41.14741,96.6896,CN,Perciformes,Centrarchidae,Lepomis cyanellus,2009,PRESERVED_SPECIMEN
23.48,120.29,TW,Perciformes,Channidae,Channa asiatica,2002,OCCURRENCE
24.66888,121.11926,TW,Cypriniformes,Cyprinidae,Acrossocheilus paradoxus,2023,HUMAN_OBSERVATION
22.216987,114.175598,HK,Cypriniformes,Cobitidae,,1930,PRESERVED_SPECIMEN
22.440987,119.937278,TW,Perciformes,Scombridae,Thunnus albacares,2022,HUMAN_OBSERVATION
20.660399,116.835273,TW,Perciformes,Scombridae,Auxis rochei,2011,PRESERVED_SPECIMEN
23.399611,120.511194,TW,Perciformes,Cichlidae,Oreochromis niloticus,2023,HUMAN_OBSERVATION
24.13842,120.61971,TW,Perciformes,Gobiidae,Rhinogobius rubromaculatus,2005,OCCURRENCE
22.345859,114.109442,HK,Perciformes,Terapontidae,Terapon jarbua,2025,HUMAN_OBSERVATION
40.02,98.14,CN,Cyprinodontiformes,Poeciliidae,Gambusia affinis,2007,PRESERVED_SPECIMEN
22.466667,120.45,TW,Anguilliformes,Ophichthidae,,2012,PRESERVED_SPECIMEN
23.72653,120.6234,TW,Cypriniformes,Cyprinidae,Opsariichthys pachycephalus,2023,HUMAN_OBSERVATION
22.90519,121.14792,TW,Perciformes,Gobiidae,Rhinogobius candidianus,2022,HUMAN_OBSERVATION
25.15145,121.444,TW,Perciformes,Terapontidae,Terapon jarbua,2015,OCCURRENCE
23.55607,120.164089,TW,Cyprinodontiformes,Poeciliidae,Poecilia latipinna,2022,HUMAN_OBSERVATION
23.45561,120.48861,TW,Cypriniformes,Cyprinidae,Paratanakia himantegus,2022,HUMAN_OBSERVATION
23.6646,120.53032,TW,Cypriniformes,Cyprinidae,Opsariichthys pachycephalus,2024,HUMAN_OBSERVATION
23.536715,120.531596,TW,Perciformes,Cichlidae,Oreochromis niloticus,2023,HUMAN_OBSERVATION
21.35,110.55,CN,Perciformes,Gobiidae,Pseudogobius masago,2014,PRESERVED_SPECIMEN
23.127064,120.055231,TW,Gonorynchiformes,Chanidae,Chanos chanos,2017,HUMAN_OBSERVATION
38.47,85.68,CN,Cypriniformes,Cyprinidae,Carassius auratus,1988,PRESERVED_SPECIMEN
22.334315,114.139651,HK,Perciformes,Cichlidae,Heterotilapia buettikoferi,2020,HUMAN_OBSERVATION
22.009496,120.811309,TW,Anguilliformes,Anguillidae,Anguilla marmorata,2025,HUMAN_OBSERVATION
23.47581,120.24536,TW,Perciformes,Gobiidae,Pseudogobius javanicus,2023,HUMAN_OBSERVATION
23.05484,121.1997,TW,Perciformes,Gobiidae,Sicyopterus japonicus,2022,HUMAN_OBSERVATION
32.007047,110.108765,CN,Cypriniformes,Cobitidae,Cobitis rara,2017,HUMAN_OBSERVATION
21.91717,114.2578,CN,Perciformes,Percichthyidae,,1861,PRESERVED_SPECIMEN
23.14,120.43,TW,Cypriniformes,Cyprinidae,Opsariichthys pachycephalus,2015,OCCURRENCE
26.692811,119.625577,CN,Perciformes,Gobiidae,Glossogobius olivaceus,2019,HUMAN_OBSERVATION
24.08148,120.70879,TW,Cypriniformes,Cyprinidae,Opsariichthys pachycephalus,2022,HUMAN_OBSERVATION
23.484521,120.55383,TW,Cypriniformes,Cyprinidae,Opsariichthys pachycephalus,2023,HUMAN_OBSERVATION
22.381458,114.221145,HK,Cypriniformes,Gyrinocheilidae,Gyrinocheilus aymonieri,2020,HUMAN_OBSERVATION
24.711114,121.710402,TW,Cyprinodontiformes,Poeciliidae,Gambusia affinis,2018,HUMAN_OBSERVATION
36,120,CN,Cypriniformes,Cyprinidae,Xenocypris macrolepis,,PRESERVED_SPECIMEN
23.93,120.68,TW,Cypriniformes,Balitoridae,Sinogastromyzon puliensis,2020,HUMAN_OBSERVATION
17.52,108.98,CN,Perciformes,Carangidae,Seriolina nigrofasciata,,PRESERVED_SPECIMEN
22.9734,121.16525,TW,Cypriniformes,Cyprinidae,Opsariichthys pachycephalus,2023,HUMAN_OBSERVATION
29.825419,122.398445,CN,Syngnathiformes,Fistulariidae,Fistularia petimba,2022,HUMAN_OBSERVATION
20.6,110.2,CN,Perciformes,Gobiidae,Ctenogobius chusanensis,2015,PRESERVED_SPECIMEN
23.50545,121.386489,TW,Cypriniformes,Cyprinidae,Carassius auratus,2021,HUMAN_OBSERVATION
21.11,110.23,CN,Perciformes,Gerreidae,Gerres filamentosus,2008,MATERIAL_SAMPLE
22.80456,120.21674,TW,Perciformes,Leiognathidae,Leiognathus equulus,2022,HUMAN_OBSERVATION
24.13849,120.6197,TW,Perciformes,Cichlidae,Oreochromis niloticus,2021,HUMAN_OBSERVATION
23.291377,121.27802,TW,Siluriformes,Loricariidae,Pterygoplichthys pardalis,2022,HUMAN_OBSERVATION
25.00194,121.60056,TW,Cypriniformes,Cyprinidae,Microphysogobio brevirostris,2005,OCCURRENCE
26.048076,119.29614,CN,Siluriformes,Clariidae,Clarias gariepinus,2019,HUMAN_OBSERVATION
24.25,120.52,TW,Mugiliformes,Mugilidae,Planiliza haematocheila,2002,OCCURRENCE
22.123117,113.57232,MO,Perciformes,Sciaenidae,Sciaenops ocellatus,2025,HUMAN_OBSERVATION
21.04,109.11,CN,Perciformes,Chaetodontidae,Chelmon rostratus,,PRESERVED_SPECIMEN
31.025667,104.675361,CN,Cypriniformes,Cyprinidae,Belligobio nummifer,1932,PRESERVED_SPECIMEN
24.126061,120.748417,TW,Cypriniformes,Cyprinidae,Spinibarbus hollandi,2026,HUMAN_OBSERVATION
23.93162,121.54096,TW,Perciformes,Gobiidae,Rhinogobius gigas,2022,HUMAN_OBSERVATION
22.97183,121.16548,TW,Cypriniformes,Cyprinidae,Opsariichthys pachycephalus,2023,HUMAN_OBSERVATION
25.113803,121.920169,TW,Perciformes,Haemulidae,,2013,HUMAN_OBSERVATION
23.75932,120.65783,TW,Perciformes,Cichlidae,Oreochromis niloticus,2022,HUMAN_OBSERVATION
29.166667,112.833333,CN,Cypriniformes,Cyprinidae,Rhinogobio cylindricus,,PRESERVED_SPECIMEN
24.581436,120.898629,TW,Perciformes,Cichlidae,Coptodon zillii,2024,HUMAN_OBSERVATION
23.03,120.13,TW,Perciformes,Eleotridae,Eleotris fusca,1991,PRESERVED_SPECIMEN
26.09196,120.54154,CN,Perciformes,Gobiidae,Parapocryptes serperaster,,PRESERVED_SPECIMEN
24.68047,120.90753,TW,Cypriniformes,Cyprinidae,Paratanakia himantegus,2023,HUMAN_OBSERVATION
24.47,120.6,TW,Perciformes,Apogonidae,,,HUMAN_OBSERVATION
24.729608,121.688441,TW,Cypriniformes,Cyprinidae,Opsariichthys evolans,2024,HUMAN_OBSERVATION
25.0685,121.653,TW,Perciformes,Cichlidae,Oreochromis mossambicus,2016,OCCURRENCE
23.118403,120.088635,TW,Perciformes,Sparidae,Acanthopagrus pacificus,2018,HUMAN_OBSERVATION
21.35,110.55,CN,Perciformes,Gobiidae,Exyrias puntang,2014,PRESERVED_SPECIMEN
24.16975,120.7053,TW,Cyprinodontiformes,Poeciliidae,Gambusia affinis,2023,HUMAN_OBSERVATION
40.032119,116.666047,CN,Beloniformes,Adrianichthyidae,Oryzias sinensis,2026,HUMAN_OBSERVATION
22.442038,114.286196,HK,Perciformes,Sparidae,Acanthopagrus schlegelii,2018,HUMAN_OBSERVATION
39.68751,113.18158,CN,Cypriniformes,Cobitidae,Misgurnus anguillicaudatus,2019,PRESERVED_SPECIMEN
24.103967,120.24755,TW,Pleuronectiformes,Soleidae,,2021,PRESERVED_SPECIMEN
25.02996,121.32008,TW,Perciformes,Gobiidae,Rhinogobius rubromaculatus,2024,HUMAN_OBSERVATION
19.665,110.907,CN,Cypriniformes,Cyprinidae,,2017,MATERIAL_SAMPLE
22.955,106.516667,CN,Perciformes,Osphronemidae,Macropodus opercularis,2010,PRESERVED_SPECIMEN
19.12,108.65,CN,Perciformes,Terapontidae,Terapon theraps,,MATERIAL_SAMPLE
24.70528,121.68749,TW,Cypriniformes,Cobitidae,Cobitis sinensis,2003,OCCURRENCE
23.05858,120.27669,TW,Cypriniformes,Cyprinidae,Barbonymus gonionotus,2022,HUMAN_OBSERVATION
23.08555,120.53695,TW,Cypriniformes,Cyprinidae,Hemiculter leucisculus,2005,OCCURRENCE
40.0696,115.71538,CN,Cypriniformes,Cyprinidae,Pseudorasbora parva,2019,PRESERVED_SPECIMEN
24.8774,121.38,TW,Cypriniformes,Cyprinidae,Acrossocheilus paradoxus,2016,OCCURRENCE
24.62828,121.00682,TW,Cypriniformes,Cobitidae,Cobitis sinensis,2016,OCCURRENCE
23.32195,121.33182,TW,Cypriniformes,Cyprinidae,Opsariichthys pachycephalus,2022,HUMAN_OBSERVATION
23.07469,120.32636,TW,Cyprinodontiformes,Poeciliidae,Gambusia affinis,2022,HUMAN_OBSERVATION
20.61722,116.7217,TW,Perciformes,Scombridae,Auxis rochei,2011,PRESERVED_SPECIMEN
23.55607,120.164089,TW,Cyprinodontiformes,Poeciliidae,Poecilia velifera,2021,HUMAN_OBSERVATION
30.267995,118.973098,CN,Cypriniformes,Cyprinidae,Acrossocheilus fasciatus,2025,HUMAN_OBSERVATION
25.13,121.96,TW,Scorpaeniformes,Setarchidae,Setarches longimanus,2000,HUMAN_OBSERVATION
24.64438,121.12423,TW,Cypriniformes,Cyprinidae,Acrossocheilus paradoxus,2004,OCCURRENCE
24.726171,121.722818,TW,Cypriniformes,Cyprinidae,Systomus rubripinnis,2024,HUMAN_OBSERVATION
40.79442,96.07377,CN,Cypriniformes,Cyprinidae,Phenacobius mirabilis,2009,PRESERVED_SPECIMEN
22.207547,113.547853,MO,Cypriniformes,Cyprinidae,Cyprinus rubrofuscus,2025,HUMAN_OBSERVATION
21.38,112.22,CN,Clupeiformes,Engraulidae,,2021,MATERIAL_SAMPLE
23.43861,120.60525,TW,Cypriniformes,Cyprinidae,Acrossocheilus paradoxus,2023,HUMAN_OBSERVATION
23.72653,120.6234,TW,Cypriniformes,Cyprinidae,Candidia barbata,2023,HUMAN_OBSERVATION
23.114808,120.098873,TW,Clupeiformes,Engraulidae,Thryssa hamiltonii,2019,HUMAN_OBSERVATION
24.750267,121.089569,TW,Perciformes,Gobiidae,Rhinogobius candidianus,2021,HUMAN_OBSERVATION
22.524442,113.996405,CN,Perciformes,Gobiidae,Boleophthalmus pectinirostris,2025,HUMAN_OBSERVATION
22.90614,121.14794,TW,Cypriniformes,Cyprinidae,Opsariichthys pachycephalus,2022,HUMAN_OBSERVATION
23.81298,120.78338,TW,Siluriformes,Bagridae,Pseudobagrus brevianalis,2005,OCCURRENCE
24.19867,120.63522,TW,Perciformes,Cichlidae,Oreochromis niloticus,2022,HUMAN_OBSERVATION
25.05029,121.016204,TW,Perciformes,Blenniidae,,2018,PRESERVED_SPECIMEN
21.9703,120.706,TW,Perciformes,Lethrinidae,Lethrinus lentjan,2008,MATERIAL_SAMPLE
25.0824,121.825,TW,Perciformes,Gobiidae,Rhinogobius candidianus,2016,OCCURRENCE
27.07583,110.50389,CN,Cypriniformes,Nemacheilidae,Schistura fasciolata,2002,PRESERVED_SPECIMEN
23.430944,120.463083,TW,Perciformes,Cichlidae,Oreochromis niloticus,2023,HUMAN_OBSERVATION
25.75,108.91,CN,Cypriniformes,Cyprinidae,Culter alburnus,2012,PRESERVED_SPECIMEN
22.24314,113.977684,HK,Perciformes,Channidae,Channa striata,2012,HUMAN_OBSERVATION
24.1985,120.63478,TW,Perciformes,Cichlidae,Oreochromis niloticus,2022,HUMAN_OBSERVATION
23.48436,120.55389,TW,Perciformes,Gobiidae,Rhinogobius candidianus,2022,HUMAN_OBSERVATION
24.1784,120.7378,TW,Cypriniformes,Cyprinidae,Carassius auratus,2021,HUMAN_OBSERVATION
19.75,108.08,CN,Perciformes,Apogonidae,Ostorhinchus semilineatus,2013,PRESERVED_SPECIMEN
22.87,120.49,TW,Cypriniformes,Cyprinidae,Opsariichthys kaopingensis,2023,HUMAN_OBSERVATION
23.81,120.71,TW,Cypriniformes,Cyprinidae,Gobiobotia cheni,2005,OCCURRENCE
24.159316,120.744225,TW,Cypriniformes,Cyprinidae,Acrossocheilus paradoxus,2022,HUMAN_OBSERVATION
23.05484,121.1997,TW,Perciformes,Gobiidae,Sicyopterus japonicus,2022,HUMAN_OBSERVATION
42.983868,130.869502,CN,Gasterosteiformes,Gasterosteidae,Pungitius sinensis,2025,HUMAN_OBSERVATION
23.93288,121.53122,TW,Perciformes,Gobiidae,Rhinogobius gigas,2022,HUMAN_OBSERVATION
22.677221,121.492581,TW,Perciformes,Chaetodontidae,,2009,HUMAN_OBSERVATION
28.181239,112.862549,CN,Cypriniformes,Cyprinidae,Carassius auratus,2020,HUMAN_OBSERVATION
39.52907,112.98629,CN,Cypriniformes,Cyprinidae,Carassius auratus,2019,PRESERVED_SPECIMEN
23.93,120.68,TW,Cypriniformes,Balitoridae,Sinogastromyzon puliensis,2020,HUMAN_OBSERVATION
23.56592,120.29189,TW,Siluriformes,Loricariidae,,2023,HUMAN_OBSERVATION
25.091045,121.686964,TW,Perciformes,Cichlidae,,2024,HUMAN_OBSERVATION
22.216987,114.175598,HK,Perciformes,Haemulidae,,1930,PRESERVED_SPECIMEN
24.9,121.8,TW,Cypriniformes,Cyprinidae,Candidia barbata,2018,HUMAN_OBSERVATION
19.533333,109.583333,CN,Cypriniformes,Cyprinidae,Acrossocheilus iridescens,,PRESERVED_SPECIMEN
31.146912,121.369515,CN,Cypriniformes,Cyprinidae,Hemiculter leucisculus,2026,HUMAN_OBSERVATION
22.47,120.43,TW,Scorpaeniformes,Setarchidae,Setarches longimanus,2004,OCCURRENCE
25.05,121.9,TW,Perciformes,Kuhliidae,,2006,MATERIAL_SAMPLE
24.74791,121.09417,TW,Cypriniformes,Cyprinidae,Acrossocheilus paradoxus,2005,OCCURRENCE
24.64528,121.12543,TW,Cypriniformes,Cyprinidae,Onychostoma barbatulum,2023,HUMAN_OBSERVATION
25.046202,121.073798,TW,Perciformes,Gobiidae,Periophthalmus modestus,2023,HUMAN_OBSERVATION
22.451356,113.985097,HK,Perciformes,Gobiidae,Hemigobius hoevenii,2020,HUMAN_OBSERVATION
21.33,109.04,CN,Syngnathiformes,Syngnathidae,Hippocampus spinosissimus,2012,PRESERVED_SPECIMEN
24.449414,120.878185,TW,Cypriniformes,Cobitidae,Cobitis sinensis,2023,HUMAN_OBSERVATION
22.323056,120.365556,TW,Perciformes,Chaetodontidae,,2016,HUMAN_OBSERVATION
23.51,117.51,CN,Scorpaeniformes,Scorpaenidae,,2014,MATERIAL_SAMPLE
23.55,119.56,TW,Perciformes,Serranidae,Epinephelus malabaricus,2006,OCCURRENCE
24.7215,121.1043,TW,Cypriniformes,Cyprinidae,Onychostoma barbatulum,2023,HUMAN_OBSERVATION
22.9742,121.166,TW,Cypriniformes,Cyprinidae,Acrossocheilus paradoxus,2015,OCCURRENCE
22.18,121.56,TW,Perciformes,Eleotridae,Eleotris fusca,2006,OCCURRENCE
24.047133,119.821667,TW,Perciformes,Scombridae,Thunnus albacares,2021,PRESERVED_SPECIMEN
24.32082,120.96112,TW,Cypriniformes,Cyprinidae,Onychostoma barbatulum,2010,OCCURRENCE
23.66236,121.4346,TW,Cypriniformes,Cyprinidae,Acrossocheilus paradoxus,2017,OCCURRENCE
24.728243,121.719048,TW,Cypriniformes,Cyprinidae,Systomus rubripinnis,2024,HUMAN_OBSERVATION
23.156826,121.23773,TW,Siluriformes,Loricariidae,Pterygoplichthys pardalis,2022,HUMAN_OBSERVATION
24.735546,121.688009,TW,Cypriniformes,Cyprinidae,Rhodeus ocellatus,2025,HUMAN_OBSERVATION
25.02996,121.32008,TW,Cypriniformes,Cyprinidae,Candidia barbata,2023,HUMAN_OBSERVATION
24.336078,120.635234,TW,Cyprinodontiformes,Poeciliidae,Gambusia affinis,2022,HUMAN_OBSERVATION
24.9431,121.536,TW,Cypriniformes,Cyprinidae,Zacco platypus,2016,OCCURRENCE
24.23647,120.73536,TW,Perciformes,Gobiidae,Rhinogobius candidianus,2021,HUMAN_OBSERVATION
23.09932,121.19213,TW,Cypriniformes,Cyprinidae,Opsariichthys pachycephalus,2003,OCCURRENCE
20.766144,116.664843,TW,Perciformes,Mullidae,Upeneus tragula,2011,PRESERVED_SPECIMEN
23.05826,120.27701,TW,Perciformes,Cichlidae,Oreochromis niloticus,2022,HUMAN_OBSERVATION
22.13,120.78,TW,Perciformes,Gobiidae,Rhinogobius henchuenensis,2022,HUMAN_OBSERVATION
23.05858,120.27669,TW,Cypriniformes,Cyprinidae,Barbonymus gonionotus,2022,HUMAN_OBSERVATION
22.51906,120.47694,TW,Cyprinodontiformes,Poeciliidae,Gambusia affinis,2022,HUMAN_OBSERVATION
25.100561,121.45866,TW,Perciformes,Gobiidae,Boleophthalmus pectinirostris,2017,HUMAN_OBSERVATION
23.18973,120.065444,TW,Perciformes,Gobiidae,Periophthalmus modestus,2020,PRESERVED_SPECIMEN
37.193333,99.887778,CN,Cypriniformes,Cyprinidae,Gymnocypris przewalskii,2016,HUMAN_OBSERVATION
20.12,110.55,CN,Perciformes,Cichlidae,Oreochromis mossambicus,2014,PRESERVED_SPECIMEN
22.28,109.97,CN,Cypriniformes,Cyprinidae,Culter recurviceps,2018,PRESERVED_SPECIMEN
23.823314,120.255853,TW,Perciformes,Gobiidae,Rhinogobius similis,2022,HUMAN_OBSERVATION
23.7417,120.73054,TW,Cypriniformes,Cyprinidae,Opsariichthys pachycephalus,2006,OCCURRENCE
22.192,115.697,CN,Perciformes,Carangidae,,2015,MATERIAL_SAMPLE
22.442011,114.28517,HK,Perciformes,Terapontidae,Terapon jarbua,2018,HUMAN_OBSERVATION
23.10447,121.38703,TW,Mugiliformes,Mugilidae,Planiliza macrolepis,2010,HUMAN_OBSERVATION
37.269356,121.736156,CN,Cypriniformes,Cobitidae,Misgurnus anguillicaudatus,2025,HUMAN_OBSERVATION
22.493773,114.241891,HK,Perciformes,Gobiidae,Glossogobius olivaceus,2018,HUMAN_OBSERVATION
24.96183,121.536644,TW,Cypriniformes,Cyprinidae,Hypophthalmichthys nobilis,2025,HUMAN_OBSERVATION
25.091045,121.686964,TW,Perciformes,Cichlidae,Oreochromis mossambicus,2024,HUMAN_OBSERVATION
24.49359,120.79654,TW,Perciformes,Cichlidae,Coptodon zillii,2023,HUMAN_OBSERVATION
25.01,121.92,TW,Perciformes,Gobiidae,Glossogobius celebius,2019,HUMAN_OBSERVATION
21.947,120.766,TW,Beloniformes,Exocoetidae,,2013,MATERIAL_SAMPLE
21.11,110.23,CN,Perciformes,Terapontidae,Terapon theraps,2008,MATERIAL_SAMPLE
38.073254,104.69114,CN,Anguilliformes,Anguillidae,Anguilla japonica,,MATERIAL_SAMPLE
23.106405,113.236095,CN,Cypriniformes,Cyprinidae,Hypophthalmichthys molitrix,1931,PRESERVED_SPECIMEN
24.35054,120.7586,TW,Perciformes,Gobiidae,Rhinogobius candidianus,2022,HUMAN_OBSERVATION
22.99,120.55,TW,Cypriniformes,Balitoridae,Sinogastromyzon nantaiensis,2022,HUMAN_OBSERVATION
24.631483,118.605326,CN,Carcharhiniformes,Carcharhinidae,Carcharhinus sorrah,2025,HUMAN_OBSERVATION
24.29414,120.91126,TW,Cypriniformes,Cyprinidae,Opsariichthys pachycephalus,2009,OCCURRENCE
25.86,98.85,CN,Cypriniformes,Nemacheilidae,Triplophysa nujiangensa,2012,PRESERVED_SPECIMEN
19.983333,109.65,CN,Perciformes,Gobiidae,,1990,PRESERVED_SPECIMEN
24.58,121.86,TW,Clupeiformes,Engraulidae,Thryssa chefuensis,1985,OCCURRENCE
38.073254,104.69114,CN,Anguilliformes,Muraenidae,,,MATERIAL_SAMPLE
23.12773,121.1701,TW,Cypriniformes,Cyprinidae,Opsariichthys pachycephalus,2023,HUMAN_OBSERVATION
22.200883,113.54818,MO,Perciformes,Cichlidae,Oreochromis niloticus,2026,HUMAN_OBSERVATION
24.94,121.9,TW,Beryciformes,Trachichthyidae,,2007,OCCURRENCE
23.02181,120.66253,TW,Cypriniformes,Cobitidae,Cobitis sinensis,2007,OCCURRENCE
22.9053,121.14782,TW,Perciformes,Gobiidae,Rhinogobius candidianus,2023,HUMAN_OBSERVATION
23.697807,120.96051,TW,Perciformes,Lutjanidae,Lutjanus russellii,2013,MATERIAL_SAMPLE
24.198217,119.760067,TW,Perciformes,Menidae,Mene maculata,2022,PRESERVED_SPECIMEN
24.729753,121.688553,TW,Cypriniformes,Cyprinidae,Carassius auratus,2023,HUMAN_OBSERVATION
40.096745,121.932762,CN,Perciformes,Sparidae,Acanthopagrus schlegelii,2025,HUMAN_OBSERVATION
25.126111,121.914167,TW,Perciformes,Chaetodontidae,,2009,HUMAN_OBSERVATION
27.23,111.47,CN,Cypriniformes,Cobitidae,Misgurnus anguillicaudatus,2017,MATERIAL_SAMPLE
22.97411,121.16531,TW,Perciformes,Gobiidae,Rhinogobius candidianus,2022,HUMAN_OBSERVATION
21.233,109.378,CN,Perciformes,Sillaginidae,,2011,MATERIAL_SAMPLE
22.127362,119.604004,TW,Anguilliformes,,,1972,PRESERVED_SPECIMEN
23.12,120.38,TW,Perciformes,Gobiidae,Rhinogobius nantaiensis,2015,OCCURRENCE
24.59644,115.82639,CN,Perciformes,Gobiidae,Rhinogobius similis,2023,PRESERVED_SPECIMEN
23.965117,120.179483,TW,Perciformes,Scatophagidae,Scatophagus argus,2016,PRESERVED_SPECIMEN
24.00944,120.63826,TW,Cypriniformes,Cobitidae,Cobitis sinensis,2023,HUMAN_OBSERVATION
23.391817,121.304194,TW,Cypriniformes,Cyprinidae,Opsariichthys pachycephalus,2021,HUMAN_OBSERVATION
23.50449,120.481867,TW,Cypriniformes,Cyprinidae,Paratanakia himantegus,2023,HUMAN_OBSERVATION
25.487709,122.103959,TW,Perciformes,Pomacentridae,Chromis margaritifer,2023,HUMAN_OBSERVATION
22.328333,114.298889,HK,Anguilliformes,Muraenidae,,1958,PRESERVED_SPECIMEN
25.0316,121.490855,TW,Osmeriformes,Plecoglossidae,Plecoglossus altivelis,,PRESERVED_SPECIMEN
25.733333,119.4,CN,Cypriniformes,Cyprinidae,Acrossocheilus hemispinus,,PRESERVED_SPECIMEN
22.117747,113.55085,CN,Perciformes,Gobiidae,Favonigobius reichei,2023,HUMAN_OBSERVATION
24.1784,120.7378,TW,Cypriniformes,Cyprinidae,Carassius auratus,2022,HUMAN_OBSERVATION
25.48607,122.10271,TW,Perciformes,Tripterygiidae,,2025,HUMAN_OBSERVATION
23.04056,121.17747,TW,Perciformes,Gobiidae,Rhinogobius gigas,2015,OCCURRENCE
22.97389,121.16508,TW,Perciformes,Gobiidae,Rhinogobius candidianus,2022,HUMAN_OBSERVATION
25,121.88,TW,Cypriniformes,Balitoridae,Formosania lacustre,1999,OCCURRENCE
23.839837,120.803108,TW,Cypriniformes,Cyprinidae,Candidia barbata,2025,HUMAN_OBSERVATION
19.22,109.45,CN,Cypriniformes,Cyprinidae,Culter recurviceps,2019,PRESERVED_SPECIMEN
36.2777,90.8751,CN,Perciformes,Percidae,Percina uranidea,,MATERIAL_SAMPLE
24.13406,120.73939,TW,Cypriniformes,Cyprinidae,Opsariichthys pachycephalus,2005,OCCURRENCE
24.0638,120.9574,TW,Cypriniformes,Cyprinidae,Opsariichthys pachycephalus,2023,HUMAN_OBSERVATION
24.91274,121.53749,TW,Perciformes,Gobiidae,Rhinogobius similis,2022,HUMAN_OBSERVATION
23.41114,120.54792,TW,Cypriniformes,Cyprinidae,Opsariichthys pachycephalus,2022,HUMAN_OBSERVATION
23.484355,120.553891,TW,Cypriniformes,Cyprinidae,Opsariichthys pachycephalus,2023,HUMAN_OBSERVATION
22.91461,120.22462,TW,Perciformes,Cichlidae,Oreochromis niloticus,2022,HUMAN_OBSERVATION
23.47569,121.35747,TW,Perciformes,Gobiidae,Rhinogobius gigas,2005,OCCURRENCE
23.05,121.22,TW,Perciformes,Trichiuridae,,2008,PRESERVED_SPECIMEN
23.206319,121.288639,TW,Perciformes,Cichlidae,,2022,HUMAN_OBSERVATION
24.78545,121.17556,TW,Cypriniformes,Cyprinidae,Opsariichthys pachycephalus,2014,OCCURRENCE
23.01564,121.16329,TW,Perciformes,Gobiidae,Sicyopterus japonicus,2002,OCCURRENCE
23.593833,119.698817,TW,Anguilliformes,Muraenidae,,2018,PRESERVED_SPECIMEN
24.71801,121.70561,TW,Cypriniformes,Cobitidae,Cobitis sinensis,2018,HUMAN_OBSERVATION
23.118403,120.088635,TW,Perciformes,Haemulidae,Pomadasys argenteus,2019,HUMAN_OBSERVATION
22.97481,121.17123,TW,Cypriniformes,Cyprinidae,Spinibarbus hollandi,2002,OCCURRENCE
25.228737,121.625869,TW,Cypriniformes,Cyprinidae,Acrossocheilus paradoxus,2022,HUMAN_OBSERVATION
23.6638,120.692,TW,Cypriniformes,Cyprinidae,Onychostoma barbatulum,2017,OCCURRENCE
23.68,117.51,CN,Gasterosteiformes,Pegasidae,Pegasus volitans,2012,PRESERVED_SPECIMEN
23.45808,120.45783,TW,Perciformes,Cichlidae,Oreochromis niloticus,2022,HUMAN_OBSERVATION
21.065,109.096,CN,Osmeriformes,Osmeridae,Hypomesus nipponensis,2023,MATERIAL_SAMPLE
24.8,121.8,TW,Perciformes,Ambassidae,Ambassis macracanthus,2019,HUMAN_OBSERVATION
25.161515,121.430442,TW,Perciformes,Haemulidae,Pomadasys kaakan,2025,HUMAN_OBSERVATION
21.620519,111.782052,CN,Perciformes,Carangidae,Trachinotus blochii,2024,HUMAN_OBSERVATION
24.05432,120.8872,TW,Siluriformes,Bagridae,Pseudobagrus brevianalis,2004,OCCURRENCE
24.909867,121.71283,TW,Cypriniformes,Cyprinidae,Candidia barbata,2018,HUMAN_OBSERVATION
22.399651,114.308741,HK,Perciformes,Scatophagidae,Scatophagus argus,2025,HUMAN_OBSERVATION
23.731233,120.523159,TW,Perciformes,Cichlidae,,2023,HUMAN_OBSERVATION
24.94,121.9,TW,Scorpaeniformes,Platycephalidae,Cociella crocodilus,1991,HUMAN_OBSERVATION
24.71123,121.716408,TW,Synbranchiformes,Synbranchidae,Monopterus albus,2024,HUMAN_OBSERVATION
22.97389,121.16508,TW,Perciformes,Gobiidae,Sicyopterus japonicus,2022,HUMAN_OBSERVATION
23.39686,120.41903,TW,Cyprinodontiformes,Poeciliidae,Gambusia affinis,2023,HUMAN_OBSERVATION
25.31666,98.3,CN,Cypriniformes,Cyprinidae,Garra qiaojiensis,1934,PRESERVED_SPECIMEN
23.43178,120.46367,TW,Perciformes,Gobiidae,Rhinogobius candidianus,2022,HUMAN_OBSERVATION
23.114808,120.098873,TW,Clupeiformes,Clupeidae,Konosirus punctatus,2020,HUMAN_OBSERVATION
23.14,120.43,TW,Perciformes,Gobiidae,Rhinogobius maculafasciatus,2015,OCCURRENCE
24.718008,121.705589,TW,Cypriniformes,Cobitidae,Cobitis sinensis,2018,HUMAN_OBSERVATION
22.466667,120.45,TW,Ateleopodiformes,Ateleopodidae,,2012,PRESERVED_SPECIMEN
19.12,108.65,CN,Clupeiformes,Pristigasteridae,Ilisha elongata,,PRESERVED_SPECIMEN
22.325535,114.353974,HK,Tetraodontiformes,Tetraodontidae,Arothron stellatus,2024,HUMAN_OBSERVATION
24.598758,121.864094,TW,Perciformes,Acanthuridae,Naso hexacanthus,2005,PRESERVED_SPECIMEN
25.137662,121.802631,TW,Perciformes,Scatophagidae,Scatophagus argus,2025,HUMAN_OBSERVATION
24.72518,121.724188,TW,Cypriniformes,Cyprinidae,Opsariichthys pachycephalus,2018,HUMAN_OBSERVATION
22.1,120.75,TW,Anguilliformes,Congridae,,1988,PRESERVED_SPECIMEN
25.11601,121.46373,TW,Mugiliformes,Mugilidae,Planiliza macrolepis,2023,HUMAN_OBSERVATION
29.166667,112.833333,CN,Cypriniformes,Cobitidae,Cobitis macrostigma,,PRESERVED_SPECIMEN
23.6347,120.49771,TW,Perciformes,Cichlidae,,2024,HUMAN_OBSERVATION
25.11642,114.3007,CN,Cypriniformes,Cyprinidae,Culter recurviceps,2021,PRESERVED_SPECIMEN
23.270459,121.289638,TW,Perciformes,Cichlidae,,2021,HUMAN_OBSERVATION
23.41192,120.54764,TW,Cypriniformes,Cyprinidae,Opsariichthys pachycephalus,2023,HUMAN_OBSERVATION
23.169801,121.244863,TW,Perciformes,Gobiidae,Rhinogobius candidianus,2022,HUMAN_OBSERVATION
23.13,121.17,TW,Cypriniformes,Cyprinidae,Onychostoma alticorpus,2022,HUMAN_OBSERVATION
22.44,120.47,TW,Perciformes,Carangidae,Caranx papuensis,2004,OCCURRENCE
23.08,120.5,TW,Perciformes,Gobiidae,Rhinogobius nantaiensis,2014,OCCURRENCE
26,121,CN,Myctophiformes,Myctophidae,,1972,PRESERVED_SPECIMEN
28.71666,109.61666,CN,Siluriformes,Bagridae,Pseudobagrus vachellii,2002,PRESERVED_SPECIMEN
24.71,121.83,TW,Perciformes,Gobiidae,,2005,OCCURRENCE
23.15691,121.23763,TW,Perciformes,Gobiidae,Rhinogobius candidianus,2004,OCCURRENCE
24.212877,121.029764,TW,Perciformes,Gobiidae,Rhinogobius candidianus,2022,HUMAN_OBSERVATION
23.09,120.48,TW,Cypriniformes,Cyprinidae,Hypsibarbus pierrei,2014,OCCURRENCE
25.03811,121.32214,TW,Cypriniformes,Cyprinidae,Candidia barbata,2023,HUMAN_OBSERVATION
25.21996,121.60235,TW,Cypriniformes,Cyprinidae,Candidia barbata,2022,HUMAN_OBSERVATION
22.97183,121.16548,TW,Cypriniformes,Cyprinidae,Paratanakia himantegus,2023,HUMAN_OBSERVATION
23.439,120.60558,TW,Cypriniformes,Cyprinidae,Opsariichthys pachycephalus,2023,HUMAN_OBSERVATION
28.866617,112.619813,CN,Cypriniformes,Cobitidae,Cobitis taenia,,PRESERVED_SPECIMEN
23.89,106.62,CN,Cypriniformes,Cyprinidae,Ancherythroculter lini,2019,PRESERVED_SPECIMEN
21.035,109.148,CN,Perciformes,Sparidae,Acanthopagrus latus,2023,MATERIAL_SAMPLE
25.0082,121.689,TW,Cypriniformes,Cyprinidae,Acrossocheilus paradoxus,2016,OCCURRENCE
23.206319,121.288639,TW,Cypriniformes,Cyprinidae,Opsariichthys pachycephalus,2022,HUMAN_OBSERVATION
22.90609,121.14804,TW,Perciformes,Gobiidae,Rhinogobius candidianus,2023,HUMAN_OBSERVATION
24.07996,120.66633,TW,Perciformes,Gobiidae,Rhinogobius candidianus,2023,HUMAN_OBSERVATION
24.96381,121.16314,TW,Cyprinodontiformes,Poeciliidae,Gambusia affinis,2009,HUMAN_OBSERVATION
19.533333,109.583333,CN,Cypriniformes,Cyprinidae,Metzia lineata,,PRESERVED_SPECIMEN
24.08134,120.99071,TW,Cypriniformes,Cyprinidae,Acrossocheilus paradoxus,2021,HUMAN_OBSERVATION
24.74,121.09,TW,Cypriniformes,Cyprinidae,Spinibarbus hollandi,2015,OCCURRENCE
23.46655,121.49594,TW,Perciformes,Eleotridae,Eleotris fusca,2022,HUMAN_OBSERVATION
23.63535,120.491939,TW,Perciformes,Channidae,Channa striata,2025,HUMAN_OBSERVATION
22.450112,114.135402,HK,Cypriniformes,Cyprinidae,Acrossocheilus beijiangensis,2016,HUMAN_OBSERVATION
23.2778,120.169669,TW,Perciformes,Gobiidae,Boleophthalmus pectinirostris,2023,HUMAN_OBSERVATION
24.548753,118.103201,CN,Pleuronectiformes,Pleuronectidae,Kareius bicoloratus,2023,HUMAN_OBSERVATION
23.48634,121.40422,TW,Perciformes,Gobiidae,Rhinogobius gigas,2022,HUMAN_OBSERVATION
23.49618,120.51628,TW,Cypriniformes,Cyprinidae,Opsariichthys pachycephalus,2023,HUMAN_OBSERVATION
24.70422,121.17744,TW,Cypriniformes,Cyprinidae,Acrossocheilus paradoxus,2022,HUMAN_OBSERVATION
25.2,118.89,CN,Clupeiformes,Engraulidae,Coilia grayii,2017,MATERIAL_SAMPLE
30.920894,121.975678,CN,Perciformes,Gobiidae,Periophthalmus modestus,2022,HUMAN_OBSERVATION
23.43186,120.46369,TW,Cypriniformes,Cyprinidae,Opsariichthys pachycephalus,2023,HUMAN_OBSERVATION
25.211511,121.698828,TW,Perciformes,Scaridae,,2010,HUMAN_OBSERVATION
22.89501,120.54881,TW,Cypriniformes,Cyprinidae,Zacco platypus,2006,OCCURRENCE
23.385596,121.343008,TW,Perciformes,Cichlidae,Coptodon zillii,2022,HUMAN_OBSERVATION
22.97,121.17,TW,Cypriniformes,Cyprinidae,Onychostoma alticorpus,2022,HUMAN_OBSERVATION
22.87311,120.48594,TW,Perciformes,Gobiidae,Rhinogobius maculafasciatus,2023,HUMAN_OBSERVATION
25.486275,122.103947,TW,Perciformes,Pomacentridae,Stegastes altus,2021,HUMAN_OBSERVATION
23.1346,120.0717,TW,Perciformes,Haemulidae,Pomadasys kaakan,2022,MATERIAL_SAMPLE
25.08344,121.74839,TW,Cypriniformes,Cyprinidae,Onychostoma barbatulum,2010,HUMAN_OBSERVATION
24.67568,120.94928,TW,Cypriniformes,Cyprinidae,Carassius auratus,2015,OCCURRENCE
22.54217,120.50369,TW,Beloniformes,Zenarchopteridae,Dermogenys siamensis,2022,HUMAN_OBSERVATION
36.098629,120.530708,CN,Gadiformes,Gadidae,Gadus macrocephalus,2026,HUMAN_OBSERVATION
23.45578,120.48764,TW,Perciformes,Gobiidae,Rhinogobius maculafasciatus,2023,HUMAN_OBSERVATION
23.206319,121.288639,TW,Cypriniformes,Cyprinidae,Acrossocheilus paradoxus,2022,HUMAN_OBSERVATION
24.1784,120.7378,TW,Cypriniformes,Cyprinidae,Opsariichthys pachycephalus,2022,HUMAN_OBSERVATION
24.53689,120.816,TW,Cypriniformes,Cobitidae,Cobitis sinensis,2023,HUMAN_OBSERVATION
23.5225,120.5456,TW,Perciformes,Gobiidae,Rhinogobius candidianus,2023,HUMAN_OBSERVATION
24.16927,120.70553,TW,Perciformes,Cichlidae,Oreochromis niloticus,2021,HUMAN_OBSERVATION
22.46,120.46,TW,Scorpaeniformes,Peristediidae,Peristedion nierstraszi,1985,PRESERVED_SPECIMEN
24.56067,121.22296,TW,Perciformes,Gobiidae,Rhinogobius candidianus,2022,HUMAN_OBSERVATION
23.396963,120.419081,TW,Cyprinodontiformes,Poeciliidae,Poecilia reticulata,2021,HUMAN_OBSERVATION
22.91895,120.18426,TW,Mugiliformes,Mugilidae,Planiliza macrolepis,2023,HUMAN_OBSERVATION
19.533333,109.583333,CN,Cypriniformes,Cyprinidae,Rhodeus spinalis,,PRESERVED_SPECIMEN
23.45736,120.45731,TW,Anguilliformes,Anguillidae,Anguilla marmorata,2022,HUMAN_OBSERVATION
36.364305,120.70025,CN,Pleuronectiformes,Pleuronectidae,Kareius bicoloratus,2023,HUMAN_OBSERVATION
22.381458,114.221145,HK,Cypriniformes,Balitoridae,Pseudogastromyzon myersi,2020,HUMAN_OBSERVATION
23.114808,120.098873,TW,Perciformes,Sparidae,Acanthopagrus pacificus,2016,HUMAN_OBSERVATION
22.1847,120.675,TW,Perciformes,Carangidae,Scomberoides tol,2012,MATERIAL_SAMPLE
23.39714,120.41908,TW,Cyprinodontiformes,Poeciliidae,Gambusia affinis,2023,HUMAN_OBSERVATION
36.05248,120.390565,CN,Perciformes,Gobiidae,Tridentiger trigonocephalus,2026,HUMAN_OBSERVATION
22.300862,114.168857,HK,Cypriniformes,Cyprinidae,Cyprinus rubrofuscus,2022,HUMAN_OBSERVATION
22.65,120.4,TW,Gadiformes,Bregmacerotidae,,2018,PRESERVED_SPECIMEN
39.989166,99.472778,CN,Perciformes,Centrarchidae,Lepomis humilis,1996,PRESERVED_SPECIMEN
21.75,113.25,CN,Mugiliformes,Mugilidae,Osteomugil cunnesius,2015,PRESERVED_SPECIMEN
22.51614,114.124453,HK,Siluriformes,Loricariidae,,2018,HUMAN_OBSERVATION
23.106405,113.236095,CN,Perciformes,Osphronemidae,Macropodus opercularis,1921,PRESERVED_SPECIMEN
29.583333,103.533333,CN,Cypriniformes,Cyprinidae,Opsariichthys bidens,,PRESERVED_SPECIMEN
25.03592,121.48261,TW,Siluriformes,Clariidae,Clarias batrachus,2022,HUMAN_OBSERVATION
22.71,120.65,TW,Perciformes,Gobiidae,Rhinogobius nantaiensis,2019,OCCURRENCE
25.2,121.68,TW,Perciformes,Gobiidae,Bathygobius fuscus,1968,PRESERVED_SPECIMEN
21.25,113.75,CN,Perciformes,Terapontidae,Rhynchopelates oxyrhynchus,2014,PRESERVED_SPECIMEN
18.235,109.347,CN,Clupeiformes,Clupeidae,,,OCCURRENCE
24.19867,120.63522,TW,Perciformes,Cichlidae,Oreochromis niloticus,2021,HUMAN_OBSERVATION
23.17,120.26,TW,Mugiliformes,Mugilidae,Planiliza macrolepis,2015,OCCURRENCE
24.55963,120.85948,TW,Cypriniformes,Cyprinidae,Carassius auratus,2012,OCCURRENCE
23.079322,113.1792,CN,Cypriniformes,Cyprinidae,Elopichthys bambusa,2021,HUMAN_OBSERVATION
36.181091,120.276932,CN,Perciformes,Sciaenidae,Sciaenops ocellatus,2025,HUMAN_OBSERVATION
31.350414,118.446982,CN,Cyprinodontiformes,Poeciliidae,Gambusia affinis,2026,HUMAN_OBSERVATION
24.66967,121.11412,TW,Cypriniformes,Cyprinidae,Onychostoma barbatulum,2005,OCCURRENCE
29.97,113.93,CN,Cypriniformes,Cobitidae,Misgurnus anguillicaudatus,2017,MATERIAL_SAMPLE
24.720691,121.720009,TW,Cypriniformes,Cyprinidae,Systomus rubripinnis,2018,HUMAN_OBSERVATION
22.53,114.63,CN,Clupeiformes,Engraulidae,Thryssa mystax,2021,MATERIAL_SAMPLE
16.846121,112.340399,CN,Perciformes,Lethrinidae,Lethrinus harak,2025,HUMAN_OBSERVATION
22.95969,120.52211,TW,Perciformes,Gobiidae,Sicyopterus japonicus,2023,HUMAN_OBSERVATION
24.85206,121.00249,TW,Perciformes,Cichlidae,Coptodon zillii,2023,HUMAN_OBSERVATION
23.93,120.72,TW,Cypriniformes,Balitoridae,Sinogastromyzon puliensis,2020,HUMAN_OBSERVATION
20.7352,116.7914,TW,Perciformes,Siganidae,Siganus virgatus,2005,HUMAN_OBSERVATION
22.395635,114.206437,HK,Perciformes,Gobiidae,Rhinogobius duospilus,1932,PRESERVED_SPECIMEN
23.11,120.48,TW,Siluriformes,Bagridae,Tachysurus adiposalis,2014,OCCURRENCE
24.9993,121.609,TW,Cypriniformes,Cyprinidae,Zacco platypus,2016,OCCURRENCE
25.2658,99.3003,CN,Stomiiformes,Gonostomatidae,,,MATERIAL_SAMPLE
23.05318,120.06981,TW,Perciformes,Scatophagidae,Scatophagus argus,2004,OCCURRENCE
25.2,121.67,TW,Perciformes,Carangidae,Carangoides armatus,2007,OCCURRENCE
23.88093,121.54253,TW,Perciformes,Gobiidae,Sicyopterus japonicus,2003,OCCURRENCE
23.41508,120.5065,TW,Cypriniformes,Cyprinidae,Opsariichthys pachycephalus,2023,HUMAN_OBSERVATION
21.93,120.73,TW,Perciformes,Gobiidae,Istigobius ornatus,1975,OCCURRENCE
25.0082,121.689,TW,Cypriniformes,Cyprinidae,Acrossocheilus paradoxus,2016,OCCURRENCE
23.43139,120.4635,TW,Perciformes,Cichlidae,Oreochromis niloticus,2023,HUMAN_OBSERVATION
38.073254,104.69114,CN,Perciformes,Eleotridae,Eleotris fusca,,MATERIAL_SAMPLE
22.70555,120.66177,TW,Cypriniformes,Cyprinidae,Gobiobotia kolleri,2019,OCCURRENCE
24.15673,120.62178,TW,Perciformes,Cichlidae,Oreochromis niloticus,2005,OCCURRENCE
23.81,120.85,TW,Cypriniformes,Balitoridae,Formosania lacustre,2001,OCCURRENCE
24.16338,121.17829,TW,Siluriformes,Bagridae,Pseudobagrus brevianalis,2005,OCCURRENCE
22.48,120.46,TW,Anguilliformes,Anguillidae,Anguilla japonica,1985,OCCURRENCE
23.98133,120.91608,TW,Cypriniformes,Cyprinidae,Aphyocypris moltrechti,2007,PRESERVED_SPECIMEN
23.206319,121.288639,TW,Perciformes,Cichlidae,,2022,HUMAN_OBSERVATION
25.377722,98.206444,CN,Siluriformes,Sisoridae,Pseudexostoma yunnanense,2006,PRESERVED_SPECIMEN
24.24,99.08,CN,Cypriniformes,Cyprinidae,Garra salweenica,2012,PRESERVED_SPECIMEN
23.29168,120.1444,TW,Clupeiformes,Engraulidae,Thryssa hamiltonii,2013,OCCURRENCE
23.894444,120.710833,TW,Perciformes,Cichlidae,Oreochromis niloticus,2021,HUMAN_OBSERVATION
23.66227,121.43357,TW,Perciformes,Gobiidae,Rhinogobius gigas,2022,HUMAN_OBSERVATION
23.68,120.49,TW,Cypriniformes,Cyprinidae,Gobiobotia cheni,2023,HUMAN_OBSERVATION
24.975925,121.657431,TW,Cypriniformes,Cyprinidae,Candidia barbata,2023,HUMAN_OBSERVATION
41.77888,100.52493,CN,Cypriniformes,Catostomidae,Catostomus commersonii,2008,PRESERVED_SPECIMEN
24.14,120.35,TW,Perciformes,Leiognathidae,Leiognathus berbis,2002,HUMAN_OBSERVATION
28.139302,113.07411,CN,Perciformes,Osphronemidae,Macropodus opercularis,2026,HUMAN_OBSERVATION
24.77415,121.06543,TW,Cypriniformes,Cyprinidae,Acrossocheilus paradoxus,2004,OCCURRENCE
23.554752,120.161862,TW,Perciformes,Cichlidae,,2014,HUMAN_OBSERVATION
31.254384,121.560258,CN,Perciformes,Gobiidae,Rhinogobius similis,2026,HUMAN_OBSERVATION
20.6,110.2,CN,Perciformes,Gobiidae,Sicyopterus lagocephalus,2015,PRESERVED_SPECIMEN
25.116,121.46373,TW,Perciformes,Cichlidae,Oreochromis niloticus,2022,HUMAN_OBSERVATION
23.32856,120.25239,TW,Mugiliformes,Mugilidae,Planiliza macrolepis,2023,HUMAN_OBSERVATION
22.405487,113.811597,CN,Perciformes,Gobiidae,Boleophthalmus pectinirostris,2018,HUMAN_OBSERVATION
23.47009,121.483668,TW,Perciformes,Eleotridae,Eleotris fusca,2021,HUMAN_OBSERVATION
24.94111,121.90086,TW,Syngnathiformes,Fistulariidae,Fistularia petimba,2009,PRESERVED_SPECIMEN
19.39,109.55,CN,Cypriniformes,Cyprinidae,Culter recurviceps,2019,PRESERVED_SPECIMEN
23.826886,120.801552,TW,Cyprinodontiformes,Poeciliidae,Gambusia affinis,2025,HUMAN_OBSERVATION
22.253995,113.86213,HK,Clupeiformes,Clupeidae,Hilsa kelee,2021,HUMAN_OBSERVATION
24.76887,120.95785,TW,Siluriformes,Loricariidae,,2026,HUMAN_OBSERVATION
23.92416,108.10444,CN,Cypriniformes,Cyprinidae,Pseudorasbora parva,2003,PRESERVED_SPECIMEN
24.737547,121.738775,TW,Siluriformes,Loricariidae,,2021,HUMAN_OBSERVATION
23.05,121.22,TW,Perciformes,Carangidae,Carangoides ferdau,2009,PRESERVED_SPECIMEN
25.0685,121.653,TW,Clupeiformes,Clupeidae,Hilsa kelee,2017,OCCURRENCE
21.58,108.49,CN,Siluriformes,Ariidae,Plicofollis polystaphylodon,,MATERIAL_SAMPLE
23.49403,120.54678,TW,Cypriniformes,Cyprinidae,Opsariichthys pachycephalus,2023,HUMAN_OBSERVATION
24.422806,118.405397,TW,Perciformes,Gobiidae,Favonigobius gymnauchen,2019,PRESERVED_SPECIMEN
25.091045,121.686964,TW,Perciformes,Cichlidae,Geophagus brasiliensis,2024,HUMAN_OBSERVATION
22.12745,120.75255,TW,Cypriniformes,Cyprinidae,Opsariichthys pachycephalus,2012,OCCURRENCE
23.258614,121.298213,TW,Cypriniformes,Cyprinidae,Opsariichthys pachycephalus,2022,HUMAN_OBSERVATION
22.468802,113.980168,CN,Cypriniformes,Cyprinidae,Acrossocheilus parallens,1926,PRESERVED_SPECIMEN
22.29,120.17,TW,Scorpaeniformes,Setarchidae,Setarches longimanus,,HUMAN_OBSERVATION
25.0685,121.653,TW,Clupeiformes,Clupeidae,Hilsa kelee,2016,OCCURRENCE
23.394131,121.333941,TW,Cypriniformes,Cyprinidae,Acrossocheilus paradoxus,2021,HUMAN_OBSERVATION
22.366667,113.908333,CN,Clupeiformes,Engraulidae,Coilia mystus,1958,PRESERVED_SPECIMEN
21.074,111.557,CN,Perciformes,Sparidae,Acanthopagrus latus,2007,MATERIAL_SAMPLE
24.19867,120.63522,TW,Perciformes,Cichlidae,Oreochromis niloticus,2021,HUMAN_OBSERVATION
24.18631,120.74316,TW,Siluriformes,Bagridae,Pseudobagrus brevianalis,2005,OCCURRENCE
23.05,120.07,TW,Tetraodontiformes,Tetraodontidae,Arothron hispidus,2015,OCCURRENCE
23.652505,120.309852,TW,Synbranchiformes,Synbranchidae,Monopterus albus,2020,HUMAN_OBSERVATION
24.422806,118.405397,TW,Mugiliformes,Mugilidae,,2019,PRESERVED_SPECIMEN
22.97411,121.16531,TW,Perciformes,Gobiidae,Rhinogobius candidianus,2022,HUMAN_OBSERVATION
27.676139,98.717417,CN,Cypriniformes,Cyprinidae,Placocheilus cryptonemus,2000,PRESERVED_SPECIMEN
23.131518,120.07303,TW,Scorpaeniformes,Scorpaenidae,,2011,PRESERVED_SPECIMEN
22.344964,120.389808,TW,Perciformes,Scaridae,,2014,HUMAN_OBSERVATION
21.943004,120.774427,TW,Myctophiformes,Myctophidae,,2014,PRESERVED_SPECIMEN
24.02,120.63,TW,Cypriniformes,Balitoridae,Sinogastromyzon puliensis,2020,HUMAN_OBSERVATION
23.391817,121.304194,TW,Cypriniformes,Cyprinidae,Opsariichthys pachycephalus,2021,HUMAN_OBSERVATION
23.93035,121.5382,TW,Perciformes,Gobiidae,Sicyopterus japonicus,2018,OCCURRENCE
24.785026,120.679603,TW,Perciformes,Carangidae,Scomberoides tol,2021,PRESERVED_SPECIMEN
23.465925,121.401272,TW,Cypriniformes,Cobitidae,Cobitis sinensis,2022,HUMAN_OBSERVATION
25.3653,121.6794,TW,Scorpaeniformes,Platycephalidae,,2008,PRESERVED_SPECIMEN
23.29612,121.26517,TW,Cypriniformes,Cyprinidae,Acrossocheilus paradoxus,2022,HUMAN_OBSERVATION
22.243376,113.975349,HK,Perciformes,Gobiidae,Periophthalmus modestus,2017,HUMAN_OBSERVATION
24.798425,121.739221,TW,Perciformes,Cichlidae,Coptodon zillii,2025,HUMAN_OBSERVATION
23.7029,120.1022,TW,Perciformes,Sciaenidae,Johnius borneensis,2014,HUMAN_OBSERVATION
23.462614,120.471183,TW,Cypriniformes,Cyprinidae,Carassius cuvieri,2021,HUMAN_OBSERVATION
22.4889,114.489,CN,Scorpaeniformes,Platycephalidae,,1958,PRESERVED_SPECIMEN
20.31,109.86,CN,Perciformes,Leiognathidae,Gazza minuta,2006,PRESERVED_SPECIMEN
22.56436,120.53975,TW,Cypriniformes,Cobitidae,Cobitis sinensis,2023,HUMAN_OBSERVATION
20.05,111.95,CN,Beloniformes,Exocoetidae,,1958,PRESERVED_SPECIMEN
24.85205,121.00274,TW,Perciformes,Cichlidae,Coptodon zillii,2023,HUMAN_OBSERVATION
22.216092,113.546203,MO,Perciformes,Cichlidae,Oreochromis niloticus,2026,HUMAN_OBSERVATION
23.426703,121.34703,TW,Cypriniformes,Cyprinidae,Onychostoma barbatulum,2022,HUMAN_OBSERVATION
20.767,110.675,CN,Beloniformes,,,2006,MATERIAL_SAMPLE
24.46693,120.88619,TW,Perciformes,Gobiidae,Rhinogobius candidianus,2023,HUMAN_OBSERVATION
38.073254,104.69114,CN,Perciformes,Serranidae,,,MATERIAL_SAMPLE
22.299794,114.318684,HK,Tetraodontiformes,Tetraodontidae,Arothron stellatus,2026,HUMAN_OBSERVATION
22.13,120.75,TW,Perciformes,Gobiidae,Rhinogobius henchuenensis,2012,OCCURRENCE
20.026173,110.573924,CN,Perciformes,Rachycentridae,Rachycentron canadum,2025,HUMAN_OBSERVATION
22.12761,120.77861,TW,Perciformes,Gobiidae,Rhinogobius similis,2022,HUMAN_OBSERVATION
18.792117,108.808525,CN,Cypriniformes,Cyprinidae,Aphyocypris normalis,2026,HUMAN_OBSERVATION
23.258614,121.298213,TW,Perciformes,Cichlidae,,2022,HUMAN_OBSERVATION
22.97481,121.17123,TW,Perciformes,Gobiidae,Rhinogobius candidianus,2002,OCCURRENCE
24.7081,121.835,TW,Perciformes,Gobiidae,Periophthalmus modestus,1900,MATERIAL_SAMPLE
23.05463,121.1992,TW,Cypriniformes,Cyprinidae,Opsariichthys pachycephalus,2023,HUMAN_OBSERVATION
20.83,115.98,TW,Torpediniformes,Narcinidae,,1993,OCCURRENCE
22.338,106.853,CN,Cypriniformes,Cyprinidae,Hemiculter leucisculus,2012,MATERIAL_SAMPLE
24.43,118.11,CN,Anguilliformes,Muraenesocidae,Muraenesox cinereus,,MATERIAL_SAMPLE
20.25,112.75,CN,Perciformes,Apogonidae,Ostorhinchus semilineatus,2015,MATERIAL_SAMPLE
23.553797,120.16401,TW,Mugiliformes,Mugilidae,Planiliza macrolepis,2024,HUMAN_OBSERVATION
24.257437,121.241239,TW,Salmoniformes,Salmonidae,Oncorhynchus formosanus,2025,HUMAN_OBSERVATION
28.68385,115.96584,CN,Cyprinodontiformes,Poeciliidae,Gambusia affinis,2025,HUMAN_OBSERVATION
24.689,121.75319,TW,Perciformes,Gobiidae,Awaous melanocephalus,2022,HUMAN_OBSERVATION
23.39717,120.41911,TW,Cyprinodontiformes,Poeciliidae,Poecilia reticulata,2022,HUMAN_OBSERVATION
23.09,120.59,TW,Perciformes,Gobiidae,Rhinogobius nantaiensis,2022,HUMAN_OBSERVATION
23.114808,120.098873,TW,Perciformes,Gerreidae,Gerres shima,2016,HUMAN_OBSERVATION
22.99,120.55,TW,Cypriniformes,Balitoridae,Sinogastromyzon nantaiensis,2023,HUMAN_OBSERVATION
24.82287,120.99868,TW,Cypriniformes,Cyprinidae,Spinibarbus hollandi,2022,HUMAN_OBSERVATION
25.134298,121.824367,TW,Perciformes,Gobiidae,Bathygobius cocosensis,2021,HUMAN_OBSERVATION
25.0824,121.825,TW,Cypriniformes,Cyprinidae,Acrossocheilus paradoxus,2016,OCCURRENCE
23.51328,120.3603,TW,Perciformes,Osphronemidae,Trichopodus trichopterus,2015,OCCURRENCE
22.387952,114.200715,HK,Mugiliformes,Mugilidae,Mugil cephalus,2019,HUMAN_OBSERVATION
22.235181,113.947031,HK,Cypriniformes,Balitoridae,Pseudogastromyzon myersi,2020,HUMAN_OBSERVATION
39.358612,97.127502,CN,Cypriniformes,Cyprinidae,Notropis atherinoides,1995,PRESERVED_SPECIMEN
25.10853,121.45755,TW,Perciformes,Cichlidae,Oreochromis niloticus,2015,OCCURRENCE
23.963445,120.785713,TW,Cypriniformes,Cyprinidae,Candidia barbata,2025,HUMAN_OBSERVATION
30.57505,104.078108,CN,Siluriformes,Sisoridae,Pareuchiloglanis anteanalis,,PRESERVED_SPECIMEN
27.67,98.73,CN,Cypriniformes,Cyprinidae,Schizopyge nukiangensis,2012,PRESERVED_SPECIMEN
23.832992,120.795753,TW,Cypriniformes,Cyprinidae,Spinibarbus hollandi,2023,HUMAN_OBSERVATION
24.71,121.83,TW,Perciformes,Gobiidae,Sicyopterus japonicus,2004,OCCURRENCE
23.48634,121.40422,TW,Perciformes,Cichlidae,Oreochromis niloticus,2022,HUMAN_OBSERVATION
24.03377,120.84611,TW,Cypriniformes,Cyprinidae,Spinibarbus hollandi,2022,HUMAN_OBSERVATION
24.08102,120.66647,TW,Cypriniformes,Cyprinidae,Paratanakia himantegus,2023,HUMAN_OBSERVATION
23.124482,120.074022,TW,Perciformes,Carangidae,Caranx sexfasciatus,2019,HUMAN_OBSERVATION
24.58,121.86,TW,Beryciformes,Holocentridae,Ostichthys sheni,2005,OCCURRENCE
23.94,121.61,TW,Perciformes,Trichiuridae,,,MATERIAL_SAMPLE
27.4,98.83,CN,Cypriniformes,Cyprinidae,Placocheilus cryptonemus,2012,PRESERVED_SPECIMEN
21.725333,107.79617,CN,Osmeriformes,Plecoglossidae,Plecoglossus altivelis,2016,HUMAN_OBSERVATION
23.09183,112.54185,CN,Cypriniformes,Cyprinidae,Xenocypris davidi,2023,PRESERVED_SPECIMEN
23.45155,120.49891,TW,Cypriniformes,Cyprinidae,Candidia barbata,2006,OCCURRENCE
25.66567,114.748764,CN,Cypriniformes,Cyprinidae,Cyprinus rubrofuscus,2026,HUMAN_OBSERVATION
23.76352,120.72361,TW,Cypriniformes,Cyprinidae,Candidia barbata,2005,OCCURRENCE
23.63,120.66,TW,Cypriniformes,Cyprinidae,Onychostoma alticorpus,2023,HUMAN_OBSERVATION
23.13,120.2,TW,Cypriniformes,Cyprinidae,Hypophthalmichthys nobilis,1974,OBSERVATION
21.268833,108.22667,CN,Perciformes,Stromateidae,,2013,MATERIAL_SAMPLE
29.98333,103.08333,CN,Cypriniformes,Nemacheilidae,Triplophysa bleekeri,2002,PRESERVED_SPECIMEN
25.0646,121.07641,TW,Mugiliformes,Mugilidae,Planiliza affinis,2025,HUMAN_OBSERVATION
23.38,120.65,TW,Perciformes,Gobiidae,Pseudogobius masago,1994,OCCURRENCE
23.09036,120.58794,TW,Cypriniformes,Cyprinidae,Acrossocheilus paradoxus,2022,HUMAN_OBSERVATION
22.62604,120.64203,TW,Cypriniformes,Cyprinidae,Acrossocheilus paradoxus,2005,OCCURRENCE
25.049991,121.497459,TW,Perciformes,Channidae,Channa asiatica,,PRESERVED_SPECIMEN
23.06,120.08,TW,Perciformes,Leiognathidae,Leiognathus equulus,2015,OCCURRENCE
24.85922,120.95164,TW,Perciformes,Cichlidae,Oreochromis niloticus,2023,HUMAN_OBSERVATION
22.97389,121.16508,TW,Perciformes,Gobiidae,Sicyopterus japonicus,2022,HUMAN_OBSERVATION
23.465925,121.401272,TW,Cypriniformes,Cyprinidae,Opsariichthys pachycephalus,2022,HUMAN_OBSERVATION
23.311157,121.248866,TW,Perciformes,Kuhliidae,Kuhlia rupestris,2022,HUMAN_OBSERVATION
23.18774,121.24722,TW,Cypriniformes,Cyprinidae,Rhodeus ocellatus,2005,OCCURRENCE
23.93096,120.75002,TW,Perciformes,Gobiidae,Rhinogobius candidianus,2005,OCCURRENCE
22.62578,120.59667,TW,Perciformes,Cichlidae,Oreochromis niloticus,2022,HUMAN_OBSERVATION
24.81282,121.01107,TW,Perciformes,Gobiidae,Sicyopterus japonicus,2005,OCCURRENCE
23.17152,120.26026,TW,Cypriniformes,Cyprinidae,Hemiculter leucisculus,2004,OCCURRENCE
23.974449,120.884076,TW,Cypriniformes,Cyprinidae,Acrossocheilus paradoxus,2026,HUMAN_OBSERVATION
25.081261,121.585563,TW,Perciformes,Gobiidae,Rhinogobius similis,2025,HUMAN_OBSERVATION
22.62578,120.59667,TW,Cyprinodontiformes,Poeciliidae,Gambusia affinis,2022,HUMAN_OBSERVATION
24.1784,120.7378,TW,Cypriniformes,Cyprinidae,Acrossocheilus paradoxus,2022,HUMAN_OBSERVATION
23.89422,120.71113,TW,Perciformes,Gobiidae,Rhinogobius candidianus,2023,HUMAN_OBSERVATION
23.434889,120.49025,TW,Perciformes,Gobiidae,Rhinogobius candidianus,2023,HUMAN_OBSERVATION
23.49403,120.54678,TW,Cypriniformes,Cyprinidae,Candidia barbata,2023,HUMAN_OBSERVATION
22.65,120.4,TW,Scorpaeniformes,Setarchidae,Setarches longimanus,2018,PRESERVED_SPECIMEN
22.56,120.28,TW,Tetraodontiformes,Tetraodontidae,Takifugu oblongus,1990,HUMAN_OBSERVATION
23.08533,120.13428,TW,Mugiliformes,Mugilidae,Planiliza macrolepis,2022,HUMAN_OBSERVATION
23.4,110.06,CN,Cypriniformes,Cyprinidae,Megalobrama terminalis,2019,PRESERVED_SPECIMEN
23.43108,120.46317,TW,Perciformes,Gobiidae,Rhinogobius maculafasciatus,2023,HUMAN_OBSERVATION
24.85224,121.00369,TW,Perciformes,Cichlidae,Oreochromis niloticus,2023,HUMAN_OBSERVATION
23.458461,120.457814,TW,Perciformes,Cichlidae,Oreochromis niloticus,2020,HUMAN_OBSERVATION
24.02704,120.82695,TW,Cypriniformes,Cyprinidae,Acrossocheilus paradoxus,2021,HUMAN_OBSERVATION
40.01,99.37,CN,Cypriniformes,Cyprinidae,Cyprinus carpio,2007,PRESERVED_SPECIMEN
24.767333,110.448325,CN,Synbranchiformes,Synbranchidae,Monopterus albus,2024,HUMAN_OBSERVATION
25.05029,121.016204,TW,Clupeiformes,Engraulidae,Thryssa kammalensis,2017,PRESERVED_SPECIMEN
38.073254,104.69114,CN,Siluriformes,Sisoridae,Glyptothorax lanceatus,,MATERIAL_SAMPLE
22.315638,114.365341,HK,Tetraodontiformes,Tetraodontidae,Arothron stellatus,2026,HUMAN_OBSERVATION
23.217991,121.270227,TW,Cypriniformes,Cyprinidae,Acrossocheilus paradoxus,2022,HUMAN_OBSERVATION
24.33231,120.55801,TW,Cypriniformes,Cyprinidae,Carassius auratus,2012,OCCURRENCE
24.75,120.36,TW,Pleuronectiformes,Soleidae,Zebrias zebra,2002,OCCURRENCE
22.600097,113.826042,CN,Perciformes,Gobiidae,Periophthalmus modestus,2023,HUMAN_OBSERVATION
19.75,108.08,CN,Perciformes,Carangidae,Selaroides leptolepis,2013,PRESERVED_SPECIMEN
23.18973,120.065444,TW,Clupeiformes,Engraulidae,Thryssa kammalensis,2020,PRESERVED_SPECIMEN
25,121.9,TW,Perciformes,Kuhliidae,Kuhlia rupestris,2017,HUMAN_OBSERVATION
23.12,120.46,TW,Perciformes,Gobiidae,Rhinogobius nantaiensis,2022,HUMAN_OBSERVATION
23.80509,120.84673,TW,Perciformes,Gobiidae,Rhinogobius candidianus,2023,HUMAN_OBSERVATION
24.716445,121.723733,TW,Cypriniformes,Cyprinidae,Opsariichthys pachycephalus,2023,HUMAN_OBSERVATION
23.25737,119.509968,TW,Perciformes,Chaetodontidae,,2013,HUMAN_OBSERVATION
22.08,120.74,TW,Cypriniformes,Cyprinidae,Opsariichthys kaopingensis,2022,HUMAN_OBSERVATION
23.270459,121.289638,TW,Cyprinodontiformes,Poeciliidae,Gambusia affinis,2021,HUMAN_OBSERVATION
23.49719,120.30357,TW,Cyprinodontiformes,Poeciliidae,Gambusia affinis,2023,HUMAN_OBSERVATION
24.07657,120.7254,TW,Cypriniformes,Cyprinidae,Opsariichthys pachycephalus,2022,HUMAN_OBSERVATION
21.95,120.76,TW,Anguilliformes,Muraenidae,Gymnothorax fimbriatus,1988,PRESERVED_SPECIMEN
22.325549,114.386781,HK,Perciformes,Scatophagidae,Scatophagus argus,2021,HUMAN_OBSERVATION
23.89,106.62,CN,Cypriniformes,Cyprinidae,Toxabramis houdemeri,2019,PRESERVED_SPECIMEN
24.48,118.1,CN,Clupeiformes,Clupeidae,,2017,MATERIAL_SAMPLE
24.761,121.075,TW,Cypriniformes,Cyprinidae,Acrossocheilus paradoxus,2021,HUMAN_OBSERVATION
25.04595,121.48511,TW,Perciformes,Gerreidae,Gerres erythrourus,2015,OCCURRENCE
22.90078,120.31005,TW,Cypriniformes,Cyprinidae,Barbonymus gonionotus,2022,HUMAN_OBSERVATION
22.366111,114.296111,HK,Perciformes,Mullidae,,1958,PRESERVED_SPECIMEN
31.19,118.48,CN,Cypriniformes,Cyprinidae,Parabramis pekinensis,1922,PRESERVED_SPECIMEN
24.729672,121.6886,TW,Perciformes,Channidae,Channa striata,2024,HUMAN_OBSERVATION
23.497192,120.303565,TW,Perciformes,Cichlidae,Oreochromis niloticus,2023,HUMAN_OBSERVATION
22.068592,113.471434,MO,Siluriformes,Plotosidae,Plotosus lineatus,2025,HUMAN_OBSERVATION
22.97464,121.16506,TW,Cypriniformes,Cyprinidae,Acrossocheilus paradoxus,2022,HUMAN_OBSERVATION
24.1784,120.7378,TW,Cypriniformes,Cyprinidae,Acrossocheilus paradoxus,2021,HUMAN_OBSERVATION
23.114808,120.098873,TW,Mugiliformes,Mugilidae,Planiliza alata,2018,HUMAN_OBSERVATION
24.7276,121.710395,TW,Cypriniformes,Cyprinidae,Acrossocheilus paradoxus,2023,HUMAN_OBSERVATION
24.601889,98.675194,CN,Cypriniformes,Cyprinidae,Rhodeus ocellatus,2006,PRESERVED_SPECIMEN
29.25,115.1,CN,Cypriniformes,Cobitidae,Misgurnus anguillicaudatus,2017,MATERIAL_SAMPLE
24.78333,110.48333,CN,Cypriniformes,Cyprinidae,Parasinilabeo longicorpus,,PRESERVED_SPECIMEN
24.729612,121.688538,TW,Cyprinodontiformes,Poeciliidae,Xiphophorus hellerii,2025,HUMAN_OBSERVATION
23.89414,120.7113,TW,Perciformes,Gobiidae,Rhinogobius candidianus,2022,HUMAN_OBSERVATION
22.470493,114.005803,HK,Cypriniformes,Cyprinidae,Rhodeus ocellatus,2022,HUMAN_OBSERVATION
19.222,109.45,CN,Cypriniformes,Cyprinidae,,2019,MATERIAL_SAMPLE
23.455583,120.488639,TW,Cypriniformes,Cyprinidae,Opsariichthys pachycephalus,2023,HUMAN_OBSERVATION
23.99,111.72,CN,Cypriniformes,Cyprinidae,Ancherythroculter lini,2019,PRESERVED_SPECIMEN
23.1239,120.45259,TW,Cypriniformes,Cyprinidae,Microphysogobio alticorpus,2022,HUMAN_OBSERVATION
23.768,121.49766,TW,Perciformes,Gobiidae,Sicyopterus japonicus,2022,HUMAN_OBSERVATION
24.71,121.83,TW,Mugiliformes,Mugilidae,Planiliza affinis,2004,OCCURRENCE
24.79,121.03,TW,Cypriniformes,Cyprinidae,Onychostoma alticorpus,2021,HUMAN_OBSERVATION
24.82588,120.97961,TW,Perciformes,Gobiidae,Rhinogobius maculafasciatus,2005,OCCURRENCE
41.03254,98.74066,CN,Perciformes,Centrarchidae,Lepomis humilis,2008,PRESERVED_SPECIMEN
23.60965,120.37163,TW,Siluriformes,Loricariidae,,2023,HUMAN_OBSERVATION
24.08,120.99,TW,Cypriniformes,Balitoridae,Hemimyzon formosanus,2005,OCCURRENCE
24.00033,120.9166,TW,Cypriniformes,Cyprinidae,Acrossocheilus paradoxus,2021,HUMAN_OBSERVATION
23.43108,120.46317,TW,Perciformes,Cichlidae,Oreochromis niloticus,2023,HUMAN_OBSERVATION
30.456313,114.324675,CN,Cypriniformes,Cyprinidae,Hemiculter leucisculus,2024,HUMAN_OBSERVATION
24.79623,121.03617,TW,Cypriniformes,Cyprinidae,Opsariichthys pachycephalus,2004,OCCURRENCE
19.49,107.65,CN,Clupeiformes,Clupeidae,Sardinella jussieu,,PRESERVED_SPECIMEN
23.4,110.06,CN,Siluriformes,Bagridae,Tachysurus virgatus,2018,PRESERVED_SPECIMEN
24.00973,120.63826,TW,Cypriniformes,Cyprinidae,Opsariichthys pachycephalus,2022,HUMAN_OBSERVATION
28,110.18305,CN,Cypriniformes,Cyprinidae,Rhinogobio typus,2002,PRESERVED_SPECIMEN
25.05029,121.016204,TW,Perciformes,Blenniidae,Omobranchus punctatus,2017,PRESERVED_SPECIMEN
25.15821,121.45254,TW,Siluriformes,Ariidae,Arius maculatus,2004,OCCURRENCE
38.073254,104.69114,CN,Cypriniformes,Cyprinidae,Gymnocypris eckloni,,MATERIAL_SAMPLE
23.16,114.31,CN,Cypriniformes,Cyprinidae,Culter recurviceps,2017,PRESERVED_SPECIMEN
24.60877,120.78442,TW,Perciformes,Leiognathidae,Eubleekeria splendens,2022,HUMAN_OBSERVATION
25.4097,110.32552,CN,Cypriniformes,Nemacheilidae,Schistura hingi,2024,HUMAN_OBSERVATION
24.023134,121.578325,TW,Cypriniformes,Cyprinidae,Candidia barbata,2020,HUMAN_OBSERVATION
31.325112,121.482023,CN,Cypriniformes,Cyprinidae,Rhodeus sinensis,2024,HUMAN_OBSERVATION
24.8847,121.283,TW,Cypriniformes,Cyprinidae,Opsariichthys pachycephalus,2016,OCCURRENCE
30.28,112.34,CN,Cypriniformes,Cyprinidae,Hemiculter leucisculus,1908,PRESERVED_SPECIMEN
23.826919,120.899808,TW,Perciformes,Channidae,Channa striata,2025,HUMAN_OBSERVATION
20.778036,116.742752,TW,Perciformes,Pomacentridae,Dischistodus prosopotaenia,2011,PRESERVED_SPECIMEN
24.08134,120.99071,TW,Cypriniformes,Cyprinidae,Opsariichthys pachycephalus,2021,HUMAN_OBSERVATION
24.6211,121.00601,TW,Cypriniformes,Cyprinidae,Acrossocheilus paradoxus,2023,HUMAN_OBSERVATION
22.4651,120.449,TW,Anguilliformes,Ophichthidae,Skythrenchelys zabra,2016,MATERIAL_SAMPLE
29.037154,118.774812,CN,Perciformes,Gobiidae,Rhinogobius lentiginis,2023,HUMAN_OBSERVATION
36.666667,116.933333,CN,Cypriniformes,Cyprinidae,Acanthorhodeus chankaensis,,PRESERVED_SPECIMEN
23.38388,99.69999,CN,Siluriformes,Sisoridae,Glyptothorax macromaculatus,1995,PRESERVED_SPECIMEN
24.23558,120.73916,TW,Perciformes,Gobiidae,Rhinogobius candidianus,2022,HUMAN_OBSERVATION
25.013,121.98767,TW,Cypriniformes,Cyprinidae,Acrossocheilus paradoxus,2010,HUMAN_OBSERVATION
24.13849,120.6197,TW,Perciformes,Cichlidae,Oreochromis niloticus,2021,HUMAN_OBSERVATION
23.55245,120.51948,TW,Cypriniformes,Cyprinidae,Acrossocheilus paradoxus,2007,OCCURRENCE
23.55,119.56,TW,Perciformes,Serranidae,Epinephelus malabaricus,2006,MATERIAL_SAMPLE
24.20333,121.01059,TW,Cypriniformes,Cyprinidae,Acrossocheilus paradoxus,2022,HUMAN_OBSERVATION
23.143842,120.076266,TW,Mugiliformes,Mugilidae,Planiliza macrolepis,2019,HUMAN_OBSERVATION
24.17179,120.8362,TW,Perciformes,Cichlidae,Coptodon zillii,2023,HUMAN_OBSERVATION
22.325942,114.354341,HK,Perciformes,Mullidae,Upeneus tragula,2024,HUMAN_OBSERVATION
25.269016,121.584924,TW,Perciformes,Gobiidae,Rhinogobius candidianus,2022,HUMAN_OBSERVATION
25.231115,121.633359,TW,Perciformes,Cichlidae,Coptodon zillii,2024,HUMAN_OBSERVATION
23.51316,120.36034,TW,Perciformes,Cichlidae,Oreochromis niloticus,2022,HUMAN_OBSERVATION
24.50045,118.1967,CN,Perciformes,Odontobutidae,Micropercops swinhonis,2023,HUMAN_OBSERVATION
38.073254,104.69114,CN,Syngnathiformes,Syngnathidae,Syngnathus schlegeli,,MATERIAL_SAMPLE
25.091045,121.686964,TW,Perciformes,Cichlidae,Oreochromis mossambicus,2024,HUMAN_OBSERVATION
37.602779,97.773331,CN,Cypriniformes,Cyprinidae,Notropis atherinoides,1996,PRESERVED_SPECIMEN
23.72095,121.40635,TW,Perciformes,Gobiidae,Rhinogobius candidianus,2023,HUMAN_OBSERVATION
23.5821,121.35963,TW,Cypriniformes,Cyprinidae,Opsariichthys pachycephalus,2023,HUMAN_OBSERVATION
24.13849,120.6197,TW,Perciformes,Cichlidae,Amphilophus labiatus,2021,HUMAN_OBSERVATION
24.08134,120.99071,TW,Cypriniformes,Cyprinidae,Acrossocheilus paradoxus,2021,HUMAN_OBSERVATION
22.483519,114.370488,HK,Tetraodontiformes,Tetraodontidae,Chelonodon patoca,2026,HUMAN_OBSERVATION
24.12309,120.971586,TW,Cypriniformes,Balitoridae,Formosania lacustre,2026,HUMAN_OBSERVATION
24.02271,120.63682,TW,Perciformes,Cichlidae,Oreochromis niloticus,2021,HUMAN_OBSERVATION
25.0333,121.31769,TW,Cypriniformes,Cyprinidae,Candidia barbata,2023,HUMAN_OBSERVATION
25.11599,121.46322,TW,Perciformes,Scatophagidae,Scatophagus argus,2022,HUMAN_OBSERVATION
23.49571,120.51677,TW,Cypriniformes,Cyprinidae,Opsariichthys pachycephalus,2023,HUMAN_OBSERVATION
36.3828,90.7707,CN,Perciformes,Percidae,Percina uranidea,,MATERIAL_SAMPLE
22.45,120.416667,TW,Perciformes,Leiognathidae,Photopectoralis bindus,2017,PRESERVED_SPECIMEN
23.41192,120.54764,TW,Perciformes,Gobiidae,Rhinogobius candidianus,2023,HUMAN_OBSERVATION
25.02996,121.32008,TW,Perciformes,Gobiidae,Rhinogobius rubromaculatus,2024,HUMAN_OBSERVATION
22.675913,121.472639,TW,Tetraodontiformes,Ostraciidae,Ostracion cubicus,2025,HUMAN_OBSERVATION
22.47,120.43,TW,Perciformes,Carangidae,Caranx sexfasciatus,2004,OCCURRENCE
23.439371,120.606181,TW,Cypriniformes,Cyprinidae,Candidia barbata,2026,HUMAN_OBSERVATION
23.08,120.5,TW,Siluriformes,Loricariidae,,2014,OCCURRENCE
24.82245,120.99681,TW,Perciformes,Gobiidae,Rhinogobius candidianus,2023,HUMAN_OBSERVATION
40.3167,116.625,CN,Cypriniformes,Cyprinidae,Carassius auratus,1995,PRESERVED_SPECIMEN
23.06825,120.35986,TW,Cyprinodontiformes,Poeciliidae,Gambusia affinis,2022,HUMAN_OBSERVATION
23.432167,120.547667,TW,Cypriniformes,Cyprinidae,Opsariichthys pachycephalus,2023,HUMAN_OBSERVATION
23.156826,121.23773,TW,Perciformes,Channidae,Channa striata,2022,HUMAN_OBSERVATION
23.18567,119.75495,TW,Perciformes,Mullidae,Parupeneus spilurus,,OCCURRENCE
24,118,CN,Clupeiformes,Engraulidae,Setipinna tenuifilis,1988,PRESERVED_SPECIMEN
20.77,110.68,CN,Beloniformes,Hemiramphidae,Hyporhamphus limbatus,2006,PRESERVED_SPECIMEN
24.67667,120.94999,TW,Cypriniformes,Cyprinidae,Paratanakia himantegus,2023,HUMAN_OBSERVATION
24.730017,120.790483,TW,Perciformes,Terapontidae,Terapon jarbua,2020,PRESERVED_SPECIMEN
23.322756,121.329793,TW,Cypriniformes,Cyprinidae,Carassius auratus,2022,HUMAN_OBSERVATION
23.106405,113.236095,CN,Cypriniformes,Cyprinidae,Carassius auratus,1929,PRESERVED_SPECIMEN
23.256058,119.516994,TW,Perciformes,Lutjanidae,,2014,HUMAN_OBSERVATION
22.472191,114.006976,HK,Perciformes,Gobiidae,Boleophthalmus pectinirostris,2022,HUMAN_OBSERVATION
22.383666,114.197024,HK,Perciformes,Terapontidae,Terapon jarbua,2019,HUMAN_OBSERVATION
31.603272,119.013917,CN,Cypriniformes,Cyprinidae,Rhodeus ocellatus,2025,HUMAN_OBSERVATION
23.43864,120.60528,TW,Cypriniformes,Cyprinidae,Acrossocheilus paradoxus,2022,HUMAN_OBSERVATION
24.1784,120.7378,TW,Cypriniformes,Cyprinidae,Carassius auratus,2021,HUMAN_OBSERVATION
29.97,113.93,CN,Cypriniformes,Cobitidae,Misgurnus anguillicaudatus,2017,MATERIAL_SAMPLE
24.02704,120.82695,TW,Cypriniformes,Cyprinidae,Acrossocheilus paradoxus,2021,HUMAN_OBSERVATION
30.725952,119.758506,CN,Perciformes,Odontobutidae,Odontobutis potamophila,2021,HUMAN_OBSERVATION
23.1346,120.0717,TW,Perciformes,Sparidae,Acanthopagrus pacificus,2022,MATERIAL_SAMPLE
23.298296,120.503687,TW,Cypriniformes,Cyprinidae,Candidia barbata,2011,HUMAN_OBSERVATION
22.60297,120.58242,TW,Cyprinodontiformes,Poeciliidae,Poecilia reticulata,2023,HUMAN_OBSERVATION
23.84555,121.52805,TW,Perciformes,Gobiidae,Sicyopterus japonicus,2022,HUMAN_OBSERVATION
24.9428,121.8927,TW,Perciformes,Terapontidae,Mesopristes cancellatus,2022,HUMAN_OBSERVATION
24.5804,120.03438,TW,Perciformes,Nemipteridae,Nemipterus peronii,2023,MATERIAL_SAMPLE
23.48634,121.40422,TW,Cypriniformes,Cyprinidae,Acrossocheilus paradoxus,2022,HUMAN_OBSERVATION
23.475422,121.357474,TW,Cyprinodontiformes,Poeciliidae,Gambusia affinis,2022,HUMAN_OBSERVATION
23.56,119.56,TW,Perciformes,Terapontidae,Terapon jarbua,1979,PRESERVED_SPECIMEN
25.11046,121.465086,TW,Perciformes,Serranidae,Epinephelus coioides,2025,HUMAN_OBSERVATION
24.134371,120.741734,TW,Cypriniformes,Cyprinidae,Spinibarbus hollandi,2025,HUMAN_OBSERVATION
23.127064,120.055231,TW,Elopiformes,Megalopidae,Megalops cyprinoides,2019,HUMAN_OBSERVATION
23.05536,121.20056,TW,Perciformes,Gobiidae,Rhinogobius candidianus,2022,HUMAN_OBSERVATION
22.43983,114.332696,HK,Perciformes,Eleotridae,Eleotris acanthopoma,2020,HUMAN_OBSERVATION
24.74568,121.703025,TW,Cyprinodontiformes,Poeciliidae,Xiphophorus hellerii,2024,HUMAN_OBSERVATION
23.605834,120.366571,TW,Siluriformes,Loricariidae,,2023,HUMAN_OBSERVATION
23.415,120.506556,TW,Cypriniformes,Cyprinidae,Opsariichthys pachycephalus,2023,HUMAN_OBSERVATION
23.79199,120.91488,TW,Siluriformes,Bagridae,Pseudobagrus brevianalis,2005,OCCURRENCE
24.66391,120.84218,TW,Perciformes,Terapontidae,Terapon jarbua,2015,OCCURRENCE
23.80749,120.84298,TW,Perciformes,Gobiidae,Rhinogobius candidianus,2005,OCCURRENCE
24.704,121.202,TW,Cypriniformes,Cyprinidae,Candidia barbata,2021,HUMAN_OBSERVATION
22.037823,120.875836,TW,Perciformes,Gobiidae,Rhinogobius henchuenensis,2024,HUMAN_OBSERVATION
25,107.17,CN,Cypriniformes,Cyprinidae,Pseudohemiculter dispar,2012,PRESERVED_SPECIMEN
23.455944,120.487056,TW,Perciformes,Gobiidae,Rhinogobius maculafasciatus,2023,HUMAN_OBSERVATION
23.044767,120.225953,TW,Cypriniformes,Cyprinidae,Culter alburnus,2021,HUMAN_OBSERVATION
23.14,120.43,TW,Cypriniformes,Cyprinidae,Culter alburnus,2015,OCCURRENCE
23.42,111.5,CN,Cypriniformes,Cyprinidae,Chanodichthys erythropterus,2017,PRESERVED_SPECIMEN
23.554113,121.37902,TW,Cypriniformes,Cyprinidae,Acrossocheilus paradoxus,2021,HUMAN_OBSERVATION
25.2352,121.6195,TW,Anguilliformes,Anguillidae,Anguilla marmorata,2013,OCCURRENCE
25.22736,121.61876,TW,Cypriniformes,Cyprinidae,Opsariichthys pachycephalus,2022,HUMAN_OBSERVATION
30.249964,122.164859,CN,Cypriniformes,Cyprinidae,Carassius auratus,2026,HUMAN_OBSERVATION
22.349708,114.361512,HK,Tetraodontiformes,Ostraciidae,Ostracion cubicus,2022,HUMAN_OBSERVATION
24.707268,121.204881,TW,Cypriniformes,Cyprinidae,Onychostoma barbatulum,2021,HUMAN_OBSERVATION
24.46277,120.85274,TW,Cypriniformes,Cyprinidae,Acrossocheilus paradoxus,2023,HUMAN_OBSERVATION
22.97148,121.17089,TW,Perciformes,Gobiidae,Rhinogobius candidianus,2015,OCCURRENCE
21.933006,120.797244,TW,Tetraodontiformes,Balistidae,Balistoides conspicillum,2023,HUMAN_OBSERVATION
22.575888,113.852647,CN,Perciformes,Leiognathidae,Nuchequula nuchalis,2025,HUMAN_OBSERVATION
25.22839,121.62161,TW,Cypriniformes,Cyprinidae,Acrossocheilus paradoxus,2022,HUMAN_OBSERVATION
24.71,121.83,TW,Perciformes,Ambassidae,,2005,OCCURRENCE
30.5,114.3,CN,Cypriniformes,Cyprinidae,Carassius gibelio,2015,MATERIAL_SAMPLE
23.03826,121.17547,TW,Perciformes,Gobiidae,Rhinogobius candidianus,2015,OCCURRENCE
26.901995,113.078835,CN,Cypriniformes,Cyprinidae,Onychostoma brevibarba,,MATERIAL_CITATION
23.258614,121.298213,TW,Cypriniformes,Cyprinidae,Opsariichthys pachycephalus,2022,HUMAN_OBSERVATION
24.93,121.92,TW,Aulopiformes,Chlorophthalmidae,,2013,PRESERVED_SPECIMEN
23.95,120.95,TW,Cypriniformes,Balitoridae,Sinogastromyzon puliensis,2020,HUMAN_OBSERVATION
23.39631,120.41889,TW,Cyprinodontiformes,Poeciliidae,Gambusia affinis,2022,HUMAN_OBSERVATION
25.031644,121.509135,TW,Siluriformes,Loricariidae,,2023,HUMAN_OBSERVATION
23.05858,120.27669,TW,Cypriniformes,Cyprinidae,Barbonymus gonionotus,2022,HUMAN_OBSERVATION
25.16483,121.42202,TW,Mugiliformes,Mugilidae,Planiliza affinis,2022,HUMAN_OBSERVATION
22.187632,113.57855,MO,Perciformes,Gobiidae,,1931,PRESERVED_SPECIMEN
22.37152,114.382544,HK,Perciformes,Microdesmidae,Parioglossus dotui,2025,HUMAN_OBSERVATION
23.05,121.24,TW,Perciformes,Nemipteridae,Scolopsis ciliata,2006,OBSERVATION
20.52,115.92,TW,Lophiiformes,Chaunacidae,,1993,OCCURRENCE
23.439472,120.606028,TW,Cypriniformes,Cyprinidae,Opsariichthys pachycephalus,2023,HUMAN_OBSERVATION
27.766667,118.033333,CN,Cypriniformes,Balitoridae,Formosania davidi,,PRESERVED_SPECIMEN
23.98135,120.91831,TW,Cypriniformes,Cyprinidae,Opsariichthys pachycephalus,2021,HUMAN_OBSERVATION
24.19867,120.63522,TW,Perciformes,Cichlidae,Oreochromis niloticus,2021,HUMAN_OBSERVATION
22.62604,120.64203,TW,Cypriniformes,Cyprinidae,Candidia barbata,2005,OCCURRENCE
24.16927,120.70553,TW,Perciformes,Cichlidae,Oreochromis niloticus,2022,HUMAN_OBSERVATION
22.550094,120.590443,TW,Cypriniformes,Cyprinidae,Spinibarbus hollandi,2025,HUMAN_OBSERVATION
22.62642,120.59675,TW,Perciformes,Cichlidae,Oreochromis niloticus,2022,HUMAN_OBSERVATION
23.45073,120.55072,TW,Perciformes,Gobiidae,Rhinogobius candidianus,2005,OCCURRENCE
23.3,121.31,TW,Perciformes,Carangidae,Scomberoides lysan,2005,OBSERVATION
31.955533,114.066228,CN,Perciformes,Centrarchidae,Lepomis cyanellus,2025,HUMAN_OBSERVATION
39.993889,97.93,CN,Cypriniformes,Cyprinidae,Cyprinella lutrensis,1996,PRESERVED_SPECIMEN
30.641312,103.793058,CN,Synbranchiformes,Synbranchidae,Monopterus albus,2026,HUMAN_OBSERVATION
33.89,112.21,CN,Cypriniformes,Nemacheilidae,Homatula guanheensis,2016,PRESERVED_SPECIMEN
23.169801,121.244863,TW,Cypriniformes,Cyprinidae,Opsariichthys pachycephalus,2022,HUMAN_OBSERVATION
23.15693,121.23742,TW,Perciformes,Cichlidae,Oreochromis niloticus,2023,HUMAN_OBSERVATION
23.554752,120.161862,TW,Perciformes,Cichlidae,,2010,HUMAN_OBSERVATION
22.87314,120.48483,TW,Perciformes,Gobiidae,Rhinogobius maculafasciatus,2023,HUMAN_OBSERVATION
19.758333,108.59634,CN,Perciformes,Sciaenidae,Pennahia anea,2013,MATERIAL_SAMPLE
24.1784,120.73781,TW,Perciformes,Cichlidae,Oreochromis niloticus,2022,HUMAN_OBSERVATION
19.665,110.907,CN,Cypriniformes,Cyprinidae,Toxabramis houdemeri,2017,MATERIAL_SAMPLE
22.61,120.28,TW,Anguilliformes,Ophichthidae,,2016,PRESERVED_SPECIMEN
22.216987,114.175598,HK,Perciformes,Pomacentridae,,1930,PRESERVED_SPECIMEN
18.198961,109.424632,CN,Perciformes,Nemipteridae,Scolopsis ciliata,2023,HUMAN_OBSERVATION
24.474689,120.80399,TW,Cypriniformes,Cobitidae,,1968,PRESERVED_SPECIMEN
27.014843,113.811229,CN,Cypriniformes,Cyprinidae,Opsariichthys evolans,2024,HUMAN_OBSERVATION
22.270731,113.997182,HK,Perciformes,Cichlidae,Oreochromis mossambicus,2026,HUMAN_OBSERVATION
22.483155,114.371173,HK,Perciformes,Gerreidae,Gerres oyena,2026,HUMAN_OBSERVATION
22.466667,120.45,TW,Rajiformes,Rajidae,,2012,PRESERVED_SPECIMEN
23.931217,119.650583,TW,Perciformes,Terapontidae,Terapon jarbua,2021,PRESERVED_SPECIMEN
24.10892,120.5832,TW,Siluriformes,Siluridae,Silurus asotus,2001,OCCURRENCE
25.11776,121.46487,TW,Mugiliformes,Mugilidae,Planiliza macrolepis,2022,HUMAN_OBSERVATION
25.091045,121.686964,TW,Perciformes,Cichlidae,,2024,HUMAN_OBSERVATION
24.47,120.55,TW,Pleuronectiformes,Cynoglossidae,Cynoglossus bilineatus,,HUMAN_OBSERVATION
25.0824,121.825,TW,Cypriniformes,Cyprinidae,Microphysogobio alticorpus,2016,OCCURRENCE
23.10243,120.19461,TW,Siluriformes,Ariidae,Arius maculatus,2005,OCCURRENCE
33.589773,107.545311,CN,Cypriniformes,Cyprinidae,,2023,HUMAN_OBSERVATION
19.24,110.45,CN,Cypriniformes,Cyprinidae,Hemiculter leucisculus,2018,PRESERVED_SPECIMEN
22.44,120.47,TW,Perciformes,Apogonidae,Fibramia lateralis,2004,MATERIAL_SAMPLE
24.74,121.09,TW,Perciformes,Gobiidae,Rhinogobius candidianus,2015,OCCURRENCE
24.868684,121.832908,TW,Cyprinodontiformes,Poeciliidae,Gambusia affinis,2020,HUMAN_OBSERVATION
21.38,112.22,CN,Perciformes,Leiognathidae,Nuchequula nuchalis,2021,MATERIAL_SAMPLE
22.398621,114.321812,HK,Mugiliformes,Mugilidae,Osteomugil cunnesius,2018,HUMAN_OBSERVATION
23.14,120.47,TW,Cypriniformes,Cyprinidae,Hypsibarbus pierrei,2015,OCCURRENCE
23.1346,120.0717,TW,Perciformes,Gobiidae,Glossogobius olivaceus,2022,MATERIAL_SAMPLE
23.92009,121.57787,TW,Perciformes,Gobiidae,Rhinogobius gigas,2022,HUMAN_OBSERVATION
21.605729,111.802971,CN,Perciformes,Carangidae,Parastromateus niger,2025,HUMAN_OBSERVATION
25.166666,121.5,TW,Perciformes,Siganidae,Siganus fuscescens,1977,PRESERVED_SPECIMEN
24.9993,121.609,TW,Perciformes,Cichlidae,Oreochromis mossambicus,2016,OCCURRENCE
20.25,110.65,CN,Tetraodontiformes,Tetraodontidae,Takifugu oblongus,,PRESERVED_SPECIMEN
38.91248,121.636281,CN,Cypriniformes,Cyprinidae,Carassius auratus,2026,HUMAN_OBSERVATION
20.49,109.22,CN,Perciformes,Gobiidae,Trypauchen vagina,2014,PRESERVED_SPECIMEN
22.257896,113.862393,HK,Perciformes,Lutjanidae,Lutjanus russellii,2020,HUMAN_OBSERVATION
23.697807,120.96051,TW,Perciformes,Pomacentridae,,,MATERIAL_SAMPLE
24.7972,121.035263,TW,Cypriniformes,Cyprinidae,Acrossocheilus paradoxus,2021,HUMAN_OBSERVATION
22.96,120.52,TW,Cypriniformes,Cyprinidae,Onychostoma alticorpus,2022,HUMAN_OBSERVATION
24.718008,121.705606,TW,Cypriniformes,Cyprinidae,Acrossocheilus paradoxus,2018,HUMAN_OBSERVATION
38.073254,104.69114,CN,Cypriniformes,Cyprinidae,Carassioides acuminatus,,MATERIAL_SAMPLE
22.788794,120.273583,TW,Perciformes,Channidae,Channa striata,2024,HUMAN_OBSERVATION
22.97403,121.16519,TW,Perciformes,Gobiidae,Sicyopterus japonicus,2022,HUMAN_OBSERVATION
36.098417,120.530814,CN,Beloniformes,Hemiramphidae,Hyporhamphus sajori,2025,HUMAN_OBSERVATION
23.494034,120.546778,TW,Cypriniformes,Cyprinidae,Microphysogobio alticorpus,2023,HUMAN_OBSERVATION
23.1346,120.0717,TW,Perciformes,Carangidae,Alectis indica,2021,MATERIAL_SAMPLE
23.345426,121.291423,TW,Cypriniformes,Cyprinidae,Acrossocheilus paradoxus,2022,HUMAN_OBSERVATION
22.87,120.48,TW,Cypriniformes,Cyprinidae,Opsariichthys kaopingensis,2022,HUMAN_OBSERVATION
22.455995,120.503529,TW,Perciformes,Gobiidae,Rhinogobius similis,2024,HUMAN_OBSERVATION
29.865912,122.075627,CN,Perciformes,Gobiidae,Periophthalmus modestus,2025,HUMAN_OBSERVATION
22.466667,120.45,TW,Orectolobiformes,Parascylliidae,,2012,PRESERVED_SPECIMEN
23.36,116.84,CN,Perciformes,Leiognathidae,,2006,MATERIAL_SAMPLE
24.131933,120.005483,TW,Myliobatiformes,Dasyatidae,Telatrygon zugei,2020,MATERIAL_SAMPLE
22.973769,121.169565,TW,Anguilliformes,Anguillidae,Anguilla marmorata,1969,PRESERVED_SPECIMEN
23.01351,121.16828,TW,Cypriniformes,Cyprinidae,Acrossocheilus paradoxus,2015,OCCURRENCE
23.536613,120.531371,TW,Cypriniformes,Cyprinidae,Candidia barbata,2023,HUMAN_OBSERVATION
22.16,120.82,TW,Perciformes,Gobiidae,Rhinogobius henchuenensis,2012,OCCURRENCE
22.08264,120.74036,TW,Perciformes,Gobiidae,Sicyopterus japonicus,2022,HUMAN_OBSERVATION
24.9431,121.536,TW,Perciformes,Gobiidae,Rhinogobius similis,2016,OCCURRENCE
22.081062,121.535568,TW,Perciformes,Pomacentridae,Abudefduf sordidus,2024,HUMAN_OBSERVATION
24.16927,120.70553,TW,Perciformes,Cichlidae,Oreochromis niloticus,2022,HUMAN_OBSERVATION
24.18,120.33,TW,Perciformes,Siganidae,Siganus fuscescens,2002,HUMAN_OBSERVATION
26.49,98.9,CN,Cypriniformes,Cyprinidae,Schizopyge nukiangensis,2013,PRESERVED_SPECIMEN
24.13842,120.61971,TW,Cypriniformes,Cyprinidae,Cyprinus carpio,2005,OCCURRENCE
23.171,107.702,CN,Cypriniformes,Cyprinidae,Sinibrama melrosei,2019,MATERIAL_SAMPLE
24.68,120.908,TW,Perciformes,Eleotridae,Eleotris fusca,2005,OCCURRENCE
25.0685,121.653,TW,Perciformes,Cichlidae,Oreochromis mossambicus,2016,OCCURRENCE
22.08289,120.7403,TW,Perciformes,Gobiidae,Rhinogobius candidianus,2012,OCCURRENCE
22.610732,120.226685,TW,Perciformes,Channidae,Channa striata,2023,HUMAN_OBSERVATION
22.08289,120.7403,TW,Cypriniformes,Cyprinidae,Carassius auratus,2012,OCCURRENCE
24.097353,120.608511,TW,Salmoniformes,Salmonidae,Oncorhynchus masou,1960,PRESERVED_SPECIMEN
49.49655,119.72708,CN,Cypriniformes,Nemacheilidae,Barbatula toni,,MATERIAL_SAMPLE
40.027513,116.378968,CN,Cypriniformes,Cyprinidae,Carassius auratus,2025,HUMAN_OBSERVATION
23.74355,120.65267,TW,Siluriformes,Bagridae,Pseudobagrus brevianalis,2006,OCCURRENCE
30.78,111.34,CN,Cypriniformes,Cyprinidae,Chanodichthys dabryi,1908,PRESERVED_SPECIMEN
22.125831,113.555638,MO,Cypriniformes,Cyprinidae,Cyprinus rubrofuscus,2026,HUMAN_OBSERVATION
19.22,109.45,CN,Cypriniformes,Cyprinidae,Culter recurviceps,2019,PRESERVED_SPECIMEN
23.80976,121.45051,TW,Perciformes,Gobiidae,Rhinogobius gigas,2022,HUMAN_OBSERVATION
24.70608,121.14826,TW,Perciformes,Gobiidae,Rhinogobius candidianus,2004,OCCURRENCE
22.365491,114.198526,HK,Perciformes,Gobiidae,Rhinogobius duospilus,2020,HUMAN_OBSERVATION
25.0077,121.531,TW,Clupeiformes,Clupeidae,Hilsa kelee,2016,OCCURRENCE
26.513962,122.23586,TW,Tetraodontiformes,Diodontidae,,2009,PRESERVED_SPECIMEN
21.95,120.76,TW,Perciformes,Haemulidae,Plectorhinchus chaetodonoides,1990,PRESERVED_SPECIMEN
24.82608,120.97963,TW,Mugiliformes,Mugilidae,Mugil cephalus,2016,OCCURRENCE
22.352521,114.117011,HK,Cypriniformes,Cobitidae,Misgurnus anguillicaudatus,2026,HUMAN_OBSERVATION
24.15905,120.74417,TW,Cypriniformes,Cyprinidae,Opsariichthys pachycephalus,2021,HUMAN_OBSERVATION
23.41508,120.5065,TW,Cypriniformes,Cyprinidae,Acrossocheilus paradoxus,2023,HUMAN_OBSERVATION
24.94,121.9,TW,Perciformes,Carangidae,Parastromateus niger,2005,OCCURRENCE
24.19867,120.63522,TW,Cypriniformes,Cyprinidae,Carassius auratus,2021,HUMAN_OBSERVATION
25.091045,121.686964,TW,Perciformes,Cichlidae,Oreochromis mossambicus,2024,HUMAN_OBSERVATION
19.714,110.324,CN,Cypriniformes,Cyprinidae,,2019,MATERIAL_SAMPLE
24.94,121.89,TW,Perciformes,Eleotridae,Eleotris fusca,2019,HUMAN_OBSERVATION
23.05733,120.07747,TW,Clupeiformes,Clupeidae,Konosirus punctatus,2022,HUMAN_OBSERVATION
23.11713,120.45613,TW,Perciformes,Gobiidae,Rhinogobius maculafasciatus,2022,HUMAN_OBSERVATION
40.34858,116.42263,CN,Cypriniformes,Cyprinidae,Pseudorasbora parva,2024,HUMAN_OBSERVATION
24.84654,121.909217,TW,Perciformes,Gobiidae,Rhinogobius formosanus,2026,HUMAN_OBSERVATION
23.05484,121.1997,TW,Cypriniformes,Cyprinidae,Acrossocheilus paradoxus,2022,HUMAN_OBSERVATION
23.839828,120.803038,TW,Cypriniformes,Cyprinidae,Candidia barbata,2025,HUMAN_OBSERVATION
24.13414,120.73938,TW,Cypriniformes,Cobitidae,Paramisgurnus dabryanus,2021,HUMAN_OBSERVATION
21.551215,107.972465,CN,Siluriformes,Loricariidae,,2025,HUMAN_OBSERVATION
23.206319,121.288639,TW,Perciformes,Cichlidae,,2022,HUMAN_OBSERVATION
24.42,120.49,TW,Perciformes,Leiognathidae,Photopectoralis bindus,2002,HUMAN_OBSERVATION
23.634802,120.497807,TW,Perciformes,Osphronemidae,Trichopodus trichopterus,2024,HUMAN_OBSERVATION
22.41,120.22,TW,Gadiformes,Macrouridae,,2006,OCCURRENCE
29.40277,110.15333,CN,Perciformes,Odontobutidae,,2002,PRESERVED_SPECIMEN
24.70513,121.75247,TW,Cypriniformes,Cyprinidae,Opsariichthys pachycephalus,2023,HUMAN_OBSERVATION
22.348181,114.256426,HK,Perciformes,Gobiidae,Bathygobius fuscus,2023,HUMAN_OBSERVATION
24.23558,120.73916,TW,Perciformes,Gobiidae,Rhinogobius candidianus,2022,HUMAN_OBSERVATION
24.720278,121.717781,TW,Perciformes,Cichlidae,Geophagus brasiliensis,2018,HUMAN_OBSERVATION
22.216987,114.175598,HK,Perciformes,Scatophagidae,,1930,PRESERVED_SPECIMEN
22.87314,120.48483,TW,Perciformes,Gobiidae,Rhinogobius maculafasciatus,2023,HUMAN_OBSERVATION
23.95768,121.5018,TW,Perciformes,Gobiidae,Sicyopterus japonicus,2022,HUMAN_OBSERVATION
27.67,98.73,CN,Cypriniformes,Cyprinidae,Schizopyge nukiangensis,2012,PRESERVED_SPECIMEN
23.04295,121.18219,TW,Cypriniformes,Cyprinidae,Spinibarbus hollandi,2015,OCCURRENCE
22.97411,121.16531,TW,Perciformes,Gobiidae,Rhinogobius candidianus,2022,HUMAN_OBSERVATION
23.48575,121.40367,TW,Cypriniformes,Cyprinidae,Acrossocheilus paradoxus,2022,HUMAN_OBSERVATION
23.087119,120.129655,TW,Perciformes,Sciaenidae,Otolithes ruber,2026,HUMAN_OBSERVATION
37.03185,94.853,CN,Perciformes,Centrarchidae,,2008,PRESERVED_SPECIMEN
38.874213,121.49172,CN,Cypriniformes,Cyprinidae,Zacco sinensis,2023,HUMAN_OBSERVATION
25.78666,109.60111,CN,Siluriformes,Sisoridae,Glyptothorax fokiensis,2003,PRESERVED_SPECIMEN
25.21,121.69,TW,Perciformes,Blenniidae,Omobranchus elongatus,1975,OCCURRENCE
23.450415,121.589124,TW,Perciformes,Lethrinidae,Lethrinus nebulosus,2023,HUMAN_OBSERVATION
22.87374,120.61569,TW,Cypriniformes,Cobitidae,Cobitis sinensis,2006,OCCURRENCE
23.06684,120.3809,TW,Cypriniformes,Cyprinidae,Tanakia himantegus,2006,OCCURRENCE
22.08,120.74,TW,Cypriniformes,Cyprinidae,Opsariichthys kaopingensis,2022,HUMAN_OBSERVATION
22.648193,114.520457,CN,Perciformes,Lutjanidae,Lutjanus argentimaculatus,2026,HUMAN_OBSERVATION
23.12,120.35,TW,Cypriniformes,Cyprinidae,Culter alburnus,2015,OCCURRENCE
23.08,120.51,TW,Siluriformes,Loricariidae,,2014,OCCURRENCE
22.381458,114.221145,HK,Mugiliformes,Mugilidae,Mugil cephalus,2021,HUMAN_OBSERVATION
23.143842,120.076266,TW,Perciformes,Leiognathidae,Leiognathus equulus,2021,HUMAN_OBSERVATION
46.78,130.25,CN,Cypriniformes,Cyprinidae,Hemiculter leucisculus,2019,PRESERVED_SPECIMEN
24.99981,121.60593,TW,Cypriniformes,Cobitidae,Cobitis sinensis,2022,HUMAN_OBSERVATION
24.66408,120.86699,TW,Mugiliformes,Mugilidae,Planiliza subviridis,2015,OCCURRENCE
25.113803,121.920169,TW,Perciformes,Haemulidae,,2013,HUMAN_OBSERVATION
23.05,121.23,TW,Perciformes,Nemipteridae,Pentapodus nagasakiensis,1993,OBSERVATION
24.9993,121.609,TW,Cypriniformes,Cyprinidae,Zacco platypus,2016,OCCURRENCE
23.4855,121.40355,TW,Perciformes,Cichlidae,Oreochromis niloticus,2022,HUMAN_OBSERVATION
24.59638,120.99823,TW,Cypriniformes,Cyprinidae,Candidia barbata,2015,OCCURRENCE
24.98388,109.31055,CN,Cypriniformes,Balitoridae,Beaufortia leveretti,2003,PRESERVED_SPECIMEN
23.53672,120.5316,TW,Cypriniformes,Cyprinidae,Opsariichthys pachycephalus,2023,HUMAN_OBSERVATION
31.19,118.48,CN,Perciformes,Odontobutidae,Odontobutis obscura,1922,PRESERVED_SPECIMEN
22.428147,114.179216,HK,Perciformes,Osphronemidae,Trichopodus trichopterus,2020,HUMAN_OBSERVATION
22.40602,113.918605,HK,Perciformes,Cichlidae,Coptodon zillii,2021,HUMAN_OBSERVATION
23.118403,120.088635,TW,Perciformes,Sillaginidae,Sillago sihama,2017,HUMAN_OBSERVATION
23.11,120.48,TW,Perciformes,Gobiidae,Rhinogobius maculafasciatus,2015,OCCURRENCE
23.258614,121.298213,TW,Perciformes,Cichlidae,,2022,HUMAN_OBSERVATION
22.47,120.43,TW,Lophiiformes,Antennariidae,Antennarius striatus,2000,OCCURRENCE
22.691278,121.493394,TW,Anguilliformes,Muraenidae,Gymnothorax meleagris,2025,HUMAN_OBSERVATION
34.77,120.48,CN,Syngnathiformes,Syngnathidae,Syngnathus schlegeli,2014,PRESERVED_SPECIMEN
24.25,120.52,TW,Perciformes,Mullidae,Upeneus sulphureus,2005,OCCURRENCE
24.981616,121.965702,TW,Perciformes,Kyphosidae,Microcanthus strigatus,2023,HUMAN_OBSERVATION
23.193438,115.601696,CN,Perciformes,Cichlidae,Coptodon zillii,2026,HUMAN_OBSERVATION
23.43136,120.46353,TW,Cypriniformes,Cyprinidae,Opsariichthys pachycephalus,2023,HUMAN_OBSERVATION
23.75903,120.65729,TW,Cypriniformes,Cyprinidae,Opsariichthys pachycephalus,2023,HUMAN_OBSERVATION
23.116358,121.397083,TW,Perciformes,Chaetodontidae,,2011,HUMAN_OBSERVATION
41.1,97.28,CN,Perciformes,Centrarchidae,Lepomis cyanellus,2007,PRESERVED_SPECIMEN
23.522,114.694,CN,Cypriniformes,Cyprinidae,Hemiculterella wui,2018,MATERIAL_SAMPLE
21.59,118.25,TW,Ophidiiformes,Ophidiidae,,2005,OCCURRENCE
26.04,119.93,CN,Perciformes,Lateolabracidae,Lateolabrax japonicus,2015,MATERIAL_SAMPLE
23.39875,120.51139,TW,Cypriniformes,Cyprinidae,Opsariichthys pachycephalus,2022,HUMAN_OBSERVATION
24.71,121.83,TW,Perciformes,Gobiidae,,2006,OCCURRENCE
22.641247,121.480681,TW,Perciformes,Serranidae,Pseudanthias pascalus,2024,HUMAN_OBSERVATION
22.65,120.4,TW,Ophidiiformes,Ophidiidae,,2018,PRESERVED_SPECIMEN
22.783333,120.8,TW,Cypriniformes,Cyprinidae,Hemiculter leucisculus,1980,PRESERVED_SPECIMEN
24.53647,120.81527,TW,Cypriniformes,Cyprinidae,Spinibarbus hollandi,2023,HUMAN_OBSERVATION
22.879146,120.778109,TW,Perciformes,Gobiidae,Rhinogobius nantaiensis,2024,HUMAN_OBSERVATION
25,103,CN,Perciformes,Channidae,Channa argus,1970,PRESERVED_SPECIMEN
25.78333,116.8,CN,Siluriformes,Sisoridae,Glyptothorax fokiensis,1921,PRESERVED_SPECIMEN
24.98388,109.31055,CN,Cypriniformes,Cyprinidae,Acrossocheilus kreyenbergii,2003,PRESERVED_SPECIMEN
23.143842,120.076266,TW,Gonorynchiformes,Chanidae,Chanos chanos,2019,HUMAN_OBSERVATION
29.97,113.68,CN,Aulopiformes,Synodontidae,Harpadon nehereus,2013,PRESERVED_SPECIMEN
22.88605,120.52495,TW,Cypriniformes,Cyprinidae,Barbonymus gonionotus,2022,HUMAN_OBSERVATION
25.14,121.8,TW,Perciformes,Blenniidae,Petroscirtes breviceps,2005,OCCURRENCE
23.7899,120.9463,TW,Perciformes,Gobiidae,Rhinogobius candidianus,2015,OCCURRENCE
24.9993,121.609,TW,Cypriniformes,Cyprinidae,Acrossocheilus paradoxus,2016,OCCURRENCE
22.81273,121.12411,TW,Cypriniformes,Cyprinidae,Onychostoma alticorpus,2015,OCCURRENCE
22.21,113.34,CN,Cypriniformes,Cyprinidae,Cirrhinus molitorella,2017,PRESERVED_SPECIMEN
25.0333,121.31769,TW,Cypriniformes,Cyprinidae,Candidia barbata,2024,HUMAN_OBSERVATION
22.58938,120.422011,TW,Cypriniformes,Cyprinidae,Zacco platypus,2025,HUMAN_OBSERVATION
24.73703,121.695787,TW,Cypriniformes,Cyprinidae,Opsariichthys pachycephalus,2025,HUMAN_OBSERVATION
23.14,120.47,TW,Cypriniformes,Balitoridae,Sinogastromyzon nantaiensis,2022,HUMAN_OBSERVATION
24.707268,121.204881,TW,Cypriniformes,Cyprinidae,Candidia barbata,2021,HUMAN_OBSERVATION
24.3555,120.72874,TW,Perciformes,Cichlidae,Geophagus brasiliensis,2023,HUMAN_OBSERVATION
25.058981,121.822151,TW,Cyprinodontiformes,Poeciliidae,Poecilia reticulata,2026,HUMAN_OBSERVATION
23.45891,120.17757,TW,Siluriformes,Ariidae,Arius maculatus,2002,OCCURRENCE
23.931265,120.915026,TW,Cypriniformes,Cyprinidae,Candidia barbata,2022,HUMAN_OBSERVATION
24.17204,120.83589,TW,Cypriniformes,Cyprinidae,Onychostoma barbatulum,2023,HUMAN_OBSERVATION
24.722879,121.104509,TW,Cypriniformes,Cyprinidae,Opsariichthys pachycephalus,2021,HUMAN_OBSERVATION
23.298654,121.298194,TW,Cypriniformes,Cyprinidae,Opsariichthys pachycephalus,2022,HUMAN_OBSERVATION
29.89,95.61,CN,Cypriniformes,Cyprinidae,Schizothorax curvilabiatus,2024,MATERIAL_SAMPLE
24.66,121.12,TW,Cypriniformes,Balitoridae,Formosania lacustre,2005,OCCURRENCE
25.86,98.85,CN,Siluriformes,Sisoridae,Glyptothorax granosus,2012,PRESERVED_SPECIMEN
38.073254,104.69114,CN,Cypriniformes,Cyprinidae,Platypharodon extremus,,MATERIAL_SAMPLE
23.068479,120.734663,TW,Cypriniformes,Cyprinidae,Onychostoma barbatulum,2026,HUMAN_OBSERVATION
25.01919,121.998958,TW,Perciformes,Gobiidae,Bathygobius cocosensis,2022,HUMAN_OBSERVATION
19.533333,109.583333,CN,Perciformes,Channidae,Channa maculata,,PRESERVED_SPECIMEN
23.62722,120.5123,TW,Cypriniformes,Cyprinidae,Candidia barbata,2023,HUMAN_OBSERVATION
25.17577,121.42711,TW,Mugiliformes,Mugilidae,Planiliza macrolepis,2023,HUMAN_OBSERVATION
24.61,121.81,TW,Perciformes,Kuhliidae,Kuhlia marginata,2019,HUMAN_OBSERVATION
22.586518,114.196622,CN,Perciformes,Gobiidae,Rhinogobius duospilus,2020,HUMAN_OBSERVATION
24.02263,120.63683,TW,Perciformes,Gobiidae,Rhinogobius candidianus,2005,OCCURRENCE
22.58,120.29,TW,Clupeiformes,Engraulidae,Encrasicholina heteroloba,1995,OCCURRENCE
24.009393,120.695617,TW,Cypriniformes,Cyprinidae,Microphysogobio alticorpus,2021,HUMAN_OBSERVATION
23.553601,120.158226,TW,Perciformes,Gobiidae,Glossogobius olivaceus,2024,HUMAN_OBSERVATION
22.469445,114.151028,HK,Siluriformes,Clariidae,Clarias gariepinus,2023,HUMAN_OBSERVATION
22.01,120.74,TW,Perciformes,Pomacentridae,,1991,OCCURRENCE
21.551,111.987,CN,Perciformes,Carangidae,Atule mate,2006,MATERIAL_SAMPLE
23.50545,121.386489,TW,Cypriniformes,Cyprinidae,Carassius auratus,2021,HUMAN_OBSERVATION
22.360475,120.908955,TW,Cypriniformes,Cyprinidae,Acrossocheilus paradoxus,2025,HUMAN_OBSERVATION
25.113818,121.919948,TW,Perciformes,Lutjanidae,Lutjanus vitta,2024,HUMAN_OBSERVATION
24.933445,121.697189,TW,Cypriniformes,Cyprinidae,Hemibarbus labeo,2024,HUMAN_OBSERVATION
23.311157,121.248866,TW,Cypriniformes,Cyprinidae,Candidia barbata,2022,HUMAN_OBSERVATION
23.66247,121.43382,TW,Cypriniformes,Cyprinidae,Opsariichthys pachycephalus,2022,HUMAN_OBSERVATION
23.1346,120.0717,TW,Perciformes,Haemulidae,Pomadasys kaakan,2021,MATERIAL_SAMPLE
38.073254,104.69114,CN,Syngnathiformes,Syngnathidae,Hippocampus kuda,,MATERIAL_SAMPLE
39.800556,97.790833,CN,Siluriformes,Ictaluridae,Ictalurus punctatus,1996,PRESERVED_SPECIMEN
24.76078,121.07477,TW,Cypriniformes,Cobitidae,Cobitis sinensis,2004,OCCURRENCE
23.41508,120.5065,TW,Cypriniformes,Cyprinidae,Opsariichthys pachycephalus,2023,HUMAN_OBSERVATION
24.11051,120.69869,TW,Anguilliformes,Anguillidae,Anguilla marmorata,2021,HUMAN_OBSERVATION
23.80583,120.74666,TW,Cypriniformes,Cyprinidae,Microphysogobio alticorpus,2007,PRESERVED_SPECIMEN
22.270736,113.884672,HK,Perciformes,Gobiidae,Scartelaos histophorus,2022,HUMAN_OBSERVATION
24.58,121.86,TW,Perciformes,Callionymidae,Synchiropus altivelis,2005,OCCURRENCE
22.60532,120.631341,TW,Cypriniformes,Cyprinidae,Barbonymus gonionotus,2023,HUMAN_OBSERVATION
24.23558,120.73916,TW,Cypriniformes,Cyprinidae,Opsariichthys pachycephalus,2022,HUMAN_OBSERVATION
23.93,120.72,TW,Cypriniformes,Balitoridae,Sinogastromyzon puliensis,2020,HUMAN_OBSERVATION
22.108333,114.275,CN,Perciformes,Sciaenidae,,1957,PRESERVED_SPECIMEN
23.411649,120.547513,TW,Cypriniformes,Cyprinidae,Candidia barbata,2021,HUMAN_OBSERVATION
38.073254,104.69114,CN,Perciformes,Sparidae,Acanthopagrus schlegelii,,MATERIAL_SAMPLE
23.4855,121.40355,TW,Perciformes,Cichlidae,Oreochromis niloticus,2022,HUMAN_OBSERVATION
39.994721,97.932221,CN,Cypriniformes,Cyprinidae,Notropis atherinoides,1995,PRESERVED_SPECIMEN
39.815698,115.964506,CN,Cypriniformes,Cobitidae,Cobitis sibirica,2025,HUMAN_OBSERVATION
23.05484,121.1997,TW,Cypriniformes,Cyprinidae,Opsariichthys pachycephalus,2022,HUMAN_OBSERVATION
27.94,116.35,CN,Cypriniformes,Cobitidae,Misgurnus anguillicaudatus,2017,MATERIAL_SAMPLE
31.978684,117.019423,CN,Cypriniformes,Cyprinidae,Abbottina rivularis,2023,HUMAN_OBSERVATION
22.280316,114.339322,HK,Perciformes,Sparidae,Rhabdosargus sarba,2021,HUMAN_OBSERVATION
25.01,121.92,TW,Perciformes,Gobiidae,Rhinogobius formosanus,2017,HUMAN_OBSERVATION
40.168057,101.05278,CN,Cyprinodontiformes,Poeciliidae,Gambusia affinis,1997,PRESERVED_SPECIMEN
22.310161,114.364247,HK,Tetraodontiformes,Tetraodontidae,Arothron stellatus,2026,HUMAN_OBSERVATION
24.83,121.99,TW,Zeiformes,Zeidae,Zeus faber,2001,HUMAN_OBSERVATION
23.7936,120.7817,TW,Cypriniformes,Cyprinidae,Opsariichthys pachycephalus,2017,OCCURRENCE
22.381458,114.221145,HK,Cypriniformes,Balitoridae,Pseudogastromyzon myersi,2020,HUMAN_OBSERVATION
23.124482,120.074022,TW,Mugiliformes,Mugilidae,Mugil cephalus,2015,HUMAN_OBSERVATION
22.084968,121.568764,TW,Perciformes,Chaetodontidae,,2011,HUMAN_OBSERVATION
22.47708,120.45981,TW,Perciformes,Ambassidae,Ambassis urotaenia,2022,HUMAN_OBSERVATION
22.62578,120.59667,TW,Cypriniformes,Cobitidae,Cobitis sinensis,2022,HUMAN_OBSERVATION
24.57,122.06,TW,Scorpaeniformes,Peristediidae,Peristedion nierstraszi,,OCCURRENCE
23.12706,121.17161,TW,Perciformes,Gobiidae,Rhinogobius candidianus,2022,HUMAN_OBSERVATION
24.82542,121.08751,TW,Cypriniformes,Cyprinidae,Acrossocheilus paradoxus,2023,HUMAN_OBSERVATION
24.82543,121.08754,TW,Perciformes,Gobiidae,Rhinogobius candidianus,2023,HUMAN_OBSERVATION
23.156826,121.23773,TW,Perciformes,Gobiidae,Rhinogobius gigas,2022,HUMAN_OBSERVATION
25.02996,121.32008,TW,Perciformes,Gobiidae,Rhinogobius rubromaculatus,2024,HUMAN_OBSERVATION
30.31,101.52,CN,Cypriniformes,Nemacheilidae,Triplophysa orientalis,2008,MATERIAL_SAMPLE
38.073254,104.69114,CN,Cypriniformes,Cyprinidae,Gymnocypris eckloni,,MATERIAL_SAMPLE
24.47,120.6,TW,Aulopiformes,Synodontidae,,2002,HUMAN_OBSERVATION
44.395683,116.849655,CN,Cypriniformes,Nemacheilidae,,,MATERIAL_SAMPLE
23.39686,120.41903,TW,Cyprinodontiformes,Poeciliidae,Gambusia affinis,2023,HUMAN_OBSERVATION
31.116247,120.948135,CN,Cypriniformes,Cyprinidae,Sarcocheilichthys sinensis,2025,HUMAN_OBSERVATION
22.37,112.68,CN,Cypriniformes,Cyprinidae,Culter recurviceps,2017,PRESERVED_SPECIMEN
39.845214,116.402629,CN,Cypriniformes,Cyprinidae,Acheilognathus rhombeus,2025,HUMAN_OBSERVATION
23.45828,120.45775,TW,Perciformes,Cichlidae,Oreochromis niloticus,2023,HUMAN_OBSERVATION
24.64528,120.95804,TW,Cypriniformes,Cyprinidae,Opsariichthys pachycephalus,2023,HUMAN_OBSERVATION
22.46675,120.43911,TW,Scorpaeniformes,Setarchidae,Setarches longimanus,2009,PRESERVED_SPECIMEN
23.43478,120.49033,TW,Cypriniformes,Cyprinidae,Opsariichthys pachycephalus,2023,HUMAN_OBSERVATION
23.29104,120.141567,TW,Mugiliformes,Mugilidae,Planiliza macrolepis,2024,HUMAN_OBSERVATION
39.784426,116.25263,CN,Cypriniformes,Cyprinidae,Hypophthalmichthys molitrix,2026,HUMAN_OBSERVATION
37.9025,98.173332,CN,Cyprinodontiformes,Poeciliidae,Gambusia affinis,1996,PRESERVED_SPECIMEN
23.983102,120.912985,TW,Perciformes,Channidae,Channa maculata,2021,HUMAN_OBSERVATION
23.17,120.26,TW,Mugiliformes,Mugilidae,Planiliza subviridis,2015,OCCURRENCE
23.55607,120.164089,TW,Perciformes,Gobiidae,Pseudogobius javanicus,2021,HUMAN_OBSERVATION
22.533359,114.4911,CN,Perciformes,Sparidae,Rhabdosargus sarba,2026,HUMAN_OBSERVATION
24.653218,121.818883,TW,Cypriniformes,Cyprinidae,Paratanakia himantegus,2026,HUMAN_OBSERVATION
24.2942,120.9113,TW,Cypriniformes,Cyprinidae,Opsariichthys pachycephalus,2023,HUMAN_OBSERVATION
23.345426,121.291423,TW,Cypriniformes,Cyprinidae,Acrossocheilus paradoxus,2022,HUMAN_OBSERVATION
23.217991,121.270227,TW,Perciformes,Cichlidae,,2022,HUMAN_OBSERVATION
24.673341,121.725231,TW,Cypriniformes,Cyprinidae,Acrossocheilus paradoxus,2024,HUMAN_OBSERVATION
22.246902,114.137398,HK,Perciformes,Cheilodactylidae,Cheilodactylus zonatus,2025,HUMAN_OBSERVATION
22.25,120.37,TW,Perciformes,Trichiuridae,Trichiurus lepturus,,HUMAN_OBSERVATION
23.76764,121.49769,TW,Cypriniformes,Cyprinidae,Acrossocheilus paradoxus,2022,HUMAN_OBSERVATION
23.88286,120.79352,TW,Cypriniformes,Cyprinidae,Acrossocheilus paradoxus,2005,OCCURRENCE
25.07234,121.64027,TW,Perciformes,Cichlidae,Coptodon zillii,2022,HUMAN_OBSERVATION
24.82287,120.99868,TW,Cypriniformes,Cyprinidae,Spinibarbus hollandi,2022,HUMAN_OBSERVATION
25.0082,121.689,TW,Cypriniformes,Cyprinidae,Acrossocheilus paradoxus,2016,OCCURRENCE
24.71,121.83,TW,Perciformes,Cichlidae,,2004,OCCURRENCE
24.6,121.81,TW,Perciformes,Kuhliidae,Kuhlia rupestris,2019,HUMAN_OBSERVATION
40.3167,116.625,CN,Cypriniformes,Cyprinidae,Abbottina rivularis,1995,PRESERVED_SPECIMEN
23.73182,121.48957,TW,Cypriniformes,Cyprinidae,Acrossocheilus paradoxus,2018,OCCURRENCE
23.697807,120.96051,TW,Perciformes,Carangidae,,,MATERIAL_SAMPLE
23.504825,120.416205,TW,Cypriniformes,Cyprinidae,Barbonymus gonionotus,2023,HUMAN_OBSERVATION
24.826,120.98,TW,Perciformes,Channidae,Channa striata,2021,HUMAN_OBSERVATION
23.05484,121.1997,TW,Perciformes,Gobiidae,Sicyopterus japonicus,2022,HUMAN_OBSERVATION
22.471054,114.007844,HK,Perciformes,Gobiidae,Boleophthalmus pectinirostris,2020,HUMAN_OBSERVATION
23.13,121.17,TW,Cypriniformes,Cyprinidae,Onychostoma alticorpus,2023,HUMAN_OBSERVATION
40.35141,115.12216,CN,Cypriniformes,Cyprinidae,Leuciscus waleckii,2019,PRESERVED_SPECIMEN
21.33,109.04,CN,Syngnathiformes,Syngnathidae,Hippocampus spinosissimus,2012,PRESERVED_SPECIMEN
24.518766,120.724823,TW,Cypriniformes,Cobitidae,Misgurnus anguillicaudatus,2012,HUMAN_OBSERVATION
23.484078,121.513784,TW,Perciformes,Chaetodontidae,,2017,HUMAN_OBSERVATION
23.43186,120.46369,TW,Cypriniformes,Cyprinidae,Opsariichthys pachycephalus,2023,HUMAN_OBSERVATION
22.36,120.22,TW,Gadiformes,Macrouridae,,,OCCURRENCE
23.08555,120.53695,TW,Cypriniformes,Cobitidae,Misgurnus anguillicaudatus,2005,OCCURRENCE
22.437571,113.725098,CN,Perciformes,Carangidae,,1930,PRESERVED_SPECIMEN
23.63,120.65,TW,Cypriniformes,Balitoridae,Hemimyzon formosanus,2017,OCCURRENCE
22.58,120.29,TW,Perciformes,Carangidae,Trachinotus blochii,1993,OCCURRENCE
22.97364,121.16522,TW,Cypriniformes,Cyprinidae,Acrossocheilus paradoxus,2015,OCCURRENCE
25,121.9,TW,Perciformes,Cichlidae,Coptodon zillii,2019,HUMAN_OBSERVATION
24.10452,120.58092,TW,Cypriniformes,Cyprinidae,Opsariichthys pachycephalus,2023,HUMAN_OBSERVATION
27.150154,113.90482,CN,Synbranchiformes,Synbranchidae,Monopterus albus,2025,HUMAN_OBSERVATION
24.80256,120.917148,TW,Perciformes,Gobiidae,Boleophthalmus pectinirostris,2024,HUMAN_OBSERVATION
23.51316,120.36034,TW,Cyprinodontiformes,Poeciliidae,Gambusia affinis,2023,HUMAN_OBSERVATION
29.98333,103.08333,CN,Cypriniformes,Cobitidae,Paramisgurnus dabryanus,2002,PRESERVED_SPECIMEN
25.001989,121.440081,TW,Perciformes,Osphronemidae,Trichopodus trichopterus,2023,HUMAN_OBSERVATION
23.52286,120.54559,TW,Cypriniformes,Cyprinidae,Opsariichthys pachycephalus,2022,HUMAN_OBSERVATION
24.82569,121.06566,TW,Perciformes,Cichlidae,Oreochromis niloticus,2013,OCCURRENCE
24.715,121.141,TW,Siluriformes,Bagridae,Pseudobagrus brevianalis,2021,HUMAN_OBSERVATION
23.5584,120.7251,TW,Cypriniformes,Cyprinidae,Acrossocheilus paradoxus,2017,OCCURRENCE
23.66247,121.43382,TW,Cypriniformes,Cyprinidae,Candidia barbata,2022,HUMAN_OBSERVATION
23.258614,121.298213,TW,Cypriniformes,Cyprinidae,Opsariichthys pachycephalus,2022,HUMAN_OBSERVATION
25.05446,121.06266,TW,Pleuronectiformes,Cynoglossidae,Cynoglossus puncticeps,2024,HUMAN_OBSERVATION
23.397,120.41928,TW,Cyprinodontiformes,Poeciliidae,Poecilia reticulata,2006,OCCURRENCE
25,121.9,TW,Perciformes,Gobiidae,,2018,HUMAN_OBSERVATION
23.05463,121.1992,TW,Perciformes,Gobiidae,Rhinogobius candidianus,2023,HUMAN_OBSERVATION
40.5,97.01,CN,Perciformes,Centrarchidae,Lepomis cyanellus,2007,PRESERVED_SPECIMEN
40.04648,116.500029,CN,Cypriniformes,Cyprinidae,Cyprinus rubrofuscus,2026,HUMAN_OBSERVATION
24.1385,120.6197,TW,Perciformes,Cichlidae,Amphilophus labiatus,2022,HUMAN_OBSERVATION
22.65,120.4,TW,Myctophiformes,Myctophidae,Myctophum asperum,,PRESERVED_SPECIMEN
24.707268,121.204881,TW,Cypriniformes,Cyprinidae,Opsariichthys pachycephalus,2021,HUMAN_OBSERVATION
24.00696,120.69564,TW,Perciformes,Cichlidae,Oreochromis niloticus,2021,HUMAN_OBSERVATION
30.766903,121.415748,CN,Cypriniformes,Cyprinidae,Carassius auratus,2020,HUMAN_OBSERVATION
22.21615,120.799569,TW,Cypriniformes,Cyprinidae,Acrossocheilus paradoxus,2012,HUMAN_OBSERVATION
22.235603,113.946628,HK,Cypriniformes,Nemacheilidae,Schistura fasciolata,2015,HUMAN_OBSERVATION
23.49719,120.30357,TW,Cyprinodontiformes,Poeciliidae,Poecilia reticulata,2023,HUMAN_OBSERVATION
24.720514,121.722846,TW,Perciformes,Cichlidae,Oreochromis niloticus,2024,HUMAN_OBSERVATION
23.206319,121.288639,TW,Cypriniformes,Cyprinidae,Acrossocheilus paradoxus,2022,HUMAN_OBSERVATION
36.675447,117.020296,CN,Perciformes,Eleotridae,,1924,PRESERVED_SPECIMEN
23.21072,120.103368,TW,Perciformes,Gobiidae,Periophthalmus modestus,2025,HUMAN_OBSERVATION
22.526207,114.243083,HK,Perciformes,Lutjanidae,Lutjanus argentimaculatus,2026,HUMAN_OBSERVATION
22.9169,120.46048,TW,Perciformes,Cichlidae,Oreochromis niloticus,2022,HUMAN_OBSERVATION
24.78541,121.17577,TW,Perciformes,Gobiidae,Rhinogobius candidianus,2023,HUMAN_OBSERVATION
20.71287,116.7809,TW,Perciformes,Scaridae,,2011,PRESERVED_SPECIMEN
26.6,102.199997,CN,Perciformes,Cichlidae,,,MATERIAL_CITATION
22.87314,120.48467,TW,Perciformes,Gobiidae,Rhinogobius maculafasciatus,2022,HUMAN_OBSERVATION
25.054936,121.452003,TW,Cypriniformes,Cyprinidae,Cyprinus carpio,2024,HUMAN_OBSERVATION
25.095172,121.596253,TW,Cypriniformes,Cyprinidae,Cyprinus carpio,2023,HUMAN_OBSERVATION
22.986815,114.261548,CN,Cypriniformes,Cyprinidae,Labeo rohita,2024,HUMAN_OBSERVATION
21.718,110.313,CN,Cypriniformes,Cyprinidae,Hemiculter leucisculus,2020,MATERIAL_SAMPLE
24.848674,120.936475,TW,Perciformes,Sparidae,Acanthopagrus pacificus,2021,HUMAN_OBSERVATION
24.88519,121.28361,TW,Cypriniformes,Balitoridae,Formosania lacustre,2022,HUMAN_OBSERVATION
23.21796,121.26987,TW,Cypriniformes,Cyprinidae,Acrossocheilus paradoxus,2022,HUMAN_OBSERVATION
24.58568,120.88106,TW,Perciformes,Cichlidae,Oreochromis niloticus,2023,HUMAN_OBSERVATION
24.19867,120.63522,TW,Cypriniformes,Cyprinidae,Carassius auratus,2022,HUMAN_OBSERVATION
25.268056,98.589444,CN,Cypriniformes,Nemacheilidae,Schistura vinciguerrae,1998,PRESERVED_SPECIMEN
23.697807,120.96051,TW,Mugiliformes,Mugilidae,Mugil cephalus,2007,MATERIAL_SAMPLE
25.1,121.8,TW,Perciformes,Gobiidae,Sicyopterus japonicus,2018,HUMAN_OBSERVATION
24.66172,120.95903,TW,Cypriniformes,Cyprinidae,Hemiculter leucisculus,2005,OCCURRENCE
23.455944,120.487056,TW,Cypriniformes,Cyprinidae,Opsariichthys pachycephalus,2023,HUMAN_OBSERVATION
23.05484,121.1997,TW,Cypriniformes,Cyprinidae,Opsariichthys pachycephalus,2022,HUMAN_OBSERVATION
22.15,121.38,TW,Syngnathiformes,Syngnathidae,Microphis leiaspis,2005,OBSERVATION
24.9569,122.019,TW,Clupeiformes,Engraulidae,Setipinna tenuifilis,2009,MATERIAL_SAMPLE
23.49721,120.30348,TW,Cypriniformes,Cyprinidae,Barbonymus gonionotus,2022,HUMAN_OBSERVATION
22.87933,120.1237,TW,Aulopiformes,Synodontidae,Synodus myops,2016,OCCURRENCE
23.05858,120.27669,TW,Perciformes,Cichlidae,Oreochromis niloticus,2022,HUMAN_OBSERVATION
22.28,120.36,TW,Perciformes,Apogonidae,Ostorhinchus kiensis,2001,HUMAN_OBSERVATION
35.99382,119.01459,CN,Cypriniformes,Cyprinidae,Squalidus intermedius,,PRESERVED_SPECIMEN
31.202289,121.607251,CN,Cypriniformes,Cobitidae,Paramisgurnus dabryanus,2026,HUMAN_OBSERVATION
24.722879,121.104509,TW,Cypriniformes,Cyprinidae,Acrossocheilus paradoxus,2021,HUMAN_OBSERVATION
25.03558,121.48256,TW,Perciformes,Cichlidae,Oreochromis niloticus,2022,HUMAN_OBSERVATION
24.895395,121.740269,TW,Cypriniformes,Cyprinidae,Candidia barbata,2025,HUMAN_OBSERVATION
24.71111,121.710207,TW,Cypriniformes,Cyprinidae,Pseudorasbora parva,2018,HUMAN_OBSERVATION
23.127064,120.055231,TW,Mugiliformes,Mugilidae,Planiliza subviridis,2021,HUMAN_OBSERVATION
23.107992,120.043438,TW,Perciformes,Leiognathidae,Leiognathus equulus,2020,HUMAN_OBSERVATION
23.68,117.51,CN,Syngnathiformes,Syngnathidae,Hippocampus spinosissimus,2012,MATERIAL_SAMPLE
24.0978,120.62405,TW,Perciformes,Cichlidae,Oreochromis niloticus,2021,HUMAN_OBSERVATION
22.354599,114.28612,HK,Perciformes,Lobotidae,Lobotes surinamensis,2023,HUMAN_OBSERVATION
30.382586,119.50135,CN,Cypriniformes,Cyprinidae,Acrossocheilus fasciatus,2025,HUMAN_OBSERVATION
24.42782,120.86564,TW,Cypriniformes,Cyprinidae,Opsariichthys evolans,2012,OCCURRENCE
23.608732,120.399304,TW,Siluriformes,Loricariidae,,2023,HUMAN_OBSERVATION
24.08134,120.99071,TW,Cypriniformes,Cyprinidae,Acrossocheilus paradoxus,2021,HUMAN_OBSERVATION
23.37705,120.49481,TW,Perciformes,Gobiidae,Rhinogobius candidianus,2005,OCCURRENCE
23.87996,121.51796,TW,Cypriniformes,Cyprinidae,Acrossocheilus paradoxus,2018,OCCURRENCE
23.55,119.56,TW,Perciformes,Carangidae,Selaroides leptolepis,2006,OCCURRENCE
39.818367,116.22712,CN,Cypriniformes,Cyprinidae,Abbottina rivularis,2024,HUMAN_OBSERVATION
17.073,109.736,CN,Perciformes,Mullidae,Parupeneus indicus,2008,MATERIAL_SAMPLE
42.863075,130.378043,CN,Cypriniformes,Cyprinidae,Rhodeus sericeus,2026,HUMAN_OBSERVATION
25.22,121.72,TW,Perciformes,Gobiidae,Bathygobius cocosensis,1968,PRESERVED_SPECIMEN
23.09,120.59,TW,Cypriniformes,Cyprinidae,Onychostoma alticorpus,2022,HUMAN_OBSERVATION
19.66,110.91,CN,Cypriniformes,Cyprinidae,Chanodichthys erythropterus,2017,PRESERVED_SPECIMEN
19.533333,109.583333,CN,Cypriniformes,Cyprinidae,Carassius auratus,,PRESERVED_SPECIMEN
24.017428,120.843805,TW,Perciformes,Gobiidae,Rhinogobius candidianus,2021,HUMAN_OBSERVATION
25.113532,121.92005,TW,Perciformes,Chaetodontidae,,2018,HUMAN_OBSERVATION
22.80524,120.28805,TW,Cypriniformes,Cyprinidae,Hypsibarbus pierrei,2012,OCCURRENCE
24.74,121.09,TW,Cypriniformes,Cyprinidae,Acrossocheilus paradoxus,2015,OCCURRENCE
20.045303,110.342354,CN,Perciformes,Anabantidae,Anabas testudineus,2024,HUMAN_OBSERVATION
22.241404,113.835289,HK,Perciformes,Cichlidae,Oreochromis mossambicus,2023,HUMAN_OBSERVATION
22.97606,121.16936,TW,Cypriniformes,Cyprinidae,Onychostoma alticorpus,2015,OCCURRENCE
23.04131,121.17814,TW,Cypriniformes,Cyprinidae,Onychostoma alticorpus,2015,OCCURRENCE
23.461199,121.499297,TW,Mugiliformes,Mugilidae,Mugil cephalus,2021,HUMAN_OBSERVATION
24.727839,121.689117,TW,Perciformes,Cichlidae,Coptodon zillii,2024,HUMAN_OBSERVATION
22.08275,120.74053,TW,Cypriniformes,Cyprinidae,Acrossocheilus paradoxus,2023,HUMAN_OBSERVATION
26.04,119.93,CN,Scorpaeniformes,Platycephalidae,,2015,MATERIAL_SAMPLE
23.05858,120.27669,TW,Siluriformes,Loricariidae,Pterygoplichthys pardalis,2022,HUMAN_OBSERVATION
23.812,120.4608,TW,Cypriniformes,Cyprinidae,Opsariichthys pachycephalus,2015,OCCURRENCE
23.41508,120.5065,TW,Cypriniformes,Cyprinidae,Opsariichthys pachycephalus,2023,HUMAN_OBSERVATION
23.12773,121.1701,TW,Perciformes,Gobiidae,Sicyopterus japonicus,2023,HUMAN_OBSERVATION
23.43136,120.46353,TW,Cypriniformes,Cyprinidae,Opsariichthys pachycephalus,2023,HUMAN_OBSERVATION
25.07879,121.69412,TW,Perciformes,Cichlidae,Coptodon zillii,2022,HUMAN_OBSERVATION
22.01,120.74,TW,Perciformes,Sciaenidae,Johnius amblycephalus,2010,OCCURRENCE
23.125413,120.066787,TW,Perciformes,Leiognathidae,Leiognathus equulus,2020,HUMAN_OBSERVATION
25.48703,122.103677,TW,Perciformes,Tripterygiidae,,2025,HUMAN_OBSERVATION
23.71851,121.39592,TW,Cypriniformes,Cyprinidae,Onychostoma alticorpus,2018,OCCURRENCE
23.114808,120.098873,TW,Mugiliformes,Mugilidae,Planiliza macrolepis,2021,HUMAN_OBSERVATION
24.709,121.169,TW,Siluriformes,Bagridae,Pseudobagrus brevianalis,2021,HUMAN_OBSERVATION
23.44,111.31,CN,Cypriniformes,Cyprinidae,Elopichthys bambusa,2017,PRESERVED_SPECIMEN
21.9167,120.833,TW,Perciformes,Pomacentridae,Chromis lepidolepis,1968,PRESERVED_SPECIMEN
22.80878,120.34421,TW,Siluriformes,Loricariidae,,2023,HUMAN_OBSERVATION
25.5,119.76,CN,Perciformes,Sillaginidae,Sillago sihama,2018,PRESERVED_SPECIMEN
24.71,121.83,TW,Clupeiformes,Engraulidae,,2005,OCCURRENCE
31.912333,119.421667,CN,Perciformes,Osphronemidae,Macropodus ocellatus,2017,HUMAN_OBSERVATION
19.9537,114.537732,CN,Ophidiiformes,Bythitidae,,2022,PRESERVED_SPECIMEN
20.25,109.92,CN,Perciformes,Gobiidae,Trypauchen vagina,2013,PRESERVED_SPECIMEN
25.0077,121.531,TW,Perciformes,Cichlidae,Oreochromis mossambicus,2016,OCCURRENCE
22.189442,120.947024,TW,Perciformes,Gobiidae,Rhinogobius henchuenensis,2025,HUMAN_OBSERVATION
23.02,120.11,TW,Perciformes,Ambassidae,Ambassis interrupta,1996,OCCURRENCE
24.729322,121.688447,TW,Cypriniformes,Cyprinidae,Carassius auratus,2025,HUMAN_OBSERVATION
24.79623,121.03617,TW,Cypriniformes,Cyprinidae,Microphysogobio brevirostris,2005,OCCURRENCE
23.43819,120.60561,TW,Cypriniformes,Cyprinidae,Microphysogobio alticorpus,2023,HUMAN_OBSERVATION
25.86,98.85,CN,Cypriniformes,Nemacheilidae,Triplophysa nujiangensa,2012,PRESERVED_SPECIMEN
23.439,120.60558,TW,Cypriniformes,Cyprinidae,Acrossocheilus paradoxus,2023,HUMAN_OBSERVATION
25.22736,121.61933,TW,Cypriniformes,Cyprinidae,Opsariichthys pachycephalus,2022,HUMAN_OBSERVATION
18.407,109.98,CN,Perciformes,Ambassidae,Ambassis nalua,2013,MATERIAL_SAMPLE
23.43369,120.49156,TW,Cypriniformes,Cyprinidae,Opsariichthys pachycephalus,2022,HUMAN_OBSERVATION
31.025667,104.675361,CN,Cypriniformes,Cyprinidae,Acrossocheilus fasciatus,1932,PRESERVED_SPECIMEN
25.091045,121.686964,TW,Perciformes,Cichlidae,Oreochromis mossambicus,2024,HUMAN_OBSERVATION
39.46746,112.8213,CN,Cypriniformes,Cyprinidae,Abbottina rivularis,2019,PRESERVED_SPECIMEN
23.41192,120.54764,TW,Perciformes,Gobiidae,Rhinogobius candidianus,2023,HUMAN_OBSERVATION
28.38687,120.897102,CN,Cypriniformes,Cyprinidae,Opsariichthys evolans,2025,HUMAN_OBSERVATION
20.75,109.25,CN,Clupeiformes,Engraulidae,Thryssa dussumieri,,MATERIAL_SAMPLE
39.997747,116.275074,CN,Cypriniformes,Cyprinidae,Ctenopharyngodon idella,2026,HUMAN_OBSERVATION
24.03595,114.20388,CN,Cypriniformes,Cyprinidae,Cyprinus carpio,2023,PRESERVED_SPECIMEN
22.487733,114.041701,HK,Perciformes,Channidae,Channa striata,2019,HUMAN_OBSERVATION
22.273567,113.991683,HK,Cypriniformes,Cyprinidae,Parazacco spilurus,2024,HUMAN_OBSERVATION
22.21,120.33,TW,Myctophiformes,Myctophidae,,,OCCURRENCE
23.08,120.51,TW,Cypriniformes,Balitoridae,Sinogastromyzon nantaiensis,2014,OCCURRENCE
22.41,109.27,CN,Cypriniformes,Cyprinidae,Parabramis pekinensis,2012,PRESERVED_SPECIMEN
22.058332,120.46667,TW,Perciformes,Serranidae,Epinephelus coioides,2004,PRESERVED_SPECIMEN
23.41464,120.50694,TW,Cypriniformes,Cyprinidae,Opsariichthys pachycephalus,2023,HUMAN_OBSERVATION
25.2,121.66,TW,Perciformes,Callionymidae,Eleutherochir opercularis,2006,OCCURRENCE
33.483774,114.036,CN,Cypriniformes,Cyprinidae,Abbottina rivularis,2026,HUMAN_OBSERVATION
23.19548,121.279531,TW,Cypriniformes,Cyprinidae,Opsariichthys pachycephalus,2022,HUMAN_OBSERVATION
23.838872,120.774222,TW,Perciformes,Cichlidae,Coptodon zillii,2025,HUMAN_OBSERVATION
25.11776,121.46487,TW,Mugiliformes,Mugilidae,Planiliza macrolepis,2022,HUMAN_OBSERVATION
23.43219,120.54764,TW,Cypriniformes,Cyprinidae,Acrossocheilus paradoxus,2022,HUMAN_OBSERVATION
24.11387,120.55732,TW,Cypriniformes,Cyprinidae,Opsariichthys pachycephalus,2020,HUMAN_OBSERVATION
24.73,121.25,TW,Cypriniformes,Balitoridae,Formosania lacustre,2023,HUMAN_OBSERVATION
25.0077,121.531,TW,Cyprinodontiformes,Poeciliidae,Gambusia affinis,2016,OCCURRENCE
22.47708,120.45981,TW,Perciformes,Ambassidae,Ambassis urotaenia,2022,HUMAN_OBSERVATION
24.103967,120.24755,TW,Perciformes,Terapontidae,Terapon jarbua,2021,PRESERVED_SPECIMEN
22.65,120.4,TW,Perciformes,Leiognathidae,Photopectoralis bindus,2018,PRESERVED_SPECIMEN
23.32956,120.41458,TW,Cypriniformes,Cyprinidae,Microphysogobio alticorpus,2013,OCCURRENCE
24.82508,121.0875,TW,Cypriniformes,Cyprinidae,Cyprinus carpio,2013,OCCURRENCE
22.1,121.6,TW,Perciformes,Gobiidae,Bathygobius cocosensis,1993,OCCURRENCE
40.017857,116.309695,CN,Cypriniformes,Cyprinidae,Carassius auratus,2025,HUMAN_OBSERVATION
22.96,120.52,TW,Cypriniformes,Cyprinidae,Opsariichthys kaopingensis,2022,HUMAN_OBSERVATION
18.06,107.99,CN,Perciformes,Coryphaenidae,Coryphaena hippurus,,PRESERVED_SPECIMEN
24.52,120.93,TW,Perciformes,Gobiidae,Rhinogobius candidianus,2005,OCCURRENCE
39.164786,117.837112,CN,Perciformes,Gobiidae,Acanthogobius hasta,2025,HUMAN_OBSERVATION
23.143842,120.076266,TW,Perciformes,Haemulidae,Pomadasys argenteus,2021,HUMAN_OBSERVATION
24.007571,121.544902,TW,Perciformes,Gobiidae,Rhinogobius candidianus,2024,HUMAN_OBSERVATION
23.697807,120.96051,TW,Cypriniformes,Cyprinidae,Onychostoma barbatulum,,MATERIAL_SAMPLE
24.78083,121.503416,TW,Cypriniformes,Balitoridae,Hemimyzon formosanus,2024,HUMAN_OBSERVATION
23.458222,120.457611,TW,Cypriniformes,Cyprinidae,Opsariichthys pachycephalus,2023,HUMAN_OBSERVATION
22.62631,120.59725,TW,Cypriniformes,Cobitidae,Cobitis sinensis,2023,HUMAN_OBSERVATION
23.45,120.55,TW,Cypriniformes,Balitoridae,Hemimyzon formosanus,2023,HUMAN_OBSERVATION
22.216987,114.175598,HK,Syngnathiformes,Fistulariidae,,1930,PRESERVED_SPECIMEN
24.9431,121.536,TW,Cypriniformes,Cyprinidae,Zacco platypus,2016,OCCURRENCE
24.97,98.87,CN,Cypriniformes,Cyprinidae,Tariqilabeo bicornis,2012,PRESERVED_SPECIMEN
22.79058,121.14189,TW,Cypriniformes,Cyprinidae,Opsariichthys pachycephalus,2022,HUMAN_OBSERVATION
23.114808,120.098873,TW,Perciformes,Gerreidae,Gerres macracanthus,2019,HUMAN_OBSERVATION
52.968799,122.528414,CN,Scorpaeniformes,Cottidae,,2025,HUMAN_OBSERVATION
40.08,98.89,CN,Cypriniformes,Cyprinidae,Cyprinus carpio,2007,PRESERVED_SPECIMEN
22.71243,120.64604,TW,Cypriniformes,Cyprinidae,Gobiobotia kolleri,2006,OCCURRENCE
22.516374,114.114895,HK,Perciformes,Channidae,Channa striata,2018,HUMAN_OBSERVATION
24.582,121.867,TW,Beloniformes,Exocoetidae,,2005,MATERIAL_SAMPLE
24.08277,120.87876,TW,Cypriniformes,Cyprinidae,Spinibarbus hollandi,2021,HUMAN_OBSERVATION
38.073254,104.69114,CN,Syngnathiformes,Syngnathidae,Doryichthys boaja,,MATERIAL_SAMPLE
24.794395,120.995588,TW,Cypriniformes,Cyprinidae,Hypophthalmichthys nobilis,2022,HUMAN_OBSERVATION
22.380987,114.305291,HK,Perciformes,Sciaenidae,Sciaenops ocellatus,2021,HUMAN_OBSERVATION
24.19867,120.63522,TW,Perciformes,Cichlidae,Oreochromis niloticus,2022,HUMAN_OBSERVATION
22.676082,121.472614,TW,Tetraodontiformes,Ostraciidae,Ostracion cubicus,2024,HUMAN_OBSERVATION
24.70813,121.17003,TW,Siluriformes,Bagridae,Pseudobagrus brevianalis,2005,OCCURRENCE
41.75965,123.391587,CN,Cypriniformes,Cyprinidae,Tanakia lanceolata,2025,HUMAN_OBSERVATION
23.4855,121.40355,TW,Perciformes,Cichlidae,Coptodon zillii,2022,HUMAN_OBSERVATION
23.142711,121.266424,TW,Cypriniformes,Cyprinidae,Opsariichthys pachycephalus,2022,HUMAN_OBSERVATION
38.073254,104.69114,CN,Stomiiformes,Stomiidae,,,MATERIAL_SAMPLE
22.477427,114.252448,HK,Perciformes,Cichlidae,Parachromis managuensis,2013,HUMAN_OBSERVATION
24.81479,121.11108,TW,Cypriniformes,Cyprinidae,Acrossocheilus paradoxus,2022,HUMAN_OBSERVATION
24.20318,121.01044,TW,Cypriniformes,Cyprinidae,Acrossocheilus paradoxus,2023,HUMAN_OBSERVATION
22.462892,114.048853,HK,Perciformes,Anabantidae,Anabas testudineus,2020,HUMAN_OBSERVATION
39.68751,113.18158,CN,Cypriniformes,Nemacheilidae,Triplophysa dalaica,2019,PRESERVED_SPECIMEN
31.38683,121.516395,CN,Cypriniformes,Cyprinidae,Carassius auratus,2026,HUMAN_OBSERVATION
23.59378,120.448161,TW,Siluriformes,Loricariidae,,2021,HUMAN_OBSERVATION
22.65,120.4,TW,Perciformes,Leiognathidae,,,PRESERVED_SPECIMEN
23.4,121.31,TW,Cypriniformes,Cyprinidae,Aphyocypris kikuchii,2005,OCCURRENCE
31.998586,118.778637,CN,Perciformes,Odontobutidae,Odontobutis potamophila,2024,HUMAN_OBSERVATION
24.82851,103.9899,CN,Cypriniformes,Cyprinidae,Sinocyclocheilus malacopterus,2025,HUMAN_OBSERVATION
29.940911,117.97515,CN,Cypriniformes,Cyprinidae,Abbottina rivularis,2025,HUMAN_OBSERVATION
24.729031,121.688173,TW,Cypriniformes,Cyprinidae,Acrossocheilus paradoxus,2024,HUMAN_OBSERVATION
24.115567,119.71145,TW,Perciformes,Sparidae,Dentex tumifrons,2021,PRESERVED_SPECIMEN
23.43861,120.60525,TW,Cypriniformes,Cyprinidae,Opsariichthys pachycephalus,2023,HUMAN_OBSERVATION
24.88,121.28,TW,Cypriniformes,Balitoridae,Hemimyzon formosanus,2017,OCCURRENCE
23.716238,113.039991,CN,Perciformes,Cichlidae,Coptodon zillii,2026,HUMAN_OBSERVATION
23.954217,120.958625,TW,Cypriniformes,Cyprinidae,Candidia barbata,2025,HUMAN_OBSERVATION
23.75,120.72,TW,Cypriniformes,Balitoridae,Formosania lacustre,2017,OCCURRENCE
25.02996,121.32008,TW,Perciformes,Gobiidae,Rhinogobius rubromaculatus,2024,HUMAN_OBSERVATION
24.94,121.9,TW,Elopiformes,Megalopidae,Megalops cyprinoides,2005,OCCURRENCE
23.496,107.343,CN,Cypriniformes,Cyprinidae,,2019,MATERIAL_SAMPLE
22.13,111.08,CN,Perciformes,Cichlidae,Oreochromis niloticus,2016,PRESERVED_SPECIMEN
26.078855,98.848034,CN,Cypriniformes,Cyprinidae,Placocheilus cryptonemus,2005,PRESERVED_SPECIMEN
23.815,120.7829,TW,Perciformes,Gobiidae,Rhinogobius similis,2015,OCCURRENCE
35.200001,106.5,CN,Scorpaeniformes,Agonidae,,,MATERIAL_CITATION
22.677647,121.498239,TW,Perciformes,Lutjanidae,,2012,HUMAN_OBSERVATION
24.16595,120.9443,TW,Perciformes,Gobiidae,Rhinogobius candidianus,2023,HUMAN_OBSERVATION
23.15722,121.2374,TW,Perciformes,Gobiidae,Rhinogobius candidianus,2022,HUMAN_OBSERVATION
24.71,121.83,TW,Perciformes,Gobiidae,Oligolepis acutipennis,2004,OCCURRENCE
25.057433,121.477892,TW,Cyprinodontiformes,Poeciliidae,Gambusia affinis,2025,HUMAN_OBSERVATION
23.206319,121.288639,TW,Cypriniformes,Cyprinidae,Opsariichthys pachycephalus,2022,HUMAN_OBSERVATION
24.67,122.18,TW,Stomiiformes,Sternoptychidae,,,OCCURRENCE
40.81083,96.80609,CN,Siluriformes,Ictaluridae,Noturus flavus,2009,PRESERVED_SPECIMEN
23.08932,120.53329,TW,Siluriformes,Clariidae,Clarias fuscus,2005,OCCURRENCE
24.71,121.83,TW,Anguilliformes,Anguillidae,Anguilla marmorata,2004,OCCURRENCE
24.27683,120.76856,TW,Cypriniformes,Cyprinidae,Opsariichthys pachycephalus,2012,OCCURRENCE
23.1,121.37,TW,Anguilliformes,Muraenidae,,2005,MATERIAL_SAMPLE
24.10977,120.69738,TW,Perciformes,Cichlidae,Oreochromis niloticus,2005,OCCURRENCE
24.794338,121.714882,TW,Cypriniformes,Cyprinidae,Onychostoma barbatulum,2023,HUMAN_OBSERVATION
23.118403,120.088635,TW,Perciformes,Gobiidae,Odontamblyopus lacepedii,2019,HUMAN_OBSERVATION
29.2,95.09,CN,Cypriniformes,Cyprinidae,Schizothorax curvilabiatus,2024,MATERIAL_SAMPLE
22.65,120.4,TW,Scorpaeniformes,Parabembridae,Parabembras curtus,,PRESERVED_SPECIMEN
23.697807,120.96051,TW,Perciformes,Lutjanidae,Lutjanus russellii,2013,MATERIAL_SAMPLE
24.1579,120.3837,TW,Perciformes,Sciaenidae,Johnius amblycephalus,2010,HUMAN_OBSERVATION
22.344964,120.389808,TW,Perciformes,Scaridae,,2013,HUMAN_OBSERVATION
23.95,120.95,TW,Cypriniformes,Balitoridae,Sinogastromyzon puliensis,2020,HUMAN_OBSERVATION
24.09695,120.62367,TW,Perciformes,Cichlidae,Oreochromis niloticus,2022,HUMAN_OBSERVATION
22.471179,114.227376,HK,Tetraodontiformes,Tetraodontidae,Takifugu ocellatus,2017,HUMAN_OBSERVATION
22.88327,120.152,TW,Perciformes,Callionymidae,Callionymus curvicornis,2023,MATERIAL_SAMPLE
23.05858,120.27669,TW,Siluriformes,Loricariidae,Pterygoplichthys pardalis,2022,HUMAN_OBSERVATION
23.59,120.89,TW,Cypriniformes,Balitoridae,Hemimyzon formosanus,2015,OCCURRENCE
24.707268,121.204881,TW,Perciformes,Gobiidae,Rhinogobius candidianus,2021,HUMAN_OBSERVATION
23.05,121.22,TW,Perciformes,Siganidae,Siganus canaliculatus,2009,PRESERVED_SPECIMEN
22.401957,114.399621,HK,Clupeiformes,Engraulidae,Coilia grayii,2020,HUMAN_OBSERVATION
23.97,120.99,TW,Cypriniformes,Balitoridae,Sinogastromyzon puliensis,2020,HUMAN_OBSERVATION
23.429781,120.446372,TW,Cypriniformes,Cyprinidae,Opsariichthys pachycephalus,2020,HUMAN_OBSERVATION
23.430639,120.4295,TW,Perciformes,Channidae,Channa striata,2023,HUMAN_OBSERVATION
22.65,120.4,TW,Scorpaeniformes,Setarchidae,Setarches longimanus,2018,PRESERVED_SPECIMEN
29.97,113.68,CN,Tetraodontiformes,Tetraodontidae,Takifugu obscurus,2013,PRESERVED_SPECIMEN
19.665,110.907,CN,Cypriniformes,Cyprinidae,,2017,MATERIAL_SAMPLE
24.74,121.09,TW,Cypriniformes,Cyprinidae,Acrossocheilus paradoxus,2015,OCCURRENCE
24.107117,120.663108,TW,Perciformes,Cichlidae,Oreochromis niloticus,2026,HUMAN_OBSERVATION
23.93,120.72,TW,Cypriniformes,Balitoridae,Sinogastromyzon puliensis,2020,HUMAN_OBSERVATION
24.848674,120.936475,TW,Mugiliformes,Mugilidae,Planiliza macrolepis,2021,HUMAN_OBSERVATION
23.44438,120.16909,TW,Perciformes,Leiognathidae,Leiognathus equulus,2015,OCCURRENCE
24.33,109.44,CN,Cypriniformes,Cobitidae,Paramisgurnus dabryanus,2017,PRESERVED_SPECIMEN
25.02996,121.32008,TW,Perciformes,Gobiidae,Rhinogobius rubromaculatus,2023,HUMAN_OBSERVATION
23.77187,120.85753,TW,Cypriniformes,Cyprinidae,Candidia barbata,2022,HUMAN_OBSERVATION
20.69808,116.7282,TW,Aulopiformes,Synodontidae,,2011,PRESERVED_SPECIMEN
24.16927,120.70553,TW,Perciformes,Cichlidae,Oreochromis niloticus,2021,HUMAN_OBSERVATION
21.4311,109.1306,CN,Perciformes,Mullidae,,,MATERIAL_SAMPLE
23.58208,121.36029,TW,Cypriniformes,Cyprinidae,Acrossocheilus paradoxus,2022,HUMAN_OBSERVATION
20.78017,116.8149,TW,Perciformes,Pomacentridae,,2011,PRESERVED_SPECIMEN
24.198217,119.760067,TW,Perciformes,Lateolabracidae,Lateolabrax japonicus,2020,PRESERVED_SPECIMEN
24.61,121.81,TW,Perciformes,Gobiidae,Rhinogobius gigas,2019,HUMAN_OBSERVATION
24.33303,121.69783,TW,Perciformes,Gobiidae,Rhinogobius gigas,2022,HUMAN_OBSERVATION
22.97606,121.16936,TW,Perciformes,Gobiidae,Rhinogobius gigas,2015,OCCURRENCE
24.8847,121.283,TW,Cypriniformes,Cyprinidae,Acrossocheilus paradoxus,2016,OCCURRENCE
25.0077,121.531,TW,Perciformes,Cichlidae,Oreochromis mossambicus,2016,OCCURRENCE
22.91786,120.5718,TW,Cypriniformes,Cyprinidae,Onychostoma alticorpus,2005,OCCURRENCE
25.100636,121.532988,TW,Cypriniformes,Cyprinidae,Opsariichthys pachycephalus,2025,HUMAN_OBSERVATION
25.04595,121.48511,TW,Elopiformes,Elopidae,Elops machnata,2015,OCCURRENCE
22.45,120.22,TW,Stomiiformes,Sternoptychidae,,,OCCURRENCE
23.55,119.56,TW,Perciformes,Lethrinidae,Lethrinus nebulosus,2006,OCCURRENCE
25.14,121.8,TW,Mugiliformes,Mugilidae,Planiliza affinis,2007,OCCURRENCE
24.67543,120.94905,TW,Cypriniformes,Cyprinidae,Chanodichthys erythropterus,2023,HUMAN_OBSERVATION
24,120.69,TW,Cypriniformes,Balitoridae,Sinogastromyzon puliensis,2020,HUMAN_OBSERVATION
31.311913,120.662536,CN,Cypriniformes,Cyprinidae,Pseudobrama simoni,2024,HUMAN_OBSERVATION
21.943004,120.774427,TW,Myctophiformes,Myctophidae,,2014,PRESERVED_SPECIMEN
24.789179,121.024378,TW,Perciformes,Cichlidae,,2021,HUMAN_OBSERVATION
23.891736,121.081201,TW,Cypriniformes,Cyprinidae,Onychostoma barbatulum,2024,HUMAN_OBSERVATION
23.49403,120.54678,TW,Cyprinodontiformes,Poeciliidae,Poecilia reticulata,2023,HUMAN_OBSERVATION
23.1,121.25,TW,Perciformes,Gobiidae,Istigobius ornatus,2009,PRESERVED_SPECIMEN
24.24,99.08,CN,Cypriniformes,Cyprinidae,Poropuntius opisthopterus,2012,PRESERVED_SPECIMEN
23.118403,120.088635,TW,Perciformes,Haemulidae,Pomadasys kaakan,2018,HUMAN_OBSERVATION
22.121628,113.571406,MO,Perciformes,Cichlidae,Oreochromis niloticus,2025,HUMAN_OBSERVATION
27.67,98.73,CN,Siluriformes,Sisoridae,Glyptothorax zanaensis,2012,PRESERVED_SPECIMEN
23.48452,120.55383,TW,Cypriniformes,Cyprinidae,Opsariichthys pachycephalus,2023,HUMAN_OBSERVATION
22.93555,121.14989,TW,Cypriniformes,Cyprinidae,Acrossocheilus paradoxus,2017,OCCURRENCE
24.294611,120.521611,TW,Perciformes,Leiognathidae,Secutor ruconius,2008,PRESERVED_SPECIMEN
34.629405,112.410605,CN,Siluriformes,Siluridae,Silurus asotus,2016,HUMAN_OBSERVATION
22.216987,114.175598,HK,Pleuronectiformes,Cynoglossidae,,1930,PRESERVED_SPECIMEN
22.381458,114.221145,HK,Cypriniformes,Balitoridae,Liniparhomaloptera disparis,2020,HUMAN_OBSERVATION
24.72273,121.12413,TW,Cypriniformes,Cyprinidae,Acrossocheilus paradoxus,2005,OCCURRENCE
23.7769,120.71108,TW,Cypriniformes,Cyprinidae,Microphysogobio alticorpus,2023,HUMAN_OBSERVATION
21.198387,110.599037,CN,Perciformes,Terapontidae,Terapon jarbua,2026,HUMAN_OBSERVATION
28.694489,115.979762,CN,Beloniformes,Adrianichthyidae,Oryzias sinensis,2025,HUMAN_OBSERVATION
23.93,120.68,TW,Cypriniformes,Balitoridae,Sinogastromyzon puliensis,2020,HUMAN_OBSERVATION
22.28,120,TW,Stomiiformes,Stomiidae,,2001,OCCURRENCE
23.68686,121.38984,TW,Perciformes,Gobiidae,Sicyopterus japonicus,2019,OCCURRENCE
24.03377,120.84611,TW,Cypriniformes,Cyprinidae,Spinibarbus hollandi,2022,HUMAN_OBSERVATION
22.87456,120.48675,TW,Cypriniformes,Cobitidae,Cobitis sinensis,2006,OCCURRENCE
21.121,110.922,CN,Pleuronectiformes,Cynoglossidae,,2011,MATERIAL_SAMPLE
23.118403,120.088635,TW,Gonorynchiformes,Chanidae,Chanos chanos,2017,HUMAN_OBSERVATION
22.398312,114.270245,HK,Atheriniformes,Atherinidae,Atherinomorus lacunosus,2023,HUMAN_OBSERVATION
24.84,120.94,TW,Mugiliformes,Mugilidae,Osteomugil cunnesius,2016,OCCURRENCE
29.46138,110.14861,CN,Perciformes,Gobiidae,,2002,PRESERVED_SPECIMEN
36.098579,120.53067,CN,Beloniformes,Hemiramphidae,Hyporhamphus sajori,2025,HUMAN_OBSERVATION
22.89308,121.09495,TW,Cypriniformes,Cyprinidae,Candidia barbata,2023,HUMAN_OBSERVATION
24.730292,121.698605,TW,Cypriniformes,Cyprinidae,Acrossocheilus paradoxus,2023,HUMAN_OBSERVATION
24.709154,121.708188,TW,Cypriniformes,Cyprinidae,Opsariichthys pachycephalus,2018,HUMAN_OBSERVATION
24.729695,121.688662,TW,Cypriniformes,Cyprinidae,Acrossocheilus paradoxus,2023,HUMAN_OBSERVATION
25.113803,121.920169,TW,Perciformes,Chaetodontidae,,2014,HUMAN_OBSERVATION
19.222,109.45,CN,Cypriniformes,Cyprinidae,Hemiculter leucisculus,2019,MATERIAL_SAMPLE
30.916667,118.9,CN,Siluriformes,Siluridae,Silurus asotus,,PRESERVED_SPECIMEN
38.073254,104.69114,CN,Perciformes,Pomacentridae,Chromis leucura,,MATERIAL_SAMPLE
23.50676,120.47359,TW,Perciformes,Cichlidae,Oreochromis niloticus,2023,HUMAN_OBSERVATION
23.98582,120.93167,TW,Siluriformes,Bagridae,Pseudobagrus brevianalis,2004,OCCURRENCE
21.930595,120.745311,TW,Perciformes,Siganidae,Siganus vermiculatus,2020,HUMAN_OBSERVATION
24.9431,121.536,TW,Cypriniformes,Cyprinidae,Microphysogobio brevirostris,2016,OCCURRENCE
22.91,120.17,TW,Perciformes,Eleotridae,Oxyeleotris marmorata,1990,OCCURRENCE
42.566666,118.72,CN,Cypriniformes,Nemacheilidae,Barbatula toni,,MATERIAL_CITATION
23.554231,120.159945,TW,Perciformes,Cichlidae,Oreochromis mossambicus,2024,HUMAN_OBSERVATION
22.60297,120.58242,TW,Cyprinodontiformes,Poeciliidae,Gambusia affinis,2023,HUMAN_OBSERVATION
24.895472,121.741381,TW,Cypriniformes,Cyprinidae,Candidia barbata,2024,HUMAN_OBSERVATION
23.1346,120.0717,TW,Pleuronectiformes,Paralichthyidae,Pseudorhombus arsius,2021,MATERIAL_SAMPLE
23.435167,120.489972,TW,Cypriniformes,Cyprinidae,Microphysogobio alticorpus,2023,HUMAN_OBSERVATION
23.719412,120.497048,TW,Perciformes,Cichlidae,,2023,HUMAN_OBSERVATION
21.928495,101.320671,CN,Cypriniformes,Cyprinidae,Poropuntius huangchuchieni,2021,HUMAN_OBSERVATION
22.63,120.61,TW,Cypriniformes,Cyprinidae,Opsariichthys kaopingensis,2022,HUMAN_OBSERVATION
24.909888,121.550055,TW,Perciformes,Gobiidae,Rhinogobius candidianus,2024,HUMAN_OBSERVATION
23.43369,120.49156,TW,Cypriniformes,Cyprinidae,Opsariichthys pachycephalus,2022,HUMAN_OBSERVATION
23.76352,120.72361,TW,Perciformes,Gobiidae,Rhinogobius candidianus,2006,OCCURRENCE
24.46904,120.95077,TW,Perciformes,Gobiidae,Rhinogobius candidianus,2023,HUMAN_OBSERVATION
19.9537,114.537732,CN,Aulopiformes,Paralepididae,,2023,PRESERVED_SPECIMEN
38.073254,104.69114,CN,Myliobatiformes,Myliobatidae,,,MATERIAL_SAMPLE
24.9993,121.609,TW,Cypriniformes,Cyprinidae,Zacco platypus,2016,OCCURRENCE
23.21797,121.26988,TW,Cypriniformes,Cobitidae,Cobitis sinensis,2023,HUMAN_OBSERVATION
24.729299,121.688564,TW,Cypriniformes,Cyprinidae,Opsariichthys evolans,2025,HUMAN_OBSERVATION
23.79,108.85,CN,Cypriniformes,Cyprinidae,Pseudohemiculter dispar,2016,PRESERVED_SPECIMEN
23.497299,121.330059,TW,Cypriniformes,Cyprinidae,Opsariichthys pachycephalus,2021,HUMAN_OBSERVATION
23.1679,120.25603,TW,Cypriniformes,Cyprinidae,Culter alburnus,2022,HUMAN_OBSERVATION
21.936781,120.746582,TW,Perciformes,Lutjanidae,Lutjanus fulvus,2022,HUMAN_OBSERVATION
26.116667,119.333333,CN,Siluriformes,Clariidae,Clarias abbreviatus,,PRESERVED_SPECIMEN
22.243569,114.165568,HK,Perciformes,Siganidae,Siganus fuscescens,2025,HUMAN_OBSERVATION
22.97458,121.16539,TW,Cypriniformes,Cyprinidae,Opsariichthys pachycephalus,2022,HUMAN_OBSERVATION
25.1,121.25,TW,Anguilliformes,Anguillidae,Anguilla japonica,,MATERIAL_SAMPLE
24.762393,121.748931,TW,Cypriniformes,Cyprinidae,Carassius auratus,2025,HUMAN_OBSERVATION
25.51,98.86,CN,Cypriniformes,Cyprinidae,Schizothorax lissolabiatus,2013,PRESERVED_SPECIMEN
23.118222,120.088623,TW,Perciformes,Gobiidae,Acentrogobius viridipunctatus,2019,HUMAN_OBSERVATION
24.71,121.83,TW,Perciformes,Ambassidae,Ambassis macracanthus,2005,OCCURRENCE
24.1784,120.7378,TW,Cypriniformes,Cyprinidae,Carassius auratus,2021,HUMAN_OBSERVATION
23.32894,120.25344,TW,Mugiliformes,Mugilidae,Planiliza subviridis,2022,HUMAN_OBSERVATION
25.10853,121.45755,TW,Perciformes,Leiognathidae,Eubleekeria splendens,2015,OCCURRENCE
39.886112,98.021942,CN,Perciformes,Sciaenidae,Aplodinotus grunniens,1996,PRESERVED_SPECIMEN
22.384245,114.029261,HK,Cypriniformes,Cyprinidae,Opsariichthys bidens,2015,HUMAN_OBSERVATION
22.225727,114.395994,HK,Gasterosteiformes,Pegasidae,Eurypegasus draconis,2025,HUMAN_OBSERVATION
22.381458,114.221145,HK,Perciformes,Terapontidae,Terapon jarbua,2020,HUMAN_OBSERVATION
23.09,120.48,TW,Anguilliformes,Anguillidae,Anguilla japonica,2015,OCCURRENCE
31.152912,118.575233,CN,Cypriniformes,Cyprinidae,Carassius auratus,2023,HUMAN_OBSERVATION
24.23647,120.73536,TW,Cyprinodontiformes,Poeciliidae,Gambusia affinis,2021,HUMAN_OBSERVATION
23.50545,121.386489,TW,Cypriniformes,Cyprinidae,Acrossocheilus paradoxus,2021,HUMAN_OBSERVATION
23.1346,120.0717,TW,Perciformes,Gerreidae,Gerres filamentosus,2022,MATERIAL_SAMPLE
22.60308,120.58303,TW,Cypriniformes,Cobitidae,Cobitis sinensis,2022,HUMAN_OBSERVATION
22.477883,120.518113,TW,Cypriniformes,Cyprinidae,Zacco platypus,2025,HUMAN_OBSERVATION
24.82,120.44,TW,Perciformes,Carangidae,Megalaspis cordyla,,HUMAN_OBSERVATION
24.727796,121.688954,TW,Cypriniformes,Cyprinidae,Pseudorasbora parva,2025,HUMAN_OBSERVATION
25.110078,121.465028,TW,Perciformes,Gobiidae,Periophthalmus modestus,2025,HUMAN_OBSERVATION
23.7,120.85,TW,Cypriniformes,Balitoridae,Hemimyzon formosanus,2015,OCCURRENCE
44.92925,120.49735,CN,Cypriniformes,Cobitidae,Misgurnus mohoity,,MATERIAL_SAMPLE
22.21109,113.558594,MO,Cypriniformes,Cyprinidae,Cyprinus rubrofuscus,2025,HUMAN_OBSERVATION
23.43864,120.60528,TW,Cypriniformes,Cyprinidae,Opsariichthys pachycephalus,2022,HUMAN_OBSERVATION
22.232485,113.853479,HK,Perciformes,Channidae,Channa striata,2017,HUMAN_OBSERVATION
24.49359,120.79654,TW,Perciformes,Cichlidae,Coptodon zillii,2023,HUMAN_OBSERVATION
22.51325,120.30881,TW,Perciformes,Leiognathidae,Eubleekeria splendens,2021,PRESERVED_SPECIMEN
24.4,121.7,TW,Cypriniformes,Cyprinidae,Acrossocheilus paradoxus,2019,HUMAN_OBSERVATION
24.131933,120.005483,TW,Aulopiformes,Synodontidae,Synodus myops,2020,MATERIAL_SAMPLE
24.70473,121.75287,TW,Perciformes,Gobiidae,Sicyopterus japonicus,2022,HUMAN_OBSERVATION
24.78,121.69,TW,Cypriniformes,Balitoridae,Formosania lacustre,2022,HUMAN_OBSERVATION
40.93,116.62,CN,Cypriniformes,Cyprinidae,Abbottina rivularis,2005,PRESERVED_SPECIMEN
24.49296,120.79662,TW,Cypriniformes,Cobitidae,Cobitis sinensis,2023,HUMAN_OBSERVATION
24.44684,120.90391,TW,Cypriniformes,Cyprinidae,Acrossocheilus paradoxus,2014,OCCURRENCE
30.29,109.47,CN,Cypriniformes,Cobitidae,Misgurnus anguillicaudatus,2017,MATERIAL_SAMPLE
23.451324,120.312976,TW,Synbranchiformes,Synbranchidae,Monopterus albus,2026,HUMAN_OBSERVATION
20.703679,116.770219,TW,Perciformes,Blenniidae,,2011,PRESERVED_SPECIMEN
23.554725,120.164169,TW,Perciformes,Gobiidae,Acentrogobius viganensis,2013,HUMAN_OBSERVATION
34.15,113.42,CN,Cypriniformes,Cyprinidae,Cyprinus carpio,2018,MATERIAL_SAMPLE
38.073254,104.69114,CN,Cypriniformes,Balitoridae,Pseudogastromyzon fasciatus,,MATERIAL_SAMPLE
23.444018,120.165402,TW,Perciformes,Ambassidae,Ambassis miops,2023,HUMAN_OBSERVATION
24.66391,120.84218,TW,Perciformes,Gobiidae,Periophthalmus modestus,2016,OCCURRENCE
23.15577,120.33751,TW,Cypriniformes,Cyprinidae,Barbonymus gonionotus,2023,HUMAN_OBSERVATION
21.551,111.987,CN,Pleuronectiformes,Soleidae,,2006,MATERIAL_SAMPLE
23.12,120.45,TW,Cypriniformes,Cyprinidae,Microphysogobio alticorpus,2014,OCCURRENCE
19,109.5,CN,Perciformes,Siganidae,Siganus canaliculatus,1990,PRESERVED_SPECIMEN
24.66967,121.11412,TW,Cypriniformes,Cyprinidae,Acrossocheilus paradoxus,2005,OCCURRENCE
24.66308,121.07299,TW,Cypriniformes,Cyprinidae,Opsariichthys pachycephalus,2015,OCCURRENCE
25.135556,121.821944,TW,Anguilliformes,Muraenidae,,2018,HUMAN_OBSERVATION
24.461282,118.36779,TW,Perciformes,Sciaenidae,Johnius belangerii,2010,HUMAN_OBSERVATION
23.51851,120.59372,TW,Cypriniformes,Cyprinidae,Opsariichthys pachycephalus,2023,HUMAN_OBSERVATION
23.5302,120.9214,TW,Cypriniformes,Cyprinidae,Onychostoma barbatulum,2015,OCCURRENCE
43.808515,125.3268,CN,Perciformes,Channidae,Channa argus,2025,HUMAN_OBSERVATION
25.22736,121.61876,TW,Cypriniformes,Cyprinidae,Acrossocheilus paradoxus,2022,HUMAN_OBSERVATION
23.2831,119.558587,TW,Perciformes,Lutjanidae,Lutjanus argentimaculatus,2026,HUMAN_OBSERVATION
22.57361,120.305066,TW,Perciformes,Carangidae,Trachinotus baillonii,1906,PRESERVED_SPECIMEN
25.487408,122.102777,TW,Perciformes,Microdesmidae,,2023,HUMAN_OBSERVATION
23.106405,113.236095,CN,Perciformes,Gobiidae,Scartelaos histophorus,1934,PRESERVED_SPECIMEN
22.427888,114.180642,HK,Cypriniformes,Balitoridae,Liniparhomaloptera disparis,2018,HUMAN_OBSERVATION
23.68,117.51,CN,Gasterosteiformes,Pegasidae,Pegasus volitans,2012,MATERIAL_SAMPLE
23.51,117.51,CN,Perciformes,Polynemidae,Polydactylus sextarius,2017,PRESERVED_SPECIMEN
22.63,120.6,TW,Cypriniformes,Cyprinidae,Opsariichthys kaopingensis,2022,HUMAN_OBSERVATION
25.02,121.93,TW,Perciformes,Cichlidae,Coptodon zillii,1993,OCCURRENCE
21.25,109.75,CN,Lophiiformes,Lophiidae,,,MATERIAL_SAMPLE
22.56403,120.53939,TW,Cypriniformes,Cobitidae,Cobitis sinensis,2022,HUMAN_OBSERVATION
24.716089,121.702835,TW,Cypriniformes,Cyprinidae,Acrossocheilus paradoxus,2024,HUMAN_OBSERVATION
23.391817,121.304194,TW,Perciformes,Gobiidae,Rhinogobius gigas,2021,HUMAN_OBSERVATION
24.71,121.83,TW,Elopiformes,Megalopidae,Megalops cyprinoides,2004,OCCURRENCE
23.59,120.89,TW,Cypriniformes,Balitoridae,Hemimyzon formosanus,2017,OCCURRENCE
24.617405,121.754122,TW,Cypriniformes,Cyprinidae,Acrossocheilus paradoxus,2024,HUMAN_OBSERVATION
22.08239,120.73978,TW,Cypriniformes,Cyprinidae,Acrossocheilus paradoxus,2023,HUMAN_OBSERVATION
23.51851,120.59372,TW,Cypriniformes,Cyprinidae,Candidia barbata,2023,HUMAN_OBSERVATION
22.96,120.52,TW,Cypriniformes,Cyprinidae,Opsariichthys kaopingensis,2022,HUMAN_OBSERVATION
24.43,118.05,CN,Anguilliformes,Ophichthidae,,2016,MATERIAL_SAMPLE
23.127064,120.055231,TW,Perciformes,Sparidae,Acanthopagrus pacificus,2018,HUMAN_OBSERVATION
17.52,110.65,CN,Scorpaeniformes,Platycephalidae,Platycephalus indicus,2005,MATERIAL_SAMPLE
24.16927,120.70553,TW,Cypriniformes,Cyprinidae,Acrossocheilus paradoxus,2022,HUMAN_OBSERVATION
22.24611,120.89444,TW,Perciformes,Eleotridae,Eleotris fusca,2010,HUMAN_OBSERVATION
24.732,121.249,TW,Perciformes,Gobiidae,Rhinogobius candidianus,2021,HUMAN_OBSERVATION
22.63417,120.61,TW,Perciformes,Osphronemidae,Macropodus opercularis,2022,HUMAN_OBSERVATION
20.71,117.55,TW,Osmeriformes,Alepocephalidae,,,OCCURRENCE
24.728974,121.688702,TW,Cypriniformes,Cyprinidae,Carassius auratus,2025,HUMAN_OBSERVATION
24.9,121.8,TW,Perciformes,Gobiidae,Stiphodon percnopterygionus,2018,HUMAN_OBSERVATION
22.67586,121.472722,TW,Tetraodontiformes,Ostraciidae,Ostracion cubicus,2018,HUMAN_OBSERVATION
24.07657,120.7254,TW,Cypriniformes,Cyprinidae,Opsariichthys pachycephalus,2022,HUMAN_OBSERVATION
22.35,120.38,TW,Perciformes,Apogonidae,,2007,OCCURRENCE
24.53689,120.816,TW,Cypriniformes,Cyprinidae,Pseudorasbora parva,2023,HUMAN_OBSERVATION
25.485529,122.102838,TW,Perciformes,Pomacentridae,Stegastes fasciolatus,2023,HUMAN_OBSERVATION
25.031004,121.508655,TW,Perciformes,Cichlidae,Geophagus brasiliensis,2023,HUMAN_OBSERVATION
25.126111,121.914167,TW,Perciformes,Chaetodontidae,,2009,HUMAN_OBSERVATION
21.5,114.466667,CN,Syngnathiformes,Fistulariidae,Fistularia petimba,1958,PRESERVED_SPECIMEN
24.41,120.87,TW,Cypriniformes,Balitoridae,Formosania lacustre,2023,HUMAN_OBSERVATION
24.23558,120.73916,TW,Perciformes,Gobiidae,Rhinogobius candidianus,2022,HUMAN_OBSERVATION
23.1346,120.0717,TW,Pleuronectiformes,Paralichthyidae,Pseudorhombus arsius,2022,MATERIAL_SAMPLE
23.45603,120.48742,TW,Perciformes,Gobiidae,Rhinogobius maculafasciatus,2022,HUMAN_OBSERVATION
24.02,120.82,TW,Cypriniformes,Balitoridae,Sinogastromyzon puliensis,2020,HUMAN_OBSERVATION
36.212224,120.607284,CN,Cypriniformes,Cyprinidae,Pseudorasbora parva,2025,HUMAN_OBSERVATION
39.358612,97.127502,CN,Cypriniformes,Catostomidae,Carpiodes carpio,1996,PRESERVED_SPECIMEN
24.67682,120.95003,TW,Cypriniformes,Cyprinidae,Paratanakia himantegus,2023,HUMAN_OBSERVATION
24.1784,120.73781,TW,Perciformes,Cichlidae,Oreochromis niloticus,2022,HUMAN_OBSERVATION
25.113803,121.920169,TW,Perciformes,Chaetodontidae,,2015,HUMAN_OBSERVATION
25.0777,121.50332,TW,Perciformes,Terapontidae,Terapon jarbua,2022,HUMAN_OBSERVATION
23.385596,121.343008,TW,Cypriniformes,Cyprinidae,Opsariichthys pachycephalus,2021,HUMAN_OBSERVATION
30.840578,120.435791,CN,Perciformes,Odontobutidae,Odontobutis potamophila,2026,HUMAN_OBSERVATION
24.88464,121.28325,TW,Cypriniformes,Balitoridae,Formosania lacustre,2022,HUMAN_OBSERVATION
23.11788,113.34695,CN,Cypriniformes,Cyprinidae,Aphyocypris lini,2025,HUMAN_OBSERVATION
32.09163,118.857913,CN,Cypriniformes,Cyprinidae,Abbottina rivularis,2022,HUMAN_OBSERVATION
21.96,120.58,TW,Stomiiformes,Sternoptychidae,,,OCCURRENCE
23.345426,121.291423,TW,Cypriniformes,Cyprinidae,Acrossocheilus paradoxus,2022,HUMAN_OBSERVATION
23.439,120.60558,TW,Cypriniformes,Cyprinidae,Acrossocheilus paradoxus,2023,HUMAN_OBSERVATION
44.92925,120.49735,CN,Cypriniformes,Cobitidae,Misgurnus mohoity,,MATERIAL_SAMPLE
24.02683,120.83337,TW,Cypriniformes,Cyprinidae,Spinibarbus hollandi,2023,HUMAN_OBSERVATION
24.64492,120.95456,TW,Cypriniformes,Cyprinidae,Spinibarbus hollandi,2015,OCCURRENCE
23.17,120.26,TW,Perciformes,Channidae,Channa striata,2014,OCCURRENCE
28.97023,118.85931,CN,Cypriniformes,Cyprinidae,Acrossocheilus fasciatus,2025,HUMAN_OBSERVATION
23.1346,120.0717,TW,Clupeiformes,Engraulidae,Thryssa hamiltonii,2022,MATERIAL_SAMPLE
23.258614,121.298213,TW,Cypriniformes,Cyprinidae,Opsariichthys pachycephalus,2022,HUMAN_OBSERVATION
23.49719,120.30357,TW,Cyprinodontiformes,Poeciliidae,Poecilia reticulata,2023,HUMAN_OBSERVATION
24.1784,120.7378,TW,Cypriniformes,Cyprinidae,Carassius auratus,2021,HUMAN_OBSERVATION
39.9572,115.4244,CN,Stomiiformes,Gonostomatidae,,,MATERIAL_SAMPLE
25.147628,121.909711,TW,Perciformes,Gobiidae,Rhinogobius formosanus,2024,HUMAN_OBSERVATION
23.28988,120.3833,TW,Perciformes,Gobiidae,Rhinogobius similis,2013,OCCURRENCE
22.77,120.58,TW,Cypriniformes,Cyprinidae,Opsariichthys kaopingensis,2022,HUMAN_OBSERVATION
23.411861,120.547528,TW,Perciformes,Gobiidae,Rhinogobius candidianus,2023,HUMAN_OBSERVATION
24.69113,121.10358,TW,Cypriniformes,Cyprinidae,Onychostoma barbatulum,2004,OCCURRENCE
25.01,121.92,TW,Cypriniformes,Cyprinidae,Onychostoma barbatulum,2017,HUMAN_OBSERVATION
21.007,111.223,CN,Pleuronectiformes,Cynoglossidae,Cynoglossus puncticeps,2007,MATERIAL_SAMPLE
25.11,121.36,TW,Perciformes,Leiognathidae,Leiognathus berbis,1998,OCCURRENCE
22.466292,120.443972,TW,Clupeiformes,Engraulidae,Stolephorus waitei,2013,PRESERVED_SPECIMEN
23.17,120.09,TW,Perciformes,Ambassidae,,1995,OCCURRENCE
24.49356,120.79653,TW,Perciformes,Gobiidae,Rhinogobius candidianus,2023,HUMAN_OBSERVATION
23.45736,120.45731,TW,Cypriniformes,Cyprinidae,Opsariichthys pachycephalus,2022,HUMAN_OBSERVATION
24.02957,120.8414,TW,Cypriniformes,Cyprinidae,Spinibarbus hollandi,2022,HUMAN_OBSERVATION
25.091045,121.686964,TW,Perciformes,Cichlidae,Oreochromis mossambicus,2024,HUMAN_OBSERVATION
20.03,108.98,CN,Perciformes,Scatophagidae,Scatophagus argus,,PRESERVED_SPECIMEN
23.93656,120.68072,TW,Perciformes,Cichlidae,Oreochromis niloticus,2021,HUMAN_OBSERVATION
19.01,107.54,CN,Tetraodontiformes,Tetraodontidae,Lagocephalus spadiceus,,MATERIAL_SAMPLE
23.411472,120.406722,TW,Synbranchiformes,Synbranchidae,Monopterus albus,2023,HUMAN_OBSERVATION
24.71,121.83,TW,Perciformes,Sillaginidae,,2004,OCCURRENCE
24.9431,121.536,TW,Cypriniformes,Cyprinidae,Zacco platypus,2016,OCCURRENCE
23.50449,120.48187,TW,Cypriniformes,Cyprinidae,Acrossocheilus paradoxus,2022,HUMAN_OBSERVATION
26.84416,111.22888,CN,Cypriniformes,Cyprinidae,Sarcocheilichthys nigripinnis,2002,PRESERVED_SPECIMEN
20.78017,116.8149,TW,Clupeiformes,Clupeidae,,2011,PRESERVED_SPECIMEN
24.75,121.09,TW,Cypriniformes,Balitoridae,Hemimyzon formosanus,2005,OCCURRENCE
24.880544,118.62045,CN,Perciformes,Gobiidae,Periophthalmus modestus,2015,HUMAN_OBSERVATION
23.697807,120.96051,TW,Perciformes,Trichiuridae,,,MATERIAL_SAMPLE
24.7865,120.912238,TW,Perciformes,Gobiidae,Periophthalmus modestus,2025,HUMAN_OBSERVATION
22.15314,120.77975,TW,Perciformes,Gobiidae,Rhinogobius candidianus,2012,OCCURRENCE
23.40331,121.31355,TW,Cypriniformes,Cyprinidae,Acrossocheilus paradoxus,2006,OCCURRENCE
23.270459,121.289638,TW,Cypriniformes,Cyprinidae,Acrossocheilus paradoxus,2021,HUMAN_OBSERVATION
22.22484,114.126907,HK,Cypriniformes,Cyprinidae,Rhodeus ocellatus,2015,HUMAN_OBSERVATION
23.66236,121.4346,TW,Cypriniformes,Cyprinidae,Opsariichthys pachycephalus,2017,OCCURRENCE
18.084347,109.521341,CN,Perciformes,Leiognathidae,Gazza minuta,2024,HUMAN_OBSERVATION
20.01,108.2,CN,Perciformes,Uranoscopidae,,,MATERIAL_SAMPLE
23.43186,120.46369,TW,Cypriniformes,Cyprinidae,Microphysogobio alticorpus,2023,HUMAN_OBSERVATION
24.9993,121.609,TW,Cypriniformes,Cyprinidae,Zacco platypus,2016,OCCURRENCE
23.43819,120.60561,TW,Perciformes,Gobiidae,Rhinogobius candidianus,2023,HUMAN_OBSERVATION
26.695983,120.12487,CN,Perciformes,Sciaenidae,Larimichthys crocea,2025,HUMAN_OBSERVATION
23.07486,120.32658,TW,Siluriformes,Loricariidae,Pterygoplichthys pardalis,2012,OCCURRENCE
23.15722,121.2374,TW,Perciformes,Gobiidae,Rhinogobius candidianus,2022,HUMAN_OBSERVATION
22.57361,120.305066,TW,Perciformes,Siganidae,Siganus virgatus,1906,PRESERVED_SPECIMEN
23.16,121.24,TW,Cypriniformes,Cyprinidae,Onychostoma alticorpus,2022,HUMAN_OBSERVATION
26.150632,119.288952,CN,Perciformes,Cichlidae,Sarotherodon galilaeus,2026,HUMAN_OBSERVATION
24.7063,121.71775,TW,Cypriniformes,Cyprinidae,Opsariichthys pachycephalus,2022,HUMAN_OBSERVATION
23.461199,121.499297,TW,Perciformes,Ambassidae,Ambassis macracanthus,2021,HUMAN_OBSERVATION
23.118403,120.088635,TW,Tetraodontiformes,Tetraodontidae,Arothron hispidus,2017,HUMAN_OBSERVATION
22.504775,114.249564,HK,Cypriniformes,Cobitidae,Paramisgurnus dabryanus,2020,HUMAN_OBSERVATION
23.156826,121.23773,TW,Siluriformes,Loricariidae,Pterygoplichthys pardalis,2022,HUMAN_OBSERVATION
22.477383,120.753319,TW,Cypriniformes,Cyprinidae,Onychostoma barbatulum,2016,HUMAN_OBSERVATION
24.61,121.81,TW,Perciformes,Gobiidae,Awaous melanocephalus,2019,HUMAN_OBSERVATION
18.18,109.43,CN,Perciformes,Apogonidae,,2016,MATERIAL_SAMPLE
29.25,115.1,CN,Cypriniformes,Cobitidae,Misgurnus anguillicaudatus,2017,MATERIAL_SAMPLE
24.65884,121.12367,TW,Siluriformes,Bagridae,Pseudobagrus brevianalis,2005,OCCURRENCE
23.72028,121.42569,TW,Cypriniformes,Cyprinidae,Opsariichthys pachycephalus,2022,HUMAN_OBSERVATION
24.64492,120.95456,TW,Perciformes,Gobiidae,Rhinogobius candidianus,2015,OCCURRENCE
22.12764,120.77778,TW,Perciformes,Gobiidae,Rhinogobius similis,2012,OCCURRENCE
23.11,120.2,TW,Cypriniformes,Cyprinidae,Hypsibarbus pierrei,2015,OCCURRENCE
22.47,120.43,TW,Perciformes,Polynemidae,Eleutheronema rhadinum,2005,OCCURRENCE
40.36,96.85,CN,Cypriniformes,Cyprinidae,Cyprinella lutrensis,2007,PRESERVED_SPECIMEN
24.450517,120.16565,TW,Perciformes,Terapontidae,Terapon jarbua,2021,PRESERVED_SPECIMEN
21.96,120.76,TW,Perciformes,Kuhliidae,Kuhlia mugil,1976,OCCURRENCE
24.653597,121.818258,TW,Cypriniformes,Cyprinidae,Hemiculter leucisculus,2025,HUMAN_OBSERVATION
39.800556,97.791115,CN,Cypriniformes,Cyprinidae,Macrhybopsis aestivalis,1995,PRESERVED_SPECIMEN
24.19867,120.63522,TW,Perciformes,Cichlidae,Oreochromis niloticus,2021,HUMAN_OBSERVATION
22.79,115.25,CN,Tetraodontiformes,Tetraodontidae,Lagocephalus spadiceus,2023,MATERIAL_SAMPLE
22.99,120.55,TW,Cypriniformes,Balitoridae,Sinogastromyzon nantaiensis,2022,HUMAN_OBSERVATION
20.476,109.825,CN,Perciformes,Sciaenidae,Dendrophysa russelii,2006,MATERIAL_SAMPLE
24.71872,121.706347,TW,Perciformes,Cichlidae,Geophagus brasiliensis,2018,HUMAN_OBSERVATION
22.56442,120.53967,TW,Cypriniformes,Cyprinidae,Systomus rubripinnis,2022,HUMAN_OBSERVATION
25.091045,121.686964,TW,Perciformes,Cichlidae,Oreochromis mossambicus,2024,HUMAN_OBSERVATION
23.28053,120.47203,TW,Cypriniformes,Cyprinidae,Carassius auratus,2023,HUMAN_OBSERVATION
23.68852,121.380013,TW,Perciformes,Kuhliidae,Kuhlia rupestris,2019,HUMAN_OBSERVATION
23.07426,120.32596,TW,Siluriformes,Loricariidae,Pterygoplichthys pardalis,2022,HUMAN_OBSERVATION
25.217871,121.360576,TW,Aulopiformes,Synodontidae,Harpadon nehereus,2020,PRESERVED_SPECIMEN
24.729637,121.688583,TW,Cypriniformes,Cyprinidae,Candidia barbata,2024,HUMAN_OBSERVATION
37.507778,97.537499,CN,Cyprinodontiformes,Fundulidae,Fundulus zebrinus,1996,PRESERVED_SPECIMEN
22.51325,120.30881,TW,Clupeiformes,Engraulidae,Thryssa hamiltonii,2020,PRESERVED_SPECIMEN
22.243376,113.975349,HK,Pleuronectiformes,Paralichthyidae,Pseudorhombus arsius,2017,HUMAN_OBSERVATION
22.208463,114.131981,HK,Perciformes,Siganidae,Siganus fuscescens,2025,HUMAN_OBSERVATION
18.22163,109.547424,CN,Perciformes,Lethrinidae,Lethrinus lentjan,2026,HUMAN_OBSERVATION
24.00845,120.69697,TW,Cypriniformes,Cyprinidae,Opsariichthys pachycephalus,2004,OCCURRENCE
25.06321,121.50651,TW,Perciformes,Terapontidae,Terapon jarbua,2015,OCCURRENCE
25.0685,121.653,TW,Perciformes,Cichlidae,Oreochromis mossambicus,2016,OCCURRENCE
23.42,119.7,TW,Aulopiformes,Synodontidae,Synodus myops,,HUMAN_OBSERVATION
22.46,120.46,TW,Perciformes,Osphronemidae,Trichopodus trichopterus,1991,HUMAN_OBSERVATION
23.12,120.35,TW,Perciformes,Gobiidae,Rhinogobius maculafasciatus,2014,OCCURRENCE
22.04877,121.51733,TW,Perciformes,Gobiidae,Sicyopterus lagocephalus,2009,HUMAN_OBSERVATION
22.184303,113.534897,MO,Mugiliformes,Mugilidae,Mugil cephalus,2025,HUMAN_OBSERVATION
23.647444,121.57755,TW,Perciformes,Gobiidae,Sicyopus zosterophorus,2026,HUMAN_OBSERVATION
24.1784,120.7378,TW,Cypriniformes,Cyprinidae,Opsariichthys pachycephalus,2021,HUMAN_OBSERVATION
23.532617,120.021117,TW,Perciformes,Serranidae,Epinephelus coioides,2020,PRESERVED_SPECIMEN
23.76708,121.49777,TW,Perciformes,Gobiidae,Rhinogobius gigas,2023,HUMAN_OBSERVATION
24.723033,120.498317,TW,Anguilliformes,Muraenidae,,2018,PRESERVED_SPECIMEN
24.23605,119.835083,TW,Perciformes,Sparidae,Acanthopagrus latus,2020,PRESERVED_SPECIMEN
23.1,121.37,TW,Perciformes,Mullidae,Parupeneus indicus,,MATERIAL_SAMPLE
21,109.583,CN,Perciformes,Lateolabracidae,Lateolabrax japonicus,2013,MATERIAL_SAMPLE
23.48452,120.55383,TW,Cypriniformes,Cyprinidae,Opsariichthys pachycephalus,2022,HUMAN_OBSERVATION
22.466194,120.444056,TW,Perciformes,Leiognathidae,Aurigequula fasciata,2008,PRESERVED_SPECIMEN
20.917,110.542,CN,Beloniformes,Belonidae,Strongylura strongylura,2006,MATERIAL_SAMPLE
24.71167,121.704825,TW,Cypriniformes,Cyprinidae,Barbodes semifasciolatus,2022,HUMAN_OBSERVATION
24.9993,121.609,TW,Cypriniformes,Cyprinidae,Zacco platypus,2016,OCCURRENCE
24.42,98.97,CN,Cypriniformes,Cyprinidae,Tariqilabeo bicornis,2012,PRESERVED_SPECIMEN
24.09695,120.62367,TW,Perciformes,Cichlidae,Oreochromis niloticus,2022,HUMAN_OBSERVATION
19.9537,114.537732,CN,Stomiiformes,Sternoptychidae,,2021,PRESERVED_SPECIMEN
23.15649,121.23745,TW,Perciformes,Cichlidae,Oreochromis niloticus,2022,HUMAN_OBSERVATION
22.466667,120.45,TW,Anguilliformes,Ophichthidae,,2013,PRESERVED_SPECIMEN
23.291377,121.27802,TW,Perciformes,Gobiidae,Rhinogobius gigas,2022,HUMAN_OBSERVATION
23.89439,120.71138,TW,Cypriniformes,Cyprinidae,Spinibarbus hollandi,2005,OCCURRENCE
22.44,120.47,TW,Perciformes,Sphyraenidae,,2004,MATERIAL_SAMPLE
22.152702,113.559745,MO,Perciformes,Channidae,Channa striata,2026,HUMAN_OBSERVATION
23.662509,120.474159,TW,Cypriniformes,Cyprinidae,Barbonymus gonionotus,2023,HUMAN_OBSERVATION
41.78371,98.69833,CN,Cypriniformes,Cyprinidae,Notropis stramineus,2008,PRESERVED_SPECIMEN
22.51566,114.12258,HK,Cypriniformes,Cyprinidae,Carassius auratus,2019,HUMAN_OBSERVATION
23.206319,121.288639,TW,Cypriniformes,Cyprinidae,Opsariichthys pachycephalus,2022,HUMAN_OBSERVATION
24.729797,121.688628,TW,Perciformes,Cichlidae,Geophagus brasiliensis,2020,HUMAN_OBSERVATION
21.9231,120.703,TW,Osmeriformes,Plecoglossidae,Plecoglossus altivelis,2012,MATERIAL_SAMPLE
23.312306,120.152472,TW,Siluriformes,Ariidae,Arius maculatus,2023,HUMAN_OBSERVATION
21.67,117.72,TW,Gadiformes,Macrouridae,,,OCCURRENCE
22.42,120.26,TW,Perciformes,Apogonidae,,,HUMAN_OBSERVATION
24.582,121.867,TW,Perciformes,Acanthuridae,,2005,MATERIAL_SAMPLE
25.05029,121.016204,TW,Perciformes,Sciaenidae,Larimichthys crocea,2017,PRESERVED_SPECIMEN
22.89181,121.09429,TW,Cypriniformes,Cyprinidae,Acrossocheilus paradoxus,2017,OCCURRENCE
24.671472,98.011861,CN,Cypriniformes,Nemacheilidae,Schistura vinciguerrae,2003,PRESERVED_SPECIMEN
39.890097,116.122932,CN,Cypriniformes,Cyprinidae,Carassius auratus,2025,HUMAN_OBSERVATION
23.2546,119.512414,TW,Perciformes,Chaetodontidae,,2009,HUMAN_OBSERVATION
22.59843,120.445611,TW,Perciformes,Osphronemidae,Trichopodus trichopterus,2024,HUMAN_OBSERVATION
23.328556,120.252361,TW,Perciformes,Eleotridae,Eleotris fusca,2023,HUMAN_OBSERVATION
25.174665,121.538684,TW,Cypriniformes,Cyprinidae,Candidia barbata,2021,HUMAN_OBSERVATION
24.720433,121.719505,TW,Perciformes,Cichlidae,Geophagus brasiliensis,2025,HUMAN_OBSERVATION
24.79,121.97,TW,Ophidiiformes,Ophidiidae,,2000,HUMAN_OBSERVATION
23.9199,120.956032,TW,Perciformes,Cichlidae,Oreochromis niloticus,2021,HUMAN_OBSERVATION
22.466667,120.45,TW,Anguilliformes,Congridae,,2012,PRESERVED_SPECIMEN
23.448093,120.136167,TW,Perciformes,Gobiidae,Scartelaos histophorus,2026,HUMAN_OBSERVATION
18.266667,109.45,CN,Perciformes,Siganidae,Siganus canaliculatus,1990,PRESERVED_SPECIMEN
22.333333,113.833333,CN,Carcharhiniformes,Carcharhinidae,,2009,PRESERVED_SPECIMEN
22.041803,121.568261,TW,Perciformes,Chaetodontidae,,2010,HUMAN_OBSERVATION
23.09,120.51,TW,Cypriniformes,Cyprinidae,Hemiculter leucisculus,2014,OCCURRENCE
24.131933,120.005483,TW,Tetraodontiformes,Tetraodontidae,Lagocephalus lunaris,2020,MATERIAL_SAMPLE
24.73023,121.698128,TW,Osmeriformes,Plecoglossidae,Plecoglossus altivelis,2025,HUMAN_OBSERVATION
24.722966,121.724104,TW,Cyprinodontiformes,Poeciliidae,Gambusia affinis,2018,HUMAN_OBSERVATION
43.89324,119.30403,CN,Cypriniformes,Cyprinidae,,,MATERIAL_SAMPLE
24.74,121.09,TW,Cypriniformes,Cobitidae,Misgurnus anguillicaudatus,2015,OCCURRENCE
28.68385,115.96584,CN,Cyprinodontiformes,Poeciliidae,Gambusia affinis,2025,HUMAN_OBSERVATION
23.566667,119.583333,TW,Perciformes,Blenniidae,Istiblennius dussumieri,1996,PRESERVED_SPECIMEN
25.02,121.93,TW,Mugiliformes,Mugilidae,Planiliza macrolepis,1987,OCCURRENCE
23.39961,120.51122,TW,Perciformes,Gobiidae,Rhinogobius candidianus,2023,HUMAN_OBSERVATION
22.01,120.74,TW,Perciformes,Nemipteridae,Pentapodus nagasakiensis,1992,OCCURRENCE
22.490286,114.146518,HK,Cypriniformes,Cyprinidae,Rhodeus ocellatus,1936,PRESERVED_SPECIMEN
24.43,118.5,CN,Anguilliformes,Congridae,,,MATERIAL_SAMPLE
24.277999,120.859293,TW,Cypriniformes,Cyprinidae,Paratanakia himantegus,2006,HUMAN_OBSERVATION
24.7012,121.05004,TW,Cypriniformes,Cyprinidae,Opsariichthys evolans,2015,OCCURRENCE
22.256773,113.860193,HK,Perciformes,Gobiidae,Periophthalmus modestus,2023,HUMAN_OBSERVATION
22.65,120.4,TW,Perciformes,Leiognathidae,Secutor megalolepis,2018,PRESERVED_SPECIMEN
22.99,120.55,TW,Cypriniformes,Balitoridae,Sinogastromyzon nantaiensis,2022,HUMAN_OBSERVATION
24.729249,121.68826,TW,Cyprinodontiformes,Poeciliidae,Xiphophorus hellerii,2025,HUMAN_OBSERVATION
22.328971,120.370139,TW,Perciformes,Kuhliidae,Kuhlia mugil,2024,HUMAN_OBSERVATION
26.24013,119.24471,CN,Synbranchiformes,Synbranchidae,Monopterus albus,2025,HUMAN_OBSERVATION
25.0333,121.31769,TW,Perciformes,Cichlidae,Oreochromis mossambicus,2024,HUMAN_OBSERVATION
25.0333,121.31769,TW,Cypriniformes,Cyprinidae,Candidia barbata,2024,HUMAN_OBSERVATION
22.47,120.45,TW,Anguilliformes,Congridae,,2015,PRESERVED_SPECIMEN
22.173628,100.85677,CN,Cypriniformes,Cyprinidae,Carassius auratus,2021,HUMAN_OBSERVATION
24.14,120.34,TW,Perciformes,Leiognathidae,Secutor ruconius,2002,HUMAN_OBSERVATION
23.217991,121.270227,TW,Perciformes,Channidae,Channa striata,2022,HUMAN_OBSERVATION
19.71,112.76,CN,Perciformes,Leiognathidae,,2007,MATERIAL_SAMPLE
24.9,121.9,TW,Perciformes,Gobiidae,Stiphodon percnopterygionus,2018,HUMAN_OBSERVATION
22.428719,114.250017,HK,Perciformes,Gobiidae,Periophthalmus modestus,2024,HUMAN_OBSERVATION
22.364438,114.288868,HK,Perciformes,Lethrinidae,Lethrinus lentjan,2022,HUMAN_OBSERVATION
23.866105,121.527295,TW,Perciformes,Cichlidae,Parachromis managuensis,2025,HUMAN_OBSERVATION
23.3218,121.33187,TW,Perciformes,Gobiidae,Rhinogobius candidianus,2005,OCCURRENCE
24.46277,120.85274,TW,Cypriniformes,Cyprinidae,Acrossocheilus paradoxus,2023,HUMAN_OBSERVATION
28.769651,104.634879,CN,Cypriniformes,Cyprinidae,Rhinogobio cylindricus,1929,PRESERVED_SPECIMEN
34.083078,108.764747,CN,Cypriniformes,Cyprinidae,Cyprinus rubrofuscus,2026,HUMAN_OBSERVATION
22.49827,120.41606,TW,Perciformes,Gobiidae,Periophthalmus modestus,2005,OCCURRENCE
22.730552,114.358137,CN,Perciformes,Cichlidae,Coptodon zillii,2024,HUMAN_OBSERVATION
22.344964,120.389808,TW,Perciformes,Chaetodontidae,,2011,HUMAN_OBSERVATION
23.11,120.48,TW,Siluriformes,Loricariidae,Pterygoplichthys pardalis,2014,OCCURRENCE
25.211511,121.698828,TW,Perciformes,Serranidae,Cromileptes altivelis,2012,HUMAN_OBSERVATION
24.03595,114.20388,CN,Cypriniformes,Cyprinidae,Cyprinus carpio,2023,PRESERVED_SPECIMEN
24.9993,121.609,TW,Cypriniformes,Cyprinidae,Zacco platypus,2016,OCCURRENCE
22.47,120.43,TW,Perciformes,Sciaenidae,Johnius belangerii,2010,OCCURRENCE
41.49834,98.7802,CN,Perciformes,Sciaenidae,Aplodinotus grunniens,2008,PRESERVED_SPECIMEN
23.322756,121.329793,TW,Siluriformes,Loricariidae,Pterygoplichthys pardalis,2022,HUMAN_OBSERVATION
25.2,118.89,CN,Siluriformes,Plotosidae,Plotosus lineatus,2017,PRESERVED_SPECIMEN
23.206319,121.288639,TW,Perciformes,Cichlidae,,2022,HUMAN_OBSERVATION
24.0978,120.62405,TW,Perciformes,Cichlidae,Oreochromis niloticus,2021,HUMAN_OBSERVATION
25.27,110.28,CN,Cypriniformes,Cobitidae,Misgurnus anguillicaudatus,2017,MATERIAL_SAMPLE
24.17,120.94,TW,Cypriniformes,Balitoridae,Formosania lacustre,2023,HUMAN_OBSERVATION
17.98,108.72,CN,Clupeiformes,Clupeidae,,,MATERIAL_SAMPLE
24.19,120.49,TW,Cypriniformes,Balitoridae,Sinogastromyzon puliensis,2020,HUMAN_OBSERVATION
22.954564,121.293897,TW,Anguilliformes,Muraenidae,Gymnothorax fimbriatus,2021,HUMAN_OBSERVATION
22.381944,114.270833,HK,Perciformes,Carangidae,,1958,PRESERVED_SPECIMEN
35.700001,106.599998,CN,Perciformes,Cichlidae,,,MATERIAL_CITATION
25.886917,98.838778,CN,Cypriniformes,Nemacheilidae,Schistura longa,2000,PRESERVED_SPECIMEN
24.94,121.9,TW,Lophiiformes,Lophiidae,,2002,OCCURRENCE
24.730072,121.6986,TW,Cypriniformes,Cyprinidae,Opsariichthys pachycephalus,2024,HUMAN_OBSERVATION
24.71,121.83,TW,Perciformes,Gobiidae,Taenioides cirratus,2004,OCCURRENCE
24.99981,121.60612,TW,Perciformes,Cichlidae,Coptodon zillii,2023,HUMAN_OBSERVATION
22.91895,120.18426,TW,Perciformes,Ambassidae,Ambassis miops,2022,HUMAN_OBSERVATION
31.388078,121.518333,CN,Perciformes,Channidae,Channa argus,2026,HUMAN_OBSERVATION
27.23,111.47,CN,Cypriniformes,Cobitidae,Misgurnus anguillicaudatus,2017,MATERIAL_SAMPLE
19.2,110.68,CN,Gasterosteiformes,Pegasidae,Pegasus volitans,2012,PRESERVED_SPECIMEN
22.3,114.29,HK,Perciformes,Serranidae,Epinephelus coioides,2021,PRESERVED_SPECIMEN
23.53672,120.5316,TW,Perciformes,Gobiidae,Rhinogobius candidianus,2023,HUMAN_OBSERVATION
22.35,120.38,TW,Perciformes,Cirrhitidae,Cirrhitichthys aprinus,2007,OCCURRENCE
23.78942,120.99504,TW,Cypriniformes,Cyprinidae,Opsariichthys pachycephalus,2006,OCCURRENCE
25.2,118.89,CN,Perciformes,Gobiidae,Tridentiger barbatus,2017,PRESERVED_SPECIMEN
23.14,120.47,TW,Cypriniformes,Cyprinidae,Hemiculter leucisculus,2015,OCCURRENCE
23.1346,120.0717,TW,Perciformes,Sillaginidae,Sillago sihama,2022,MATERIAL_SAMPLE
25.091045,121.686964,TW,Cyprinodontiformes,Poeciliidae,Gambusia affinis,2024,HUMAN_OBSERVATION
23.32894,120.25344,TW,Mugiliformes,Mugilidae,Planiliza subviridis,2022,HUMAN_OBSERVATION
25.02996,121.32008,TW,Perciformes,Gobiidae,Rhinogobius rubromaculatus,2024,HUMAN_OBSERVATION
24.70111,121.04978,TW,Cypriniformes,Cyprinidae,Hemibarbus labeo,2006,OCCURRENCE
38.073254,104.69114,CN,Cypriniformes,Cyprinidae,,,MATERIAL_SAMPLE
23.475811,120.245247,TW,Cyprinodontiformes,Poeciliidae,Gambusia affinis,2023,HUMAN_OBSERVATION
23.316609,120.154073,TW,Mugiliformes,Mugilidae,Crenimugil crenilabis,2020,HUMAN_OBSERVATION
24.735542,121.726945,TW,Siluriformes,Loricariidae,,2025,HUMAN_OBSERVATION
23.258614,121.298213,TW,Cypriniformes,Cyprinidae,Opsariichthys pachycephalus,2022,HUMAN_OBSERVATION
21.05,109.117,CN,Myctophiformes,Myctophidae,,2022,MATERIAL_SAMPLE
22.02,114.55,CN,Perciformes,Carangidae,Parastromateus niger,2015,PRESERVED_SPECIMEN
28.11911,120.95996,CN,Cypriniformes,Cyprinidae,Acrossocheilus fasciatus,,PRESERVED_SPECIMEN
23.39631,120.41889,TW,Cyprinodontiformes,Poeciliidae,Poecilia reticulata,2022,HUMAN_OBSERVATION
29.944921,122.230209,CN,Osmeriformes,Salangidae,Protosalanx chinensis,2025,HUMAN_OBSERVATION
29.945599,122.28427,CN,Tetraodontiformes,Balistidae,Balistoides conspicillum,2024,HUMAN_OBSERVATION
23.88,120.73,TW,Cypriniformes,Balitoridae,Sinogastromyzon puliensis,2020,HUMAN_OBSERVATION
23.72653,120.6234,TW,Cypriniformes,Cyprinidae,Opsariichthys pachycephalus,2023,HUMAN_OBSERVATION
24.5,121.8,TW,Cypriniformes,Cyprinidae,Acrossocheilus paradoxus,2019,HUMAN_OBSERVATION
24.82585,121.06515,TW,Perciformes,Gobiidae,Rhinogobius candidianus,2023,HUMAN_OBSERVATION
23.107992,120.043438,TW,Perciformes,Carangidae,Caranx sexfasciatus,2021,HUMAN_OBSERVATION
26.876714,112.658867,CN,Cypriniformes,Cyprinidae,Rhodeus ocellatus,2025,HUMAN_OBSERVATION
22.97464,121.16506,TW,Cypriniformes,Cyprinidae,Acrossocheilus paradoxus,2022,HUMAN_OBSERVATION
23.114808,120.098873,TW,Scorpaeniformes,Platycephalidae,Platycephalus indicus,2016,HUMAN_OBSERVATION
22.067977,120.95279,TW,Cypriniformes,Cyprinidae,Barbodes semifasciolatus,2024,HUMAN_OBSERVATION
22.339781,120.370743,TW,Tetraodontiformes,Tetraodontidae,Arothron stellatus,2026,HUMAN_OBSERVATION
24.08084,120.70946,TW,Cypriniformes,Cyprinidae,Spinibarbus hollandi,2022,HUMAN_OBSERVATION
29.549418,103.763336,CN,Cypriniformes,Cyprinidae,Saurogobio dabryi,1931,PRESERVED_SPECIMEN
23.65466,120.87501,TW,Cypriniformes,Cyprinidae,Acrossocheilus paradoxus,2006,OCCURRENCE
25.0685,121.653,TW,Perciformes,Cichlidae,Oreochromis mossambicus,2016,OCCURRENCE
23.434889,120.49025,TW,Cypriniformes,Cyprinidae,Opsariichthys pachycephalus,2023,HUMAN_OBSERVATION
22.311928,114.292184,HK,Perciformes,Serranidae,Epinephelus malabaricus,2020,HUMAN_OBSERVATION
22.3375,120.358056,TW,Perciformes,Chaetodontidae,,2009,HUMAN_OBSERVATION
23.721466,120.956055,TW,Perciformes,Haemulidae,,,PRESERVED_SPECIMEN
23.09183,112.54185,CN,Cypriniformes,Cyprinidae,Squaliobarbus curriculus,2023,PRESERVED_SPECIMEN
22.65,120.4,TW,Perciformes,Leiognathidae,Photopectoralis bindus,2018,PRESERVED_SPECIMEN
23.438889,120.605472,TW,Perciformes,Gobiidae,Rhinogobius candidianus,2023,HUMAN_OBSERVATION
24.48,118.1,CN,Anguilliformes,Ophichthidae,Ophichthus apicalis,2016,PRESERVED_SPECIMEN
23.106405,113.236095,CN,Perciformes,Callionymidae,Callionymus curvicornis,1931,PRESERVED_SPECIMEN
22.269748,114.045436,HK,Cypriniformes,Cyprinidae,Opsariichthys bidens,2021,HUMAN_OBSERVATION
24.88004,121.38049,TW,Cypriniformes,Cyprinidae,Candidia barbata,2023,HUMAN_OBSERVATION
24.7972,121.035263,TW,Cypriniformes,Cyprinidae,Opsariichthys evolans,2021,HUMAN_OBSERVATION
23.553601,120.158226,TW,Perciformes,Cichlidae,Oreochromis mossambicus,2025,HUMAN_OBSERVATION
23.89439,120.71138,TW,Perciformes,Cichlidae,Oreochromis niloticus,2005,OCCURRENCE
23.385596,121.343008,TW,Perciformes,Cichlidae,,2021,HUMAN_OBSERVATION
25.217871,121.360576,TW,Perciformes,Terapontidae,Pelates quadrilineatus,2020,PRESERVED_SPECIMEN
21.5,114.466667,CN,Tetraodontiformes,,,1958,PRESERVED_SPECIMEN
23.951978,120.851587,TW,Cypriniformes,Cyprinidae,Candidia barbata,2026,HUMAN_OBSERVATION
22.47817,120.35915,TW,Perciformes,Leiognathidae,Eubleekeria splendens,2023,MATERIAL_SAMPLE
23.05463,121.1992,TW,Perciformes,Gobiidae,Rhinogobius candidianus,2023,HUMAN_OBSERVATION
24.08277,120.87876,TW,Cypriniformes,Cyprinidae,Acrossocheilus paradoxus,2022,HUMAN_OBSERVATION
23.2182,121.27014,TW,Perciformes,Gobiidae,Rhinogobius candidianus,2005,OCCURRENCE
22.47,120.43,TW,Perciformes,Nemipteridae,Nemipterus peronii,2004,OCCURRENCE
24.472717,120.655917,TW,Perciformes,Terapontidae,Terapon jarbua,2025,HUMAN_OBSERVATION
39.661388,99.567223,CN,Cypriniformes,Cyprinidae,Pimephales promelas,1996,PRESERVED_SPECIMEN
24.68864,121.75267,TW,Perciformes,Gobiidae,Rhinogobius maculafasciatus,2022,HUMAN_OBSERVATION
22.201618,114.026501,HK,Beloniformes,Belonidae,Strongylura leiura,2022,HUMAN_OBSERVATION
22.44505,114.136658,HK,Cypriniformes,Cyprinidae,Opsariichthys evolans,2021,HUMAN_OBSERVATION
24.67579,120.94912,TW,Cypriniformes,Cyprinidae,Hemibarbus labeo,2005,OCCURRENCE
22.37,112.68,CN,Cypriniformes,Cyprinidae,Chanodichthys erythropterus,2017,PRESERVED_SPECIMEN
25.2,121.67,TW,Perciformes,Cheilodactylidae,Cheilodactylus zonatus,1990,OCCURRENCE
25.22732,121.6189,TW,Cypriniformes,Cyprinidae,Opsariichthys pachycephalus,2022,HUMAN_OBSERVATION
23.6,120.66,TW,Cypriniformes,Balitoridae,Sinogastromyzon puliensis,2006,OCCURRENCE
25.481815,119.752502,CN,Perciformes,Terapontidae,Terapon jarbua,2025,HUMAN_OBSERVATION
39.131373,105.969316,CN,Cypriniformes,Cyprinidae,Carassius auratus,2024,HUMAN_OBSERVATION
25.186508,121.56183,TW,Cypriniformes,Cyprinidae,Acrossocheilus paradoxus,2012,HUMAN_OBSERVATION
23.731461,120.522881,TW,Siluriformes,Loricariidae,,2023,HUMAN_OBSERVATION
28.25,117.683333,CN,Siluriformes,Siluridae,Silurus asotus,,PRESERVED_SPECIMEN
24.74,121.09,TW,Cypriniformes,Cyprinidae,Acrossocheilus paradoxus,2015,OCCURRENCE
23.874065,121.555266,TW,Perciformes,Cichlidae,Oreochromis mossambicus,1969,PRESERVED_SPECIMEN
37.857488,113.532166,CN,Perciformes,Odontobutidae,Micropercops swinhonis,2026,HUMAN_OBSERVATION
23.2775,120.40125,TW,Cypriniformes,Cyprinidae,Paratanakia himantegus,2023,HUMAN_OBSERVATION
23.70274,120.5675,TW,Cyprinodontiformes,Poeciliidae,Gambusia affinis,2022,HUMAN_OBSERVATION
27,111.19972,CN,Cypriniformes,Cyprinidae,Saurogobio dabryi,2002,PRESERVED_SPECIMEN
23.49721,120.30348,TW,Cyprinodontiformes,Poeciliidae,Poecilia reticulata,2023,HUMAN_OBSERVATION
24.10219,120.61201,TW,Cypriniformes,Cobitidae,Cobitis sinensis,2001,OCCURRENCE
22.246678,113.980738,HK,Cypriniformes,Balitoridae,Pseudogastromyzon myersi,2019,HUMAN_OBSERVATION
23.2546,119.512414,TW,Perciformes,Scaridae,,2012,HUMAN_OBSERVATION
25.22741,121.61936,TW,Cypriniformes,Balitoridae,Formosania lacustre,2022,HUMAN_OBSERVATION
24.78439,121.68983,TW,Cypriniformes,Cyprinidae,Acrossocheilus paradoxus,2022,HUMAN_OBSERVATION
23.95,120.95,TW,Cypriniformes,Cyprinidae,Squalidus banarescui,2021,HUMAN_OBSERVATION
24.46694,120.88507,TW,Cypriniformes,Cyprinidae,Acrossocheilus paradoxus,2022,HUMAN_OBSERVATION
20.7352,116.7914,TW,Perciformes,Scaridae,Scarus dimidiatus,2005,HUMAN_OBSERVATION
22.273545,113.991579,HK,Cypriniformes,Balitoridae,Liniparhomaloptera disparis,2017,HUMAN_OBSERVATION
25.05029,121.016204,TW,Perciformes,Sciaenidae,Johnius amblycephalus,2019,PRESERVED_SPECIMEN
24.6176,121.754736,TW,Perciformes,Cichlidae,Geophagus brasiliensis,2025,HUMAN_OBSERVATION
21.93,120.813,TW,Perciformes,Tripterygiidae,,1968,PRESERVED_SPECIMEN
22.353919,120.368891,TW,Perciformes,Chaetodontidae,,2018,HUMAN_OBSERVATION
23.16,120.34,TW,Cypriniformes,Cyprinidae,Hemiculter leucisculus,2014,OCCURRENCE
29.166667,112.833333,CN,Cypriniformes,Cyprinidae,Saurogobio dabryi,,PRESERVED_SPECIMEN
40.835938,108.777054,CN,Cypriniformes,Cyprinidae,Pseudorasbora parva,,MATERIAL_SAMPLE
24.47,121.41,TW,Cypriniformes,Balitoridae,Hemimyzon formosanus,2002,OCCURRENCE
23.143842,120.076266,TW,Elopiformes,Elopidae,Elops machnata,2018,HUMAN_OBSERVATION
23.070407,113.146777,CN,Perciformes,Gobiidae,Rhinogobius similis,2026,HUMAN_OBSERVATION
23.280255,121.270597,TW,Cypriniformes,Cyprinidae,Opsariichthys pachycephalus,2022,HUMAN_OBSERVATION
23.124482,120.074022,TW,Perciformes,Sparidae,Acanthopagrus sivicolus,2016,HUMAN_OBSERVATION
23.07426,120.32596,TW,Perciformes,Cichlidae,Oreochromis niloticus,2022,HUMAN_OBSERVATION
22.18,120.23,TW,Myctophiformes,Myctophidae,,2001,OCCURRENCE
25.86,98.85,CN,Cypriniformes,Nemacheilidae,Triplophysa nujiangensa,2012,PRESERVED_SPECIMEN
24.13561,120.71556,TW,Cypriniformes,Cyprinidae,Carassius auratus,2005,OCCURRENCE
24.7,121.2,TW,Cypriniformes,Balitoridae,Hemimyzon formosanus,2021,HUMAN_OBSERVATION
26,121,CN,Perciformes,Champsodontidae,,1971,PRESERVED_SPECIMEN
24.501676,118.19995,CN,Tetraodontiformes,Tetraodontidae,Takifugu oblongus,2025,HUMAN_OBSERVATION
37.625726,121.683304,CN,Clupeiformes,Clupeidae,Clupea pallasii,2026,HUMAN_OBSERVATION
23.39,117.45,CN,Perciformes,Trichiuridae,Trichiurus lepturus,,PRESERVED_SPECIMEN
36.078263,120.449131,CN,Perciformes,Gobiidae,Favonigobius gymnauchen,2025,HUMAN_OBSERVATION
25.1,121.25,TW,Anguilliformes,Anguillidae,Anguilla japonica,,MATERIAL_SAMPLE
22.08231,120.7395,TW,Perciformes,Gobiidae,Sicyopterus japonicus,2022,HUMAN_OBSERVATION
23.32295,121.33196,TW,Cypriniformes,Cyprinidae,Opsariichthys pachycephalus,2022,HUMAN_OBSERVATION
39.774802,116.585654,CN,Cypriniformes,Cyprinidae,Hemiculter leucisculus,2025,HUMAN_OBSERVATION
23.12,120.45,TW,Cypriniformes,Cyprinidae,Hypsibarbus pierrei,2015,OCCURRENCE
24.729687,121.688578,TW,Cyprinodontiformes,Poeciliidae,Xiphophorus hellerii,2024,HUMAN_OBSERVATION
21.402392,109.157967,CN,Perciformes,Terapontidae,Terapon jarbua,2024,HUMAN_OBSERVATION
40.835938,108.777054,CN,Cypriniformes,Cyprinidae,,,MATERIAL_SAMPLE
24.647817,120.5847,TW,Anguilliformes,Muraenidae,Strophidon sathete,2020,PRESERVED_SPECIMEN
27.05,118.333333,CN,Cypriniformes,Cyprinidae,Acrossocheilus fasciatus,1926,PRESERVED_SPECIMEN
23.77643,120.7115,TW,Perciformes,Gobiidae,Rhinogobius candidianus,2023,HUMAN_OBSERVATION
24.97,98.87,CN,Cypriniformes,Cyprinidae,Tariqilabeo bicornis,2012,PRESERVED_SPECIMEN
24.61,121.81,TW,Perciformes,Gobiidae,Rhinogobius formosanus,2019,HUMAN_OBSERVATION
24.8,122.3,TW,Anguilliformes,Ophichthidae,Pisodonophis cancrivorus,2004,OCCURRENCE
23.12706,121.17161,TW,Cypriniformes,Cyprinidae,Opsariichthys pachycephalus,2022,HUMAN_OBSERVATION
24.729671,121.688582,TW,Cypriniformes,Cyprinidae,Pseudorasbora parva,2022,HUMAN_OBSERVATION
23.95768,121.5018,TW,Cypriniformes,Cyprinidae,Acrossocheilus paradoxus,2022,HUMAN_OBSERVATION
18.409333,110.067196,CN,Perciformes,Blenniidae,Istiblennius dussumieri,2024,HUMAN_OBSERVATION
23.59955,120.65645,TW,Siluriformes,Bagridae,Pseudobagrus brevianalis,2006,OCCURRENCE
23.124482,120.074022,TW,Perciformes,Sillaginidae,Sillago sihama,2019,HUMAN_OBSERVATION
22.87456,120.48675,TW,Perciformes,Gobiidae,Sicyopterus japonicus,2005,OCCURRENCE
23.108189,120.043319,TW,Perciformes,Lutjanidae,Lutjanus russellii,2022,HUMAN_OBSERVATION
48.604176,124.13004,CN,Cypriniformes,Cyprinidae,Pseudorasbora parva,,MATERIAL_SAMPLE
26.866667,118.116667,CN,Cypriniformes,Cyprinidae,Onychostoma barbatulum,,PRESERVED_SPECIMEN
23.205139,112.516167,CN,Perciformes,Osphronemidae,Macropodus hongkongensis,2017,PRESERVED_SPECIMEN
25.14781,121.794696,TW,Perciformes,Blenniidae,Istiblennius dussumieri,2026,HUMAN_OBSERVATION
19.4,109.55,CN,Perciformes,Cichlidae,Oreochromis niloticus,2016,PRESERVED_SPECIMEN
19.3583,111.481,CN,Perciformes,Mullidae,Upeneus moluccensis,1963,PRESERVED_SPECIMEN
23.6469,120.50299,TW,Cypriniformes,Cyprinidae,Microphysogobio alticorpus,2023,HUMAN_OBSERVATION
23.399588,119.322205,TW,Perciformes,Lethrinidae,Lethrinus nebulosus,2024,HUMAN_OBSERVATION
23.43922,120.60572,TW,Perciformes,Gobiidae,Rhinogobius candidianus,2022,HUMAN_OBSERVATION
23.37888,110.90333,CN,Cypriniformes,Cyprinidae,Cirrhinus molitorella,2003,PRESERVED_SPECIMEN
25.41666,122.46666,TW,Perciformes,Trichiuridae,,2018,MATERIAL_SAMPLE
24.723567,121.679714,TW,Cypriniformes,Cyprinidae,Cyprinus carpio,2026,HUMAN_OBSERVATION
24.729553,121.688195,TW,Cyprinodontiformes,Poeciliidae,Xiphophorus hellerii,2024,HUMAN_OBSERVATION
24.59638,120.99823,TW,Perciformes,Gobiidae,Rhinogobius candidianus,2016,OCCURRENCE
24.84026,121.09809,TW,Cypriniformes,Cyprinidae,Acrossocheilus paradoxus,2013,OCCURRENCE
23.392,110.089,CN,Cypriniformes,Cyprinidae,Pseudohemiculter dispar,2019,MATERIAL_SAMPLE
20.417,109.083,CN,Perciformes,Leiognathidae,,2014,MATERIAL_SAMPLE
23.188107,121.2498,TW,Perciformes,Cichlidae,,2021,HUMAN_OBSERVATION
38.073254,104.69114,CN,Beryciformes,Trachichthyidae,,,MATERIAL_SAMPLE
23.843,120.2608,TW,Perciformes,Carangidae,Trachinotus blochii,2015,OCCURRENCE
23.45086,120.55133,TW,Cypriniformes,Cyprinidae,Opsariichthys pachycephalus,2022,HUMAN_OBSERVATION
24.7254,121.687879,TW,Perciformes,Cichlidae,Coptodon zillii,2025,HUMAN_OBSERVATION
22.261333,114.349687,HK,Tetraodontiformes,Tetraodontidae,Arothron stellatus,2024,HUMAN_OBSERVATION
22.480848,114.056746,HK,Perciformes,Channidae,Channa striata,2018,HUMAN_OBSERVATION
25.17,121.9,TW,Clupeiformes,Clupeidae,,2006,MATERIAL_SAMPLE
50.407547,124.90052,CN,Cypriniformes,Cyprinidae,Rhodeus amarus,,MATERIAL_SAMPLE
23.16,120.34,TW,Cypriniformes,Cyprinidae,Hemiculter leucisculus,2014,OCCURRENCE
23.43819,120.60561,TW,Cypriniformes,Cyprinidae,Acrossocheilus paradoxus,2023,HUMAN_OBSERVATION
20.698889,116.721111,TW,Perciformes,Sphyraenidae,Sphyraena barracuda,,PRESERVED_SPECIMEN
23.09,120.48,TW,Cypriniformes,Cyprinidae,Opsariichthys pachycephalus,2015,OCCURRENCE
23.6627,121.43457,TW,Cypriniformes,Cyprinidae,Carassius auratus,2022,HUMAN_OBSERVATION
22.520826,113.823369,HK,Perciformes,Gobiidae,Acanthogobius hasta,2023,HUMAN_OBSERVATION
23.75944,120.65758,TW,Cypriniformes,Cyprinidae,Opsariichthys pachycephalus,2023,HUMAN_OBSERVATION
25.109345,121.34832,TW,Cypriniformes,Cyprinidae,Opsariichthys pachycephalus,2025,HUMAN_OBSERVATION
41.9485,100.43314,CN,Cypriniformes,Catostomidae,Moxostoma macrolepidotum,2008,PRESERVED_SPECIMEN
39.593613,97.66333,CN,Cypriniformes,Cyprinidae,Notropis stramineus,1996,PRESERVED_SPECIMEN
38.91248,121.636281,CN,Cypriniformes,Cyprinidae,Pseudorasbora parva,2026,HUMAN_OBSERVATION
24.63581,121.765453,TW,Cypriniformes,Cyprinidae,Carassius auratus,2025,HUMAN_OBSERVATION
23.49719,120.30357,TW,Perciformes,Cichlidae,Oreochromis niloticus,2023,HUMAN_OBSERVATION
23.67331,120.66033,TW,Cypriniformes,Cyprinidae,Microphysogobio alticorpus,2005,OCCURRENCE
23.28116,120.47439,TW,Siluriformes,Clariidae,Clarias batrachus,2023,HUMAN_OBSERVATION
23.583901,121.557985,TW,Perciformes,Gobiidae,Rhinogobius delicatus,2023,HUMAN_OBSERVATION
22.440317,113.94728,HK,Perciformes,Gobiidae,Scartelaos histophorus,2018,HUMAN_OBSERVATION
22.63,120.61,TW,Cypriniformes,Cyprinidae,Barbodes semifasciolatus,2022,HUMAN_OBSERVATION
23.49719,120.30357,TW,Perciformes,Cichlidae,Oreochromis niloticus,2023,HUMAN_OBSERVATION
24.717417,121.70498,TW,Perciformes,Gobiidae,Rhinogobius candidianus,2023,HUMAN_OBSERVATION
24.71,121.83,TW,Clupeiformes,Engraulidae,,2004,OCCURRENCE
23.51316,120.36034,TW,Cypriniformes,Cyprinidae,Barbonymus gonionotus,2022,HUMAN_OBSERVATION
24.89,121.95,TW,Lophiiformes,Antennariidae,Antennarius striatus,2004,HUMAN_OBSERVATION
22.57361,120.305066,TW,Perciformes,Carangidae,Ulua mentalis,1906,PRESERVED_SPECIMEN
19.39,109.55,CN,Cypriniformes,Cyprinidae,Culter recurviceps,2019,PRESERVED_SPECIMEN
24.62103,121.00558,TW,Cypriniformes,Cyprinidae,Opsariichthys pachycephalus,2023,HUMAN_OBSERVATION
38.031387,97.459999,CN,Perciformes,Centrarchidae,Lepomis macrochirus,1996,PRESERVED_SPECIMEN
24.129939,120.615075,TW,Perciformes,Cichlidae,Coptodon zillii,2025,HUMAN_OBSERVATION
23.79,120.95,TW,Cypriniformes,Cyprinidae,Gobiobotia cheni,2006,OCCURRENCE
23.542114,119.540524,TW,Perciformes,Serranidae,Epinephelus corallicola,2025,HUMAN_OBSERVATION
24.798811,120.738843,TW,Perciformes,Leiognathidae,Secutor ruconius,2021,PRESERVED_SPECIMEN
22.58,120.29,TW,Cypriniformes,Cyprinidae,Opsariichthys kaopingensis,2012,OCCURRENCE
24.57194,120.9843,TW,Cypriniformes,Cobitidae,Cobitis sinensis,2015,OCCURRENCE
22.65,120.4,TW,Gadiformes,Bregmacerotidae,,2018,PRESERVED_SPECIMEN
23.55607,120.164089,TW,Perciformes,Cichlidae,,2020,HUMAN_OBSERVATION
31.413994,121.579277,CN,Cypriniformes,Cyprinidae,Hypophthalmichthys nobilis,,PRESERVED_SPECIMEN
23.040542,113.372178,CN,Siluriformes,Loricariidae,,2016,HUMAN_OBSERVATION
24.787642,121.055821,TW,Cypriniformes,Cyprinidae,Acrossocheilus paradoxus,2021,HUMAN_OBSERVATION
18.69,108.7,CN,Tetraodontiformes,Tetraodontidae,Lagocephalus spadiceus,2022,PRESERVED_SPECIMEN
24.982653,121.564427,TW,Siluriformes,Loricariidae,,2011,HUMAN_OBSERVATION
19.39,109.55,CN,Cypriniformes,Cyprinidae,Culter recurviceps,2019,PRESERVED_SPECIMEN
23.12,120.45,TW,Cypriniformes,Cyprinidae,Culter alburnus,2014,OCCURRENCE
24.33231,120.55801,TW,Perciformes,Eleotridae,Eleotris fusca,2012,OCCURRENCE
24.67568,120.94928,TW,Perciformes,Gobiidae,Rhinogobius similis,2015,OCCURRENCE
25.16,121.76,TW,Perciformes,Kuhliidae,Kuhlia rupestris,1955,OBSERVATION
32.135414,118.560196,CN,Synbranchiformes,Mastacembelidae,Sinobdella sinensis,2025,HUMAN_OBSERVATION
36.366311,120.674244,CN,Perciformes,Channidae,Channa argus,2026,HUMAN_OBSERVATION
21.03,109.71,CN,Perciformes,Terapontidae,Terapon puta,,PRESERVED_SPECIMEN
21.03,109.71,CN,Perciformes,Gobiidae,Tridentiger barbatus,,MATERIAL_SAMPLE
21.72,110.31,CN,Cypriniformes,Cyprinidae,Toxabramis houdemeri,2020,PRESERVED_SPECIMEN
21.943004,120.774427,TW,Perciformes,Pomacentridae,,2014,PRESERVED_SPECIMEN
23.43861,120.60525,TW,Cypriniformes,Cyprinidae,Acrossocheilus paradoxus,2023,HUMAN_OBSERVATION
24.65542,120.8682,TW,Cypriniformes,Cyprinidae,Paratanakia himantegus,2023,HUMAN_OBSERVATION
23.11,120.2,TW,Mugiliformes,Mugilidae,Planiliza macrolepis,2015,OCCURRENCE
22.349278,120.389889,TW,Perciformes,Chaetodontidae,,2016,HUMAN_OBSERVATION
24.598662,121.953812,TW,Perciformes,Gobiidae,Rhinogobius formosanus,2024,HUMAN_OBSERVATION
25.00868,121.53201,TW,Perciformes,Cichlidae,Geophagus brasiliensis,2022,HUMAN_OBSERVATION
24.709209,121.708474,TW,Cypriniformes,Cyprinidae,Opsariichthys pachycephalus,2018,HUMAN_OBSERVATION
40.01243,115.82283,CN,Cypriniformes,Cyprinidae,Carassius auratus,2019,PRESERVED_SPECIMEN
22.17,111.78,CN,Cypriniformes,Cyprinidae,Culter alburnus,2018,PRESERVED_SPECIMEN
23.19548,121.279531,TW,Cyprinodontiformes,Poeciliidae,Gambusia affinis,2022,HUMAN_OBSERVATION
34.169351,117.144148,CN,Beloniformes,Adrianichthyidae,Oryzias sinensis,2023,HUMAN_OBSERVATION
18.669634,110.353607,CN,Perciformes,Monodactylidae,Monodactylus argenteus,2022,HUMAN_OBSERVATION
24.03377,120.84611,TW,Cypriniformes,Cyprinidae,Carassius auratus,2022,HUMAN_OBSERVATION
25.18,121.93,TW,Clupeiformes,Engraulidae,Thryssa dussumieri,2000,HUMAN_OBSERVATION
23.15649,121.23745,TW,Perciformes,Gobiidae,Rhinogobius candidianus,2022,HUMAN_OBSERVATION
24,120.69,TW,Cypriniformes,Balitoridae,Sinogastromyzon puliensis,2020,HUMAN_OBSERVATION
23.05318,120.06981,TW,Pleuronectiformes,Paralichthyidae,Pseudorhombus arsius,2004,OCCURRENCE
23.377535,121.361808,TW,Cypriniformes,Cyprinidae,Opsariichthys pachycephalus,2021,HUMAN_OBSERVATION
20.5,109.51,CN,Mugiliformes,Mugilidae,,,MATERIAL_SAMPLE
24.43,118.12,CN,Anguilliformes,Muraenesocidae,Muraenesox cinereus,,MATERIAL_SAMPLE
35.919819,120.158844,CN,Perciformes,Sciaenidae,Miichthys miiuy,2026,HUMAN_OBSERVATION
44.92925,120.49735,CN,Cypriniformes,Cobitidae,Misgurnus mohoity,,MATERIAL_SAMPLE
22.639209,121.491964,TW,Perciformes,Scaridae,,2011,HUMAN_OBSERVATION
24.71593,121.706183,TW,Cypriniformes,Cyprinidae,Opsariichthys pachycephalus,2018,HUMAN_OBSERVATION
24.9431,121.536,TW,Cypriniformes,Cyprinidae,Zacco platypus,2016,OCCURRENCE
24.42,98.97,CN,Cypriniformes,Cyprinidae,Tariqilabeo bicornis,2012,PRESERVED_SPECIMEN
29.549418,103.763336,CN,Cypriniformes,Cyprinidae,,1929,PRESERVED_SPECIMEN
25.201037,121.642922,TW,Cypriniformes,Cyprinidae,Candidia barbata,2025,HUMAN_OBSERVATION
24.17,120.95,TW,Cypriniformes,Balitoridae,Formosania lacustre,2022,HUMAN_OBSERVATION
19.299999,110.400002,CN,Scorpaeniformes,Agonidae,,,MATERIAL_CITATION
23.5,117.666,CN,Perciformes,Sciaenidae,Miichthys miiuy,2011,MATERIAL_SAMPLE
24.939393,121.909455,TW,Perciformes,Coryphaenidae,Coryphaena hippurus,2014,PRESERVED_SPECIMEN
24.55787,120.93365,TW,Cypriniformes,Balitoridae,Formosania lacustre,2010,HUMAN_OBSERVATION
24.08134,120.99071,TW,Perciformes,Gobiidae,Rhinogobius candidianus,2021,HUMAN_OBSERVATION
24.59,121.05,TW,Cypriniformes,Balitoridae,Hemimyzon formosanus,2023,HUMAN_OBSERVATION
40.88277,96.1003,CN,Cypriniformes,Cyprinidae,Notropis stramineus,2009,PRESERVED_SPECIMEN
21.38,112.22,CN,Clupeiformes,Engraulidae,,2021,MATERIAL_SAMPLE
24.19867,120.63522,TW,Perciformes,Cichlidae,Oreochromis niloticus,2022,HUMAN_OBSERVATION
26.49,98.9,CN,Siluriformes,Sisoridae,Creteuchiloglanis macropterus,2013,PRESERVED_SPECIMEN
24.84711,121.11177,TW,Cypriniformes,Cyprinidae,Acrossocheilus paradoxus,2023,HUMAN_OBSERVATION
23.291752,120.768508,TW,Cypriniformes,Cyprinidae,Onychostoma barbatulum,2026,HUMAN_OBSERVATION
24.81479,121.11108,TW,Perciformes,Cichlidae,Coptodon zillii,2023,HUMAN_OBSERVATION
26.513962,122.23586,TW,Perciformes,Trichiuridae,Trichiurus lepturus,2009,PRESERVED_SPECIMEN
24.19867,120.63522,TW,Perciformes,Cichlidae,Oreochromis niloticus,2021,HUMAN_OBSERVATION
25.05,121.93,TW,Perciformes,Polynemidae,Polydactylus plebeius,2006,OCCURRENCE
23.77,120.9,TW,Cypriniformes,Balitoridae,Hemimyzon formosanus,2017,OCCURRENCE
24.78545,121.17556,TW,Perciformes,Cichlidae,Oreochromis niloticus,2013,OCCURRENCE
23.47,110.74,CN,Siluriformes,Bagridae,Tachysurus crassilabris,2018,PRESERVED_SPECIMEN
24.6,121.81,TW,Cypriniformes,Cyprinidae,Acrossocheilus paradoxus,2019,HUMAN_OBSERVATION
24.81282,121.01107,TW,Cypriniformes,Cyprinidae,Hemibarbus labeo,2005,OCCURRENCE
25.05029,121.016204,TW,Tetraodontiformes,Triacanthidae,Triacanthus biaculeatus,2017,PRESERVED_SPECIMEN
23.383,116.65,CN,Mugiliformes,Mugilidae,Osteomugil cunnesius,1881,PRESERVED_SPECIMEN
24.15673,120.62178,TW,Perciformes,Cichlidae,Coptodon zillii,2005,OCCURRENCE
23.773128,120.655853,TW,Perciformes,Cichlidae,Coptodon zillii,2026,HUMAN_OBSERVATION
23.45,120.55,TW,Cypriniformes,Cyprinidae,Onychostoma alticorpus,2022,HUMAN_OBSERVATION
24.71,121.83,TW,Perciformes,Gobiidae,Favonigobius reichei,2006,OCCURRENCE
24.896303,121.15515,TW,Cypriniformes,Cyprinidae,Candidia barbata,2021,HUMAN_OBSERVATION
31.19368,121.516875,CN,Perciformes,Gobiidae,Rhinogobius similis,2025,HUMAN_OBSERVATION
23.118403,120.088635,TW,Perciformes,Sillaginidae,Sillago sihama,2020,HUMAN_OBSERVATION
23.45736,120.45731,TW,Cypriniformes,Cyprinidae,Opsariichthys pachycephalus,2022,HUMAN_OBSERVATION
23.84555,121.52805,TW,Perciformes,Gobiidae,Sicyopterus japonicus,2022,HUMAN_OBSERVATION
22.36,120.37,TW,Perciformes,Apogonidae,,1992,OCCURRENCE
25.01112,121.68075,TW,Cypriniformes,Cyprinidae,Onychostoma barbatulum,2005,OCCURRENCE
22.47,120.43,TW,Perciformes,Serranidae,Epinephelus fasciatus,2007,OCCURRENCE
22.68699,121.493856,TW,Tetraodontiformes,Tetraodontidae,Arothron stellatus,2012,HUMAN_OBSERVATION
25.11635,121.46318,TW,Perciformes,Terapontidae,Terapon jarbua,2022,HUMAN_OBSERVATION
20.703679,116.770219,TW,Perciformes,Pomacentridae,Stegastes fasciolatus,2011,PRESERVED_SPECIMEN
24.238753,120.796653,TW,Cypriniformes,Cyprinidae,Candidia barbata,2026,HUMAN_OBSERVATION
24.15905,120.74417,TW,Cypriniformes,Cyprinidae,Opsariichthys pachycephalus,2021,HUMAN_OBSERVATION
22.53942,114.440358,HK,Perciformes,Pomacentridae,Abudefduf sordidus,2019,HUMAN_OBSERVATION
21,113.533333,CN,Perciformes,Carangidae,Carangoides malabaricus,1958,PRESERVED_SPECIMEN
23.28095,120.47448,TW,Cypriniformes,Cyprinidae,Candidia barbata,2022,HUMAN_OBSERVATION
24.64,121.12,TW,Cypriniformes,Balitoridae,Hemimyzon formosanus,2021,HUMAN_OBSERVATION
23.4874,121.404353,TW,Perciformes,Gobiidae,Rhinogobius gigas,2021,HUMAN_OBSERVATION
22.446,114.167,HK,Aulopiformes,Synodontidae,,2016,PRESERVED_SPECIMEN
24.14,120.35,TW,Aulopiformes,Synodontidae,Synodus myops,2002,HUMAN_OBSERVATION
24.9,121.8,TW,Cypriniformes,Cyprinidae,Acrossocheilus paradoxus,2018,HUMAN_OBSERVATION
37.70343,97.79259,CN,Atheriniformes,Atherinopsidae,Labidesthes sicculus,2007,PRESERVED_SPECIMEN
24.71,121.83,TW,Perciformes,Gobiidae,Rhinogobius maculafasciatus,2005,OCCURRENCE
23.255728,119.666743,TW,Perciformes,Siganidae,Siganus guttatus,2022,HUMAN_OBSERVATION
23.45808,120.45783,TW,Perciformes,Cichlidae,Oreochromis niloticus,2022,HUMAN_OBSERVATION
21.94,120.73,TW,Scorpaeniformes,Platycephalidae,,1988,OCCURRENCE
23.41169,120.40703,TW,Cyprinodontiformes,Poeciliidae,Poecilia reticulata,2023,HUMAN_OBSERVATION
22.308549,114.364687,HK,Tetraodontiformes,Tetraodontidae,Arothron hispidus,2024,HUMAN_OBSERVATION
22.058332,120.46667,TW,Perciformes,Carangidae,Caranx ignobilis,2004,PRESERVED_SPECIMEN
25.484834,122.105349,TW,Perciformes,Blenniidae,Istiblennius dussumieri,2011,HUMAN_OBSERVATION
23.01295,120.52132,TW,Cypriniformes,Cyprinidae,Carassius auratus,2019,OCCURRENCE
22.91185,120.49284,TW,Siluriformes,Bagridae,Pseudobagrus brevianalis,2019,OCCURRENCE
23.41508,120.5065,TW,Perciformes,Gobiidae,Rhinogobius candidianus,2023,HUMAN_OBSERVATION
22.54242,120.50322,TW,Perciformes,Osphronemidae,Trichopodus trichopterus,2023,HUMAN_OBSERVATION
24.94,121.9,TW,Scorpaeniformes,Scorpaenidae,,2002,OCCURRENCE
22.56392,120.53906,TW,Cyprinodontiformes,Poeciliidae,Gambusia affinis,2023,HUMAN_OBSERVATION
18.99,107.34,CN,Perciformes,Menidae,Mene maculata,,MATERIAL_SAMPLE
23.46934,121.48443,TW,Perciformes,Eleotridae,Eleotris fusca,2005,OCCURRENCE
23.93199,121.54043,TW,Perciformes,Gobiidae,Sicyopterus japonicus,2022,HUMAN_OBSERVATION
21.121,110.921,CN,Perciformes,Sparidae,Acanthopagrus latus,2011,MATERIAL_SAMPLE
22.0595,120.674,TW,Perciformes,Lethrinidae,Lethrinus harak,2008,MATERIAL_SAMPLE
36.240403,120.673801,CN,Perciformes,Ammodytidae,Ammodytes japonicus,2023,HUMAN_OBSERVATION
24.48,122.21,TW,Anguilliformes,Congridae,Congriscus megastomus,,OCCURRENCE
24.08134,120.99071,TW,Cypriniformes,Cyprinidae,Acrossocheilus paradoxus,2021,HUMAN_OBSERVATION
40.835938,108.777054,CN,Perciformes,Channidae,Channa argus,,MATERIAL_SAMPLE
25.091045,121.686964,TW,Cyprinodontiformes,Poeciliidae,Gambusia affinis,2024,HUMAN_OBSERVATION
22.89308,121.09528,TW,Cypriniformes,Cyprinidae,Spinibarbus hollandi,2022,HUMAN_OBSERVATION
23.874065,121.555266,TW,Cypriniformes,Cyprinidae,Aphyocypris kikuchii,1969,PRESERVED_SPECIMEN
22.54222,120.50353,TW,Perciformes,Cichlidae,Oreochromis niloticus,2022,HUMAN_OBSERVATION
23.09,120.51,TW,Perciformes,Gobiidae,Rhinogobius maculafasciatus,2014,OCCURRENCE
22.79058,121.14189,TW,Cypriniformes,Cyprinidae,Opsariichthys pachycephalus,2022,HUMAN_OBSERVATION
23.27,121.28,TW,Cypriniformes,Cyprinidae,Barbodes snyderi,2022,HUMAN_OBSERVATION
25.144407,121.805738,TW,Perciformes,Serranidae,Epinephelus malabaricus,2023,HUMAN_OBSERVATION
24.17,120.97,TW,Cypriniformes,Cyprinidae,Opsariichthys pachycephalus,1997,OCCURRENCE
25.46,98.84,CN,Siluriformes,Sisoridae,Creteuchiloglanis macropterus,2013,PRESERVED_SPECIMEN
24.09695,120.62367,TW,Mugiliformes,Mugilidae,Mugil cephalus,2022,HUMAN_OBSERVATION
24.706,121.148,TW,Cypriniformes,Cyprinidae,Acrossocheilus paradoxus,2021,HUMAN_OBSERVATION
22.01,120.74,TW,Perciformes,Lutjanidae,Lutjanus johnii,1992,OCCURRENCE
24.73025,121.699023,TW,Perciformes,Gobiidae,Rhinogobius similis,2022,HUMAN_OBSERVATION
23.21797,121.26988,TW,Cypriniformes,Cobitidae,Cobitis sinensis,2023,HUMAN_OBSERVATION
38.073254,104.69114,CN,Perciformes,Channidae,Channa argus,,MATERIAL_SAMPLE
23.45553,120.48869,TW,Cypriniformes,Cyprinidae,Microphysogobio alticorpus,2023,HUMAN_OBSERVATION
25.172788,121.693838,TW,Perciformes,Channidae,Channa asiatica,2024,HUMAN_OBSERVATION
31.861775,117.252744,CN,Cypriniformes,Cyprinidae,Pseudorasbora parva,2022,HUMAN_OBSERVATION
23.064009,113.391931,CN,Perciformes,Anabantidae,Anabas testudineus,2021,HUMAN_OBSERVATION
24.08277,120.87876,TW,Cypriniformes,Cyprinidae,Acrossocheilus paradoxus,2022,HUMAN_OBSERVATION
25.16,121.76,TW,Perciformes,Siganidae,Siganus canaliculatus,1976,OBSERVATION
23.59,120.89,TW,Cypriniformes,Balitoridae,Hemimyzon formosanus,2015,OCCURRENCE
24.200108,120.482933,TW,Aulopiformes,Synodontidae,,2018,PRESERVED_SPECIMEN
23.55607,120.164089,TW,Perciformes,Cichlidae,,2010,HUMAN_OBSERVATION
25.05029,121.016204,TW,Beloniformes,Hemiramphidae,Hyporhamphus quoyi,2018,PRESERVED_SPECIMEN
24.48,118.11,CN,Perciformes,Gerreidae,Gerres limbatus,2016,PRESERVED_SPECIMEN
24.180645,120.740371,TW,Perciformes,Cichlidae,Amatitlania nigrofasciata,2024,HUMAN_OBSERVATION
22.46786,120.442701,TW,Pleuronectiformes,Cynoglossidae,,2008,PRESERVED_SPECIMEN
41.28368,123.205703,CN,Cypriniformes,Cyprinidae,Rhynchocypris lagowskii,2025,HUMAN_OBSERVATION
23.465925,121.401272,TW,Cypriniformes,Cyprinidae,Opsariichthys pachycephalus,2022,HUMAN_OBSERVATION
23.206319,121.288639,TW,Cypriniformes,Cyprinidae,Acrossocheilus paradoxus,2022,HUMAN_OBSERVATION
23.13,121.17,TW,Cypriniformes,Cyprinidae,Onychostoma alticorpus,2022,HUMAN_OBSERVATION
22.30489,113.923845,HK,Perciformes,Gobiidae,Oligolepis acutipennis,2025,HUMAN_OBSERVATION
22.60292,120.58225,TW,Cyprinodontiformes,Poeciliidae,Gambusia affinis,2022,HUMAN_OBSERVATION
24.750267,121.089569,TW,Cypriniformes,Cyprinidae,Acrossocheilus paradoxus,2021,HUMAN_OBSERVATION
24.74791,121.09417,TW,Cypriniformes,Cyprinidae,Opsariichthys pachycephalus,2005,OCCURRENCE
26.53,98.89,CN,Cypriniformes,Nemacheilidae,Triplophysa nujiangensa,,MATERIAL_SAMPLE
24.74861,121.7165,TW,Cypriniformes,Cyprinidae,Opsariichthys pachycephalus,2022,HUMAN_OBSERVATION
22.99181,120.5011,TW,Cypriniformes,Cyprinidae,Hypsibarbus pierrei,2019,OCCURRENCE
21.25,111.75,CN,Perciformes,Scombridae,Auxis rochei,2014,MATERIAL_SAMPLE
23.7902,120.94716,TW,Cypriniformes,Cyprinidae,Opsariichthys pachycephalus,2022,HUMAN_OBSERVATION
23.455583,120.488639,TW,Perciformes,Gobiidae,Rhinogobius candidianus,2023,HUMAN_OBSERVATION
21.95,120.79,TW,Myctophiformes,Myctophidae,,2004,OCCURRENCE
38.235279,98.38028,CN,Cyprinodontiformes,Poeciliidae,Gambusia affinis,1996,PRESERVED_SPECIMEN
29.00083,111.52889,CN,Siluriformes,Amblycipitidae,,2002,PRESERVED_SPECIMEN
23.15693,121.23742,TW,Cypriniformes,Cyprinidae,Opsariichthys pachycephalus,2022,HUMAN_OBSERVATION
23.77,120.9,TW,Cypriniformes,Balitoridae,Formosania lacustre,2017,OCCURRENCE
24.1784,120.7378,TW,Perciformes,Cichlidae,Oreochromis niloticus,2021,HUMAN_OBSERVATION
22.199706,113.551826,MO,Cypriniformes,Cyprinidae,Cyprinus rubrofuscus,2026,HUMAN_OBSERVATION
22.200833,114.257778,HK,Perciformes,Ephippidae,,1957,PRESERVED_SPECIMEN
23.39,110.09,CN,Cypriniformes,Cyprinidae,Sinibrama macrops,2018,PRESERVED_SPECIMEN
22.200213,113.54807,MO,Perciformes,Cichlidae,Herichthys cyanoguttatus,2025,HUMAN_OBSERVATION
40.424533,124.820153,CN,Cypriniformes,Cyprinidae,Tanakia lanceolata,2025,HUMAN_OBSERVATION
24.725233,121.688172,TW,Cypriniformes,Cyprinidae,Systomus rubripinnis,2025,HUMAN_OBSERVATION
32.05438,118.681174,CN,Cypriniformes,Cyprinidae,Saurogobio dabryi,2025,HUMAN_OBSERVATION
22.47,120.43,TW,Perciformes,Drepaneidae,Drepane punctata,2004,MATERIAL_SAMPLE
23.13,120.2,TW,Cypriniformes,Cyprinidae,Hypophthalmichthys molitrix,1991,OCCURRENCE
24.62103,121.00558,TW,Siluriformes,Bagridae,Pseudobagrus brevianalis,2023,HUMAN_OBSERVATION
24.722956,121.677592,TW,Perciformes,Cichlidae,Coptodon zillii,2025,HUMAN_OBSERVATION
23.342925,116.707924,CN,Perciformes,Gobiidae,,,PRESERVED_SPECIMEN
22.30463,114.265461,HK,Perciformes,Lethrinidae,Lethrinus lentjan,2017,HUMAN_OBSERVATION
23.556089,120.16422,TW,Perciformes,Cichlidae,Oreochromis mossambicus,2024,HUMAN_OBSERVATION
17.073,109.736,CN,Perciformes,Serranidae,,2008,MATERIAL_SAMPLE
25.38861,105.63472,CN,Cypriniformes,Cyprinidae,Pseudocrossocheilus papillolabrus,,PRESERVED_SPECIMEN
25.188855,121.430672,TW,Cypriniformes,Cyprinidae,Onychostoma barbatulum,2024,HUMAN_OBSERVATION
23.45578,120.48764,TW,Perciformes,Gobiidae,Rhinogobius maculafasciatus,2023,HUMAN_OBSERVATION
24.8847,121.283,TW,Cypriniformes,Cyprinidae,Opsariichthys pachycephalus,2016,OCCURRENCE
21.95,120.77,TW,Perciformes,Apogonidae,Pristiapogon kallopterus,1986,OCCURRENCE
23.143842,120.076266,TW,Perciformes,Haemulidae,Pomadasys kaakan,2020,HUMAN_OBSERVATION
23.1346,120.0717,TW,Anguilliformes,Ophichthidae,Pisodonophis boro,2022,MATERIAL_SAMPLE
24.1784,120.7378,TW,Cypriniformes,Cyprinidae,Opsariichthys pachycephalus,2022,HUMAN_OBSERVATION
25.079744,121.915595,TW,Perciformes,Cirrhitidae,,2014,PRESERVED_SPECIMEN
23.01385,120.18279,TW,Cyprinodontiformes,Poeciliidae,Poecilia reticulata,2022,HUMAN_OBSERVATION
18.235,109.347,CN,Perciformes,Sphyraenidae,,,OCCURRENCE
23.45114,120.55092,TW,Cypriniformes,Cyprinidae,Microphysogobio alticorpus,2023,HUMAN_OBSERVATION
22.430728,114.181183,HK,Perciformes,Osphronemidae,Macropodus opercularis,2023,HUMAN_OBSERVATION
24,120.91,TW,Cypriniformes,Balitoridae,Sinogastromyzon puliensis,2020,HUMAN_OBSERVATION
23.555397,120.15878,TW,Perciformes,Gerreidae,Gerres limbatus,2022,HUMAN_OBSERVATION
18.242069,109.470633,CN,Tetraodontiformes,Tetraodontidae,Arothron stellatus,2024,HUMAN_OBSERVATION
22.216987,114.175598,HK,Scorpaeniformes,Scorpaenidae,,1931,PRESERVED_SPECIMEN
22.99,120.55,TW,Cypriniformes,Cyprinidae,Opsariichthys kaopingensis,2023,HUMAN_OBSERVATION
22.468566,114.009138,HK,Perciformes,Gobiidae,Periophthalmus magnuspinnatus,2025,HUMAN_OBSERVATION
22.63,120.6,TW,Cypriniformes,Cyprinidae,Opsariichthys kaopingensis,2022,HUMAN_OBSERVATION
23.13,121.17,TW,Cypriniformes,Cyprinidae,Onychostoma alticorpus,2022,HUMAN_OBSERVATION
21.65,110.63,CN,Cypriniformes,Cyprinidae,Toxabramis houdemeri,2018,PRESERVED_SPECIMEN
22.80169,120.3266,TW,Perciformes,Channidae,Channa striata,2023,HUMAN_OBSERVATION
23.49719,120.30357,TW,Perciformes,Cichlidae,Oreochromis niloticus,2023,HUMAN_OBSERVATION
23.7936,120.7817,TW,Cypriniformes,Cyprinidae,Acrossocheilus paradoxus,2017,OCCURRENCE
24.696291,121.103928,TW,Cypriniformes,Cyprinidae,Acrossocheilus paradoxus,2021,HUMAN_OBSERVATION
24.680392,121.723263,TW,Cyprinodontiformes,Poeciliidae,Gambusia affinis,2026,HUMAN_OBSERVATION
25.0824,121.825,TW,Cypriniformes,Cyprinidae,Acrossocheilus paradoxus,2016,OCCURRENCE
24.82508,121.0875,TW,Perciformes,Cichlidae,Oreochromis niloticus,2013,OCCURRENCE
23.073617,115.267013,CN,Cypriniformes,Balitoridae,Pseudogastromyzon laticeps,2026,HUMAN_OBSERVATION
41.845306,123.434517,CN,Cypriniformes,Cyprinidae,Carassius auratus,2025,HUMAN_OBSERVATION
24.19867,120.63522,TW,Perciformes,Cichlidae,Oreochromis niloticus,2022,HUMAN_OBSERVATION
24.1784,120.73781,TW,Cypriniformes,Cyprinidae,Carassius auratus,2022,HUMAN_OBSERVATION
23.466328,111.290231,CN,Perciformes,Percichthyidae,Siniperca chuatsi,1934,PRESERVED_SPECIMEN
23.894647,120.710932,TW,Cypriniformes,Cyprinidae,Hypsibarbus pierrei,2021,HUMAN_OBSERVATION
24.72957,121.688545,TW,Cypriniformes,Cyprinidae,Barbodes semifasciolatus,2023,HUMAN_OBSERVATION
22.863838,120.530721,TW,Cyprinodontiformes,Poeciliidae,Gambusia affinis,2026,HUMAN_OBSERVATION
23.72,120.86,TW,Cypriniformes,Balitoridae,Hemimyzon formosanus,2017,OCCURRENCE
25.2,121.67,TW,Perciformes,Carangidae,Carangoides armatus,2002,OCCURRENCE
30.752574,120.475578,CN,Cypriniformes,Cyprinidae,Hemiculter leucisculus,2026,HUMAN_OBSERVATION
23.465925,121.401272,TW,Cypriniformes,Cyprinidae,Opsariichthys pachycephalus,2022,HUMAN_OBSERVATION
24.46895,120.951,TW,Cypriniformes,Cyprinidae,Acrossocheilus paradoxus,2023,HUMAN_OBSERVATION
23.32583,106.61444,CN,Perciformes,Gobiidae,Rhinogobius giurinus,2003,PRESERVED_SPECIMEN
40.97,97.24,CN,Cypriniformes,Cyprinidae,Notropis stramineus,2007,PRESERVED_SPECIMEN
23.466328,111.290231,CN,Cypriniformes,Cyprinidae,Folifer brevifilis,1934,PRESERVED_SPECIMEN
44.92925,120.49735,CN,Gasterosteiformes,Gasterosteidae,Pungitius pungitius,,MATERIAL_SAMPLE
19.22,109.45,CN,Cypriniformes,Cyprinidae,Culter recurviceps,2019,PRESERVED_SPECIMEN
23.697807,120.96051,TW,Perciformes,Caproidae,,2013,MATERIAL_SAMPLE
24.82608,120.97963,TW,Perciformes,Eleotridae,Eleotris melanosoma,2015,OCCURRENCE
20.875,111.21,CN,Perciformes,Polynemidae,Eleutheronema tetradactylum,2007,MATERIAL_SAMPLE
37.029167,99.631668,CN,Perciformes,Centrarchidae,Lepomis megalotis,1996,PRESERVED_SPECIMEN
23.55607,120.164089,TW,Perciformes,Cichlidae,,2013,HUMAN_OBSERVATION
17.788,109.024,CN,Scorpaeniformes,Scorpaenidae,,2008,MATERIAL_SAMPLE
20.9949,109.199,CN,Pleuronectiformes,Cynoglossidae,,2013,MATERIAL_SAMPLE
23.43136,120.46353,TW,Cypriniformes,Cyprinidae,Paratanakia himantegus,2023,HUMAN_OBSERVATION
24.94,121.9,TW,Perciformes,Carangidae,Parastromateus niger,2005,OCCURRENCE
22.97481,121.17123,TW,Perciformes,Gobiidae,Sicyopterus japonicus,2003,OCCURRENCE
22.33,120.37,TW,Perciformes,Callionymidae,Neosynchiropus ocellatus,2007,OCCURRENCE
24.10624,120.5771,TW,Perciformes,Cichlidae,Oreochromis niloticus,2022,HUMAN_OBSERVATION
23.55,119.56,TW,Perciformes,Carangidae,Carangoides orthogrammus,2006,OCCURRENCE
31.370481,120.563622,CN,Cypriniformes,Cyprinidae,Acheilognathus macropterus,2025,HUMAN_OBSERVATION
21.053327,110.202741,CN,Synbranchiformes,Synbranchidae,Monopterus albus,1931,PRESERVED_SPECIMEN
21.943004,120.774427,TW,Perciformes,Pomacentridae,,2014,PRESERVED_SPECIMEN
23.16,120.64,TW,Cypriniformes,Cyprinidae,Onychostoma alticorpus,2022,HUMAN_OBSERVATION
24.948572,121.739805,TW,Perciformes,Gobiidae,Rhinogobius candidianus,2024,HUMAN_OBSERVATION
23.6646,120.53032,TW,Cypriniformes,Cyprinidae,Opsariichthys pachycephalus,2024,HUMAN_OBSERVATION
19.28,108.2,CN,Clupeiformes,Chirocentridae,Chirocentrus dorab,,PRESERVED_SPECIMEN
22.28,114.23,CN,Tetraodontiformes,Tetraodontidae,Takifugu obscurus,,PRESERVED_SPECIMEN
40.50227,95.79186,CN,Perciformes,Centrarchidae,Micropterus salmoides,2009,PRESERVED_SPECIMEN
38.073254,104.69114,CN,Perciformes,Channidae,Channa argus,,MATERIAL_SAMPLE
23.41114,120.54792,TW,Cypriniformes,Cyprinidae,Acrossocheilus paradoxus,2022,HUMAN_OBSERVATION
38.073254,104.69114,CN,Pleuronectiformes,Pleuronectidae,,,MATERIAL_SAMPLE
23.41464,120.50694,TW,Cypriniformes,Cyprinidae,Acrossocheilus paradoxus,2023,HUMAN_OBSERVATION
25.487709,122.103959,TW,Perciformes,Pomacentridae,Stegastes fasciolatus,2023,HUMAN_OBSERVATION
24.92666,98.39167,CN,Perciformes,Odontobutidae,Micropercops swinhonis,1995,PRESERVED_SPECIMEN
23.114808,120.098873,TW,Perciformes,Sparidae,Acanthopagrus pacificus,2017,HUMAN_OBSERVATION
24.85206,121.00249,TW,Cypriniformes,Cyprinidae,Opsariichthys evolans,2023,HUMAN_OBSERVATION
26.513962,122.23586,TW,Tetraodontiformes,Diodontidae,,2009,PRESERVED_SPECIMEN
38.073254,104.69114,CN,Acipenseriformes,Acipenseridae,,,MATERIAL_SAMPLE
23.14,120.43,TW,Cypriniformes,Cyprinidae,Hemiculter leucisculus,2015,OCCURRENCE
23.78204,120.63934,TW,Perciformes,Gobiidae,Rhinogobius candidianus,2023,HUMAN_OBSERVATION
39.10611,99.527222,CN,Cypriniformes,Cyprinidae,Notropis stramineus,1996,PRESERVED_SPECIMEN
22.200662,113.548019,MO,Beloniformes,Zenarchopteridae,Zenarchopterus buffonis,2025,HUMAN_OBSERVATION
24.09695,120.62367,TW,Perciformes,Cichlidae,Oreochromis niloticus,2022,HUMAN_OBSERVATION
23.01295,120.52132,TW,Cypriniformes,Cyprinidae,Candidia barbata,2019,OCCURRENCE
24.9,104.33333,CN,Cypriniformes,Cyprinidae,Sinocyclocheilus rhinocerous,,PRESERVED_SPECIMEN
22.97585,120.35561,TW,Cypriniformes,Cyprinidae,Opsariichthys pachycephalus,2022,HUMAN_OBSERVATION
24.199191,120.784667,TW,Cypriniformes,Cyprinidae,Onychostoma alticorpus,2022,HUMAN_OBSERVATION
24.312557,120.547377,TW,Perciformes,Gobiidae,Periophthalmus modestus,2025,HUMAN_OBSERVATION
22.99181,120.5011,TW,Perciformes,Cichlidae,Oreochromis niloticus,2019,OCCURRENCE
23.55607,120.164089,TW,Perciformes,Gobiidae,Acentrogobius viganensis,2023,HUMAN_OBSERVATION
24.88403,121.28335,TW,Cypriniformes,Balitoridae,Formosania lacustre,2022,HUMAN_OBSERVATION
29.25,115.1,CN,Cypriniformes,Cobitidae,Misgurnus anguillicaudatus,2017,MATERIAL_SAMPLE
22.220947,113.91851,HK,Perciformes,Gobiidae,Periophthalmus modestus,2023,HUMAN_OBSERVATION
24.246753,121.105614,TW,Osmeriformes,Plecoglossidae,Plecoglossus altivelis,2023,HUMAN_OBSERVATION
20.24,110.23,CN,Perciformes,Carangidae,Megalaspis cordyla,,MATERIAL_SAMPLE
38.073254,104.69114,CN,Acipenseriformes,Acipenseridae,,,MATERIAL_SAMPLE
23.19548,121.279531,TW,Cypriniformes,Cyprinidae,Opsariichthys pachycephalus,2022,HUMAN_OBSERVATION
23.97,120.64,TW,Cypriniformes,Balitoridae,Sinogastromyzon puliensis,2020,HUMAN_OBSERVATION
24.06382,120.95741,TW,Cypriniformes,Cyprinidae,Spinibarbus hollandi,2023,HUMAN_OBSERVATION
37.311435,122.568833,CN,Mugiliformes,Mugilidae,Planiliza haematocheila,2025,HUMAN_OBSERVATION
23.39545,121.32641,TW,Perciformes,Gobiidae,Rhinogobius gigas,2006,OCCURRENCE
24.150433,119.738833,TW,Perciformes,Ammodytidae,,2020,PRESERVED_SPECIMEN
25.5,119.76,CN,Clupeiformes,Engraulidae,Thryssa kammalensis,2017,MATERIAL_SAMPLE
23.731233,120.523159,TW,Perciformes,Cichlidae,,2023,HUMAN_OBSERVATION
23.697807,120.96051,TW,Perciformes,Pomacentridae,Plectroglyphidodon lacrymatus,,MATERIAL_SAMPLE
22.418032,120.581941,TW,Beloniformes,Zenarchopteridae,Dermogenys siamensis,2025,HUMAN_OBSERVATION
24.70813,121.17003,TW,Perciformes,Gobiidae,Rhinogobius candidianus,2004,OCCURRENCE
25.01,121.53,TW,Siluriformes,Bagridae,Tachysurus adiposalis,2016,OCCURRENCE
25.217871,121.360576,TW,Perciformes,Sciaenidae,,2019,PRESERVED_SPECIMEN
38.073254,104.69114,CN,Cypriniformes,Nemacheilidae,Triplophysa bleekeri,,MATERIAL_SAMPLE
22.46,120.46,TW,Gadiformes,Bregmacerotidae,Bregmaceros lanceolatus,1990,PRESERVED_SPECIMEN
23.45155,120.49891,TW,Perciformes,Gobiidae,Rhinogobius maculafasciatus,2006,OCCURRENCE
23.15626,121.23748,TW,Perciformes,Gobiidae,Rhinogobius gigas,2022,HUMAN_OBSERVATION
23.06859,120.36004,TW,Cypriniformes,Cyprinidae,Opsariichthys pachycephalus,2022,HUMAN_OBSERVATION
22.89306,121.09442,TW,Cypriniformes,Cyprinidae,Opsariichthys pachycephalus,2022,HUMAN_OBSERVATION
25.09114,121.581182,TW,Perciformes,Cichlidae,Geophagus brasiliensis,2026,HUMAN_OBSERVATION
23.55607,120.164089,TW,Perciformes,Cichlidae,,2011,HUMAN_OBSERVATION
24.02704,120.82695,TW,Cypriniformes,Cyprinidae,Acrossocheilus paradoxus,2021,HUMAN_OBSERVATION
25.06321,121.50651,TW,Mugiliformes,Mugilidae,Mugil cephalus,2015,OCCURRENCE
25.05029,121.016204,TW,Beloniformes,Belonidae,Ablennes hians,2018,PRESERVED_SPECIMEN
38.732329,121.143823,CN,Cypriniformes,Cyprinidae,Pseudorasbora parva,2025,HUMAN_OBSERVATION
37.874168,97.720001,CN,Cypriniformes,Catostomidae,Carpiodes carpio,1996,PRESERVED_SPECIMEN
22.459505,120.558207,TW,Elopiformes,Megalopidae,Megalops cyprinoides,2024,HUMAN_OBSERVATION
22.01,120.74,TW,Perciformes,Labridae,,1990,OCCURRENCE
29.870204,121.54286,CN,Cypriniformes,Cobitidae,Paramisgurnus dabryanus,2025,HUMAN_OBSERVATION
23.31261,120.15197,TW,Perciformes,Ambassidae,Ambassis urotaenia,2023,HUMAN_OBSERVATION
22.232625,113.99727,HK,Perciformes,Gobiidae,Rhinogobius similis,2025,HUMAN_OBSERVATION
25.0077,121.531,TW,Perciformes,Gobiidae,Glossogobius celebius,2016,OCCURRENCE
23.142711,121.266424,TW,Cypriniformes,Cyprinidae,Acrossocheilus paradoxus,2022,HUMAN_OBSERVATION
24.13849,120.6197,TW,Perciformes,Cichlidae,Oreochromis niloticus,2021,HUMAN_OBSERVATION
24.73675,121.71674,TW,Perciformes,Gobiidae,Awaous melanocephalus,2003,OCCURRENCE
23.90996,120.81096,TW,Cypriniformes,Cyprinidae,Opsariichthys pachycephalus,2005,OCCURRENCE
23.05,121.24,TW,Perciformes,Leiognathidae,Secutor insidiator,2005,OBSERVATION
31.30626,121.404965,CN,Cypriniformes,Cyprinidae,Hemiculter leucisculus,2024,HUMAN_OBSERVATION
24.85909,120.95214,TW,Perciformes,Eleotridae,Eleotris fusca,2023,HUMAN_OBSERVATION
24.220019,121.689544,TW,Perciformes,Gobiidae,Stiphodon percnopterygionus,2023,HUMAN_OBSERVATION
39.593613,97.66333,CN,Cypriniformes,Cyprinidae,Macrhybopsis aestivalis,1995,PRESERVED_SPECIMEN
25.03048,121.00336,TW,Perciformes,Sparidae,Acanthopagrus schlegelii,2023,HUMAN_OBSERVATION
22.308758,114.264726,HK,Perciformes,Sparidae,Rhabdosargus sarba,2019,HUMAN_OBSERVATION
22.714724,120.22,TW,Perciformes,Gobiidae,Egglestonichthys melanoptera,2021,MATERIAL_CITATION
22.472424,114.22578,HK,Syngnathiformes,Syngnathidae,Hippocampus kuda,2012,HUMAN_OBSERVATION
22.9734,121.16525,TW,Cypriniformes,Cyprinidae,Paratanakia himantegus,2023,HUMAN_OBSERVATION
23.385596,121.343008,TW,Cypriniformes,Cyprinidae,Acrossocheilus paradoxus,2021,HUMAN_OBSERVATION
22.87,120.49,TW,Cypriniformes,Cyprinidae,Onychostoma alticorpus,2022,HUMAN_OBSERVATION
24.84721,121.11234,TW,Cypriniformes,Cyprinidae,Opsariichthys pachycephalus,2023,HUMAN_OBSERVATION
25.08,122.02,TW,Scorpaeniformes,Parabembridae,Parabembras curtus,2000,OCCURRENCE
24.70513,121.75247,TW,Cypriniformes,Cyprinidae,Systomus rubripinnis,2022,HUMAN_OBSERVATION
23.7736,120.8998,TW,Cypriniformes,Cyprinidae,Onychostoma barbatulum,2017,OCCURRENCE
22.99,120.55,TW,Cypriniformes,Cyprinidae,Onychostoma alticorpus,2023,HUMAN_OBSERVATION
24.858617,120.86415,TW,Anguilliformes,Ophichthidae,,2022,PRESERVED_SPECIMEN
22.454212,114.299404,HK,Perciformes,Eleotridae,Butis humeralis,2020,HUMAN_OBSERVATION
26.76472,111.16139,CN,Synbranchiformes,Mastacembelidae,Sinobdella sinensis,2002,PRESERVED_SPECIMEN
22.772372,120.525816,TW,Cyprinodontiformes,Poeciliidae,Poecilia reticulata,2024,HUMAN_OBSERVATION
23.99,111.72,CN,Cypriniformes,Cyprinidae,Hemiculterella sauvagei,2019,PRESERVED_SPECIMEN
23.391817,121.304194,TW,Cypriniformes,Cyprinidae,Opsariichthys pachycephalus,2021,HUMAN_OBSERVATION
23.97,120.64,TW,Cypriniformes,Balitoridae,Sinogastromyzon puliensis,2020,HUMAN_OBSERVATION
22.558332,120.46667,TW,Perciformes,Polynemidae,Eleutheronema tetradactylum,2005,PRESERVED_SPECIMEN
24.71,121.83,TW,Mugiliformes,Mugilidae,,2004,OCCURRENCE
24.08134,120.99071,TW,Cypriniformes,Cyprinidae,Onychostoma barbatulum,2021,HUMAN_OBSERVATION
39.993889,97.93,CN,Cypriniformes,Cyprinidae,Notropis stramineus,1996,PRESERVED_SPECIMEN
25.141433,121.802622,TW,Perciformes,Blenniidae,Petroscirtes breviceps,2020,HUMAN_OBSERVATION
24.723399,121.693272,TW,Cypriniformes,Cyprinidae,Systomus rubripinnis,2025,HUMAN_OBSERVATION
24.718692,121.706273,TW,Cypriniformes,Cyprinidae,Acrossocheilus paradoxus,2018,HUMAN_OBSERVATION
23.05484,121.1997,TW,Cypriniformes,Cyprinidae,Opsariichthys pachycephalus,2022,HUMAN_OBSERVATION
18.234,109.455,CN,Perciformes,Siganidae,Siganus guttatus,2008,MATERIAL_SAMPLE
40.016054,116.377616,CN,Cypriniformes,Cyprinidae,Hemiculter leucisculus,2026,HUMAN_OBSERVATION
24.87981,121.3806,TW,Cypriniformes,Cyprinidae,Candidia barbata,2023,HUMAN_OBSERVATION
23.97,120.64,TW,Cypriniformes,Balitoridae,Sinogastromyzon puliensis,2020,HUMAN_OBSERVATION
23.114808,120.098873,TW,Mugiliformes,Mugilidae,Planiliza subviridis,2021,HUMAN_OBSERVATION
23.05858,120.27669,TW,Cypriniformes,Cyprinidae,Barbonymus gonionotus,2022,HUMAN_OBSERVATION
31.411628,121.504778,CN,Cyprinodontiformes,Poeciliidae,Gambusia affinis,2026,HUMAN_OBSERVATION
23.48183,120.29318,TW,Siluriformes,Loricariidae,Pterygoplichthys pardalis,2015,OCCURRENCE
25.0077,121.531,TW,Perciformes,Cichlidae,Oreochromis mossambicus,2016,OCCURRENCE
24.5,121.8,TW,Cypriniformes,Cobitidae,Cobitis sinensis,2019,HUMAN_OBSERVATION
24.91,120.97,TW,Perciformes,Eleotridae,Butis butis,1996,OCCURRENCE
40.082082,116.467588,CN,Cypriniformes,Cyprinidae,Sarcocheilichthys nigripinnis,2025,HUMAN_OBSERVATION
25.16,121.76,TW,Perciformes,Carangidae,Carangoides equula,1955,OBSERVATION
23.5225,120.5456,TW,Perciformes,Gobiidae,Rhinogobius candidianus,2023,HUMAN_OBSERVATION
24.94,121.9,TW,Scorpaeniformes,Scorpaenidae,Pterois russelii,2009,OCCURRENCE
37.302648,121.72306,CN,Cypriniformes,Cyprinidae,Opsariichthys bidens,2025,HUMAN_OBSERVATION
25.03734,121.46116,TW,Perciformes,Cichlidae,Oreochromis niloticus,2022,HUMAN_OBSERVATION
23.66236,121.4346,TW,Cypriniformes,Cyprinidae,Opsariichthys pachycephalus,2017,OCCURRENCE
38.073254,104.69114,CN,Siluriformes,Sisoridae,Creteuchiloglanis macropterus,,MATERIAL_SAMPLE
23.3631,120.4539,TW,Cypriniformes,Cyprinidae,Candidia barbata,2022,HUMAN_OBSERVATION
25.02996,121.32008,TW,Perciformes,Gobiidae,Rhinogobius rubromaculatus,2024,HUMAN_OBSERVATION
27.833775,108.759017,CN,Cypriniformes,Cyprinidae,Hemibarbus maculatus,2026,HUMAN_OBSERVATION
25.06321,121.50652,TW,Perciformes,Haemulidae,Pomadasys maculatus,2015,OCCURRENCE
21.57,109.1,CN,Tetraodontiformes,Tetraodontidae,Lagocephalus spadiceus,2022,MATERIAL_SAMPLE
22.430103,114.163017,HK,Cypriniformes,Cyprinidae,Parazacco spilurus,2019,HUMAN_OBSERVATION
22.216372,113.545967,MO,Perciformes,Cichlidae,Oreochromis niloticus,2026,HUMAN_OBSERVATION
23.45114,120.55092,TW,Cypriniformes,Cyprinidae,Microphysogobio alticorpus,2023,HUMAN_OBSERVATION
23.11,120.45,TW,Cypriniformes,Balitoridae,Sinogastromyzon puliensis,1999,OCCURRENCE
32.30905,121.420114,CN,Cypriniformes,Cyprinidae,Pseudohemiculter dispar,,PRESERVED_SPECIMEN
22.491655,120.384977,TW,Cyprinodontiformes,Poeciliidae,Poecilia latipinna,2020,HUMAN_OBSERVATION
39.38521,94.95937,CN,Cypriniformes,Catostomidae,Ictiobus cyprinellus,2008,PRESERVED_SPECIMEN
21.422702,109.127985,CN,Perciformes,Lutjanidae,Lutjanus argentimaculatus,2025,HUMAN_OBSERVATION
23.02085,120.28229,TW,Perciformes,Cichlidae,Oreochromis niloticus,2012,OCCURRENCE
23.55607,120.164089,TW,Perciformes,Gobiidae,Pseudogobius javanicus,2019,HUMAN_OBSERVATION
41.073242,124.228046,CN,Salmoniformes,Salmonidae,Oncorhynchus mykiss,2025,HUMAN_OBSERVATION
23.60965,120.37163,TW,Siluriformes,Loricariidae,,2023,HUMAN_OBSERVATION
23.98,120.91,TW,Cypriniformes,Balitoridae,Sinogastromyzon puliensis,2020,HUMAN_OBSERVATION
25.18,99.19,CN,Cypriniformes,Cyprinidae,Schizothorax yunnanensis,2013,PRESERVED_SPECIMEN
21.91717,114.2578,CN,Syngnathiformes,Syngnathidae,,1861,PRESERVED_SPECIMEN
22.8,108.32,CN,Cypriniformes,Cyprinidae,Culter recurviceps,2018,PRESERVED_SPECIMEN
21.93,120.75,TW,Tetraodontiformes,Ostraciidae,Ostracion cubicus,1991,HUMAN_OBSERVATION
23.75,114.72,CN,Cypriniformes,Cyprinidae,Toxabramis houdemeri,2015,PRESERVED_SPECIMEN
23.67668,121.46344,TW,Cypriniformes,Cyprinidae,Opsariichthys pachycephalus,2018,OCCURRENCE
24.62164,121.00564,TW,Cypriniformes,Cyprinidae,Onychostoma barbatulum,2023,HUMAN_OBSERVATION
22.510151,114.086146,HK,Perciformes,Gobiidae,Boleophthalmus pectinirostris,2022,HUMAN_OBSERVATION
22.398,107.337,CN,Cypriniformes,Cyprinidae,,2018,MATERIAL_SAMPLE
23.08,120.51,TW,Cypriniformes,Cyprinidae,Hemiculter leucisculus,2014,OCCURRENCE
26.116667,119.333333,CN,Cypriniformes,Cyprinidae,Luciobrama macrocephalus,,PRESERVED_SPECIMEN
22.108333,114.275,CN,Pleuronectiformes,Paralichthyidae,,1957,PRESERVED_SPECIMEN
29.549418,103.763336,CN,Cypriniformes,Cyprinidae,Squaliobarbus curriculus,1929,PRESERVED_SPECIMEN
21.38,112.22,CN,Perciformes,Sillaginidae,Sillago sihama,2021,MATERIAL_SAMPLE
23.48,120.25,TW,Perciformes,Cichlidae,Oreochromis mossambicus,2023,HUMAN_OBSERVATION
21.954529,120.754975,TW,Perciformes,Terapontidae,Terapon jarbua,2011,PRESERVED_SPECIMEN
22.241328,113.980189,HK,Perciformes,Gobiidae,Boleophthalmus pectinirostris,2021,HUMAN_OBSERVATION
23.47352,120.478438,TW,Perciformes,Cichlidae,Cichla ocellaris,2021,HUMAN_OBSERVATION
22.12,120.01,TW,Myctophiformes,Myctophidae,,,OCCURRENCE
25.091045,121.686964,TW,Perciformes,Gobiidae,Rhinogobius similis,2024,HUMAN_OBSERVATION
22.418382,114.064833,HK,Siluriformes,Clariidae,Clarias fuscus,2021,HUMAN_OBSERVATION
23.697807,120.96051,TW,Cypriniformes,Cyprinidae,Onychostoma barbatulum,,MATERIAL_SAMPLE
24.13849,120.6197,TW,Perciformes,Cichlidae,Oreochromis niloticus,2021,HUMAN_OBSERVATION
22.353919,120.368891,TW,Perciformes,Chaetodontidae,,2018,HUMAN_OBSERVATION
24.71517,121.1412,TW,Perciformes,Gobiidae,Rhinogobius candidianus,2023,HUMAN_OBSERVATION
25.0333,121.31769,TW,Cyprinodontiformes,Poeciliidae,Poecilia reticulata,2024,HUMAN_OBSERVATION
24.14,120.36,TW,Perciformes,Haemulidae,Pomadasys kaakan,2002,OCCURRENCE
23.484521,120.55383,TW,Cypriniformes,Cyprinidae,Opsariichthys pachycephalus,2023,HUMAN_OBSERVATION
22.01,120.74,TW,Cyprinodontiformes,Poeciliidae,Gambusia affinis,1985,OCCURRENCE
22.239735,114.32694,HK,Perciformes,Eleotridae,Eleotris oxycephala,2021,HUMAN_OBSERVATION
24.23558,120.73916,TW,Cypriniformes,Cyprinidae,Opsariichthys pachycephalus,2022,HUMAN_OBSERVATION
24.729672,121.688595,TW,Cypriniformes,Cyprinidae,Barbodes semifasciolatus,2024,HUMAN_OBSERVATION
24.835889,120.973878,TW,Siluriformes,Loricariidae,,2025,HUMAN_OBSERVATION
25.02996,121.32008,TW,Perciformes,Gobiidae,Rhinogobius rubromaculatus,2023,HUMAN_OBSERVATION
25.886917,98.838778,CN,Cypriniformes,Cyprinidae,Placocheilus cryptonemus,2000,PRESERVED_SPECIMEN
22.97481,121.17123,TW,Cypriniformes,Cyprinidae,Opsariichthys pachycephalus,2002,OCCURRENCE
19.533333,109.583333,CN,Cypriniformes,Nemacheilidae,Traccatichthys pulcher,,PRESERVED_SPECIMEN
23.705307,120.172019,TW,Perciformes,Gobiidae,Periophthalmus modestus,2020,HUMAN_OBSERVATION
24.52972,120.81597,TW,Perciformes,Cichlidae,Oreochromis niloticus,2014,OCCURRENCE
36.098679,120.530708,CN,Perciformes,Gobiidae,Paratrypauchen microcephalus,2026,HUMAN_OBSERVATION
25.31,98.85,CN,Cypriniformes,Nemacheilidae,Schistura vinciguerrae,2013,PRESERVED_SPECIMEN
24.738689,121.711062,TW,Cypriniformes,Cyprinidae,Systomus rubripinnis,2025,HUMAN_OBSERVATION
24.03,120.85,TW,Cypriniformes,Balitoridae,Sinogastromyzon puliensis,2004,OCCURRENCE
24.8225,120.99901,TW,Anguilliformes,Anguillidae,Anguilla marmorata,2004,OCCURRENCE
23.131518,120.07303,TW,Tetraodontiformes,Triacanthidae,Triacanthus biaculeatus,2011,PRESERVED_SPECIMEN
23.65466,120.87501,TW,Cypriniformes,Cyprinidae,Onychostoma barbatulum,2005,OCCURRENCE
23.43187,120.54756,TW,Cypriniformes,Cyprinidae,Carassius auratus,2006,OCCURRENCE
23,120.65,TW,Cypriniformes,Cyprinidae,Onychostoma alticorpus,1999,OCCURRENCE
24.94,121.9,TW,Perciformes,Rachycentridae,Rachycentron canadum,2005,OCCURRENCE
21.58,108.49,CN,Perciformes,Cichlidae,,,MATERIAL_SAMPLE
25.0333,121.31769,TW,Cypriniformes,Cyprinidae,Candidia barbata,2024,HUMAN_OBSERVATION
36.050102,120.340666,CN,Pleuronectiformes,Pleuronectidae,Kareius bicoloratus,2025,HUMAN_OBSERVATION
23.49719,120.30357,TW,Cyprinodontiformes,Poeciliidae,Poecilia reticulata,2023,HUMAN_OBSERVATION
24.706,121.148,TW,Cypriniformes,Cyprinidae,Candidia barbata,2021,HUMAN_OBSERVATION
19.49,107.65,CN,Perciformes,Trichiuridae,Trichiurus lepturus,,PRESERVED_SPECIMEN
23.09,120.48,TW,Siluriformes,Bagridae,Tachysurus adiposalis,2014,OCCURRENCE
25.487002,122.103876,TW,Perciformes,Pomacentridae,Stegastes fasciolatus,2022,HUMAN_OBSERVATION
24.81471,121.11101,TW,Cypriniformes,Cyprinidae,Opsariichthys evolans,2023,HUMAN_OBSERVATION
39.593613,97.66333,CN,Cypriniformes,Cyprinidae,Pimephales promelas,1996,PRESERVED_SPECIMEN
22.309774,114.364481,HK,Perciformes,Mullidae,Upeneus tragula,2025,HUMAN_OBSERVATION
22.398889,114.372879,HK,Perciformes,Sparidae,Acanthopagrus latus,2021,HUMAN_OBSERVATION
22.618223,120.281984,TW,Perciformes,Lutjanidae,Lutjanus argentimaculatus,2026,HUMAN_OBSERVATION
23.41114,120.54792,TW,Cypriniformes,Cyprinidae,Acrossocheilus paradoxus,2022,HUMAN_OBSERVATION
25.02996,121.32008,TW,Perciformes,Gobiidae,Rhinogobius rubromaculatus,2023,HUMAN_OBSERVATION
22.051019,121.511047,TW,Perciformes,Chaetodontidae,,2014,HUMAN_OBSERVATION
22.97544,120.3548,TW,Perciformes,Channidae,Channa striata,2022,HUMAN_OBSERVATION
23.48634,121.40422,TW,Perciformes,Gobiidae,Sicyopterus japonicus,2022,HUMAN_OBSERVATION
24.780317,121.50405,TW,Cypriniformes,Cyprinidae,Acrossocheilus paradoxus,2026,HUMAN_OBSERVATION
24.66888,121.11926,TW,Cypriniformes,Cyprinidae,Acrossocheilus paradoxus,2023,HUMAN_OBSERVATION
24.1053,120.57892,TW,Perciformes,Cichlidae,Oreochromis niloticus,2022,HUMAN_OBSERVATION
23.59,120.89,TW,Cypriniformes,Balitoridae,Hemimyzon formosanus,2015,OCCURRENCE
23.5,119.4,TW,Syngnathiformes,Centriscidae,Centriscus scutatus,,PRESERVED_SPECIMEN
22.9734,121.16525,TW,Cypriniformes,Cyprinidae,Opsariichthys pachycephalus,2023,HUMAN_OBSERVATION
22.91472,120.22467,TW,Perciformes,Gobiidae,Acentrogobius viganensis,2022,HUMAN_OBSERVATION
24.5,120.6,TW,Gasterosteiformes,Pegasidae,Pegasus volitans,2002,OCCURRENCE
23.677,116.652,CN,Cypriniformes,Cyprinidae,,2018,MATERIAL_SAMPLE
22.4301,114.181118,HK,Perciformes,Gobiidae,Rhinogobius duospilus,2021,HUMAN_OBSERVATION
29.744147,121.272195,CN,Perciformes,Gobiidae,Rhinogobius davidi,2025,HUMAN_OBSERVATION
23.118403,120.088635,TW,Mugiliformes,Mugilidae,Planiliza subviridis,2016,HUMAN_OBSERVATION
24.1221,120.61896,TW,Cypriniformes,Cyprinidae,Cyprinus carpio,2005,OCCURRENCE
25.082566,121.915371,TW,Siluriformes,Plotosidae,Plotosus lineatus,2020,HUMAN_OBSERVATION
21.58,108.49,CN,Pleuronectiformes,Soleidae,Brachirus orientalis,,MATERIAL_SAMPLE
24.82542,121.08751,TW,Cypriniformes,Cobitidae,Cobitis sinensis,2023,HUMAN_OBSERVATION
22.63,120.6,TW,Cypriniformes,Cyprinidae,Opsariichthys kaopingensis,2022,HUMAN_OBSERVATION
22.064934,121.471325,TW,Perciformes,Gobiidae,Lentipes armatus,2024,HUMAN_OBSERVATION
21.33,108.74,CN,Perciformes,Gobiidae,Mahidolia mystacina,,PRESERVED_SPECIMEN
23.322756,121.329793,TW,Siluriformes,Loricariidae,Pterygoplichthys pardalis,2022,HUMAN_OBSERVATION
23.04475,120.39854,TW,Cypriniformes,Cyprinidae,Paratanakia himantegus,2023,HUMAN_OBSERVATION
25.2352,121.6195,TW,Cypriniformes,Cyprinidae,Onychostoma barbatulum,2013,OCCURRENCE
22.387785,114.39075,HK,Perciformes,Carangidae,Selaroides leptolepis,2022,HUMAN_OBSERVATION
23.5574,120.9206,TW,Cypriniformes,Cyprinidae,Onychostoma barbatulum,2015,OCCURRENCE
23.75789,120.65769,TW,Perciformes,Cichlidae,Oreochromis niloticus,2022,HUMAN_OBSERVATION
24.648077,121.204803,TW,Perciformes,Gobiidae,Rhinogobius candidianus,2025,HUMAN_OBSERVATION
25.091045,121.686964,TW,Perciformes,Cichlidae,,2024,HUMAN_OBSERVATION
24.63,121.01,TW,Cypriniformes,Balitoridae,Formosania lacustre,2006,OCCURRENCE
21.03,109.71,CN,Pleuronectiformes,Soleidae,,,MATERIAL_SAMPLE
24.74,121.09,TW,Cypriniformes,Cyprinidae,Acrossocheilus paradoxus,2015,OCCURRENCE
23.87996,121.51796,TW,Cypriniformes,Cyprinidae,Acrossocheilus paradoxus,2018,OCCURRENCE
23.840658,120.799828,TW,Cypriniformes,Cyprinidae,Candidia barbata,2024,HUMAN_OBSERVATION
21.041667,113.533333,CN,Scorpaeniformes,Platycephalidae,,1958,PRESERVED_SPECIMEN
25.04595,121.48511,TW,Perciformes,Leiognathidae,Eubleekeria splendens,2015,OCCURRENCE
24.20348,121.01071,TW,Cypriniformes,Cyprinidae,Onychostoma barbatulum,2023,HUMAN_OBSERVATION
23.76,120.72,TW,Cypriniformes,Balitoridae,Sinogastromyzon puliensis,2006,OCCURRENCE
22.491457,114.114782,HK,Siluriformes,Clariidae,Clarias fuscus,2021,HUMAN_OBSERVATION
24.569686,118.307815,TW,Perciformes,Sciaenidae,Larimichthys crocea,2025,HUMAN_OBSERVATION
24.78083,121.503416,TW,Perciformes,Gobiidae,Rhinogobius candidianus,2024,HUMAN_OBSERVATION
34.62,113.42,CN,Cypriniformes,Cyprinidae,Cyprinus carpio,2018,MATERIAL_SAMPLE
23.08,120.51,TW,Siluriformes,Loricariidae,Pterygoplichthys pardalis,2014,OCCURRENCE
23.29921,121.2602,TW,Cyprinodontiformes,Poeciliidae,Gambusia affinis,2017,HUMAN_OBSERVATION
24.639083,120.21985,TW,Perciformes,Carangidae,Scomberoides tol,2021,PRESERVED_SPECIMEN
23.64435,120.65111,TW,Cypriniformes,Cyprinidae,Opsariichthys pachycephalus,2005,OCCURRENCE
25.86,98.85,CN,Cypriniformes,Nemacheilidae,Schistura longa,2012,PRESERVED_SPECIMEN
23.11763,121.17661,TW,Perciformes,Gobiidae,Rhinogobius candidianus,2015,OCCURRENCE
21.58,108.49,CN,Perciformes,Polynemidae,Eleutheronema rhadinum,,PRESERVED_SPECIMEN
24.064,120.95778,TW,Cypriniformes,Cyprinidae,Onychostoma barbatulum,2023,HUMAN_OBSERVATION
26.866667,118.116667,CN,Siluriformes,Siluridae,Pterocryptis cochinchinensis,,PRESERVED_SPECIMEN
24.730168,121.698735,TW,Cypriniformes,Cyprinidae,Opsariichthys pachycephalus,2025,HUMAN_OBSERVATION
32.06166,118.77777,CN,Cypriniformes,Cyprinidae,Chanodichthys erythropterus,1919,PRESERVED_SPECIMEN
25.0685,121.653,TW,Perciformes,Cichlidae,Oreochromis mossambicus,2016,OCCURRENCE
24.733478,121.735417,TW,Siluriformes,Loricariidae,,2025,HUMAN_OBSERVATION
23.19548,121.279531,TW,Cypriniformes,Cyprinidae,Opsariichthys pachycephalus,2022,HUMAN_OBSERVATION
21.074,111.557,CN,Perciformes,Sciaenidae,Larimichthys crocea,2007,MATERIAL_SAMPLE
22.90403,121.14645,TW,Cypriniformes,Cyprinidae,Onychostoma alticorpus,2003,OCCURRENCE
39.57986,113.27453,CN,Perciformes,Gobiidae,Rhinogobius similis,2019,PRESERVED_SPECIMEN
23.396889,120.419028,TW,Cyprinodontiformes,Poeciliidae,Gambusia affinis,2023,HUMAN_OBSERVATION
23.81725,120.7058,TW,Perciformes,Gobiidae,Rhinogobius candidianus,2023,HUMAN_OBSERVATION
23.114808,120.098873,TW,Perciformes,Sparidae,Acanthopagrus pacificus,2021,HUMAN_OBSERVATION
22.25,120.37,TW,Scorpaeniformes,Setarchidae,Setarches longimanus,,HUMAN_OBSERVATION
25.091045,121.686964,TW,Perciformes,Gobiidae,Rhinogobius similis,2024,HUMAN_OBSERVATION
24.53647,120.81527,TW,Perciformes,Gobiidae,Rhinogobius candidianus,2023,HUMAN_OBSERVATION
33.769867,110.555718,CN,Cypriniformes,Cyprinidae,Opsariichthys bidens,2026,HUMAN_OBSERVATION
24.60783,120.78386,TW,Mugiliformes,Mugilidae,Planiliza macrolepis,2023,HUMAN_OBSERVATION
40.62,82.84,CN,Cypriniformes,Cyprinidae,Schizothorax eurystomus,2018,MATERIAL_SAMPLE
24.09908,120.62348,TW,Cypriniformes,Cyprinidae,Opsariichthys pachycephalus,2005,OCCURRENCE
24.46671,120.88574,TW,Cypriniformes,Cyprinidae,Opsariichthys evolans,2023,HUMAN_OBSERVATION
23.328556,120.252361,TW,Perciformes,Gobiidae,Rhinogobius maculafasciatus,2023,HUMAN_OBSERVATION
23.43993,120.606652,TW,Cypriniformes,Cyprinidae,Acrossocheilus paradoxus,2021,HUMAN_OBSERVATION
23.114808,120.098873,TW,Perciformes,Scatophagidae,Scatophagus argus,2019,HUMAN_OBSERVATION
24.722715,121.123654,TW,Perciformes,Gobiidae,Rhinogobius candidianus,2021,HUMAN_OBSERVATION
25.86,98.85,CN,Cypriniformes,Cyprinidae,Placocheilus cryptonemus,2012,PRESERVED_SPECIMEN
26.04,119.93,CN,Perciformes,Leiognathidae,Photopectoralis bindus,2015,PRESERVED_SPECIMEN
40.53,117.03,CN,Cypriniformes,Cyprinidae,Pseudorasbora parva,,PRESERVED_SPECIMEN
22.914416,120.450033,TW,Perciformes,Gobiidae,Rhinogobius maculafasciatus,2024,HUMAN_OBSERVATION
23.13262,120.01688,TW,Scorpaeniformes,Platycephalidae,Grammoplites scaber,2023,MATERIAL_SAMPLE
22.44,120.47,TW,Perciformes,Sparidae,Acanthopagrus berda,2004,OCCURRENCE
24.412322,118.100641,CN,Perciformes,Serranidae,Cromileptes altivelis,2016,HUMAN_OBSERVATION
22.97,121.17,TW,Cypriniformes,Cyprinidae,Onychostoma alticorpus,2022,HUMAN_OBSERVATION
24.711629,121.713055,TW,Cypriniformes,Cyprinidae,Systomus rubripinnis,2022,HUMAN_OBSERVATION
19.222,109.45,CN,Cypriniformes,Cyprinidae,Sinibrama melrosei,2019,MATERIAL_SAMPLE
23.57,119.56,TW,Scorpaeniformes,Platycephalidae,Cociella crocodilus,1985,OCCURRENCE
24.730017,120.790483,TW,Perciformes,Sparidae,Acanthopagrus schlegelii,2021,PRESERVED_SPECIMEN
30.741442,120.492963,CN,Perciformes,Gobiidae,Rhinogobius similis,2026,HUMAN_OBSERVATION
23.58209,121.36005,TW,Perciformes,Gobiidae,Sicyopterus japonicus,2022,HUMAN_OBSERVATION
23.931028,120.314036,TW,Perciformes,Gobiidae,Boleophthalmus pectinirostris,2025,HUMAN_OBSERVATION
25.18,121.93,TW,Ophidiiformes,Ophidiidae,,,HUMAN_OBSERVATION
23.345426,121.291423,TW,Cypriniformes,Cyprinidae,Onychostoma barbatulum,2022,HUMAN_OBSERVATION
22.44,120.47,TW,Tetraodontiformes,Tetraodontidae,Arothron hispidus,2004,MATERIAL_SAMPLE
23.12711,121.17147,TW,Cypriniformes,Cyprinidae,Acrossocheilus paradoxus,2022,HUMAN_OBSERVATION
24.79,121.97,TW,Perciformes,Trichiuridae,Trichiurus lepturus,2000,HUMAN_OBSERVATION
22.058332,120.46667,TW,Perciformes,Leiognathidae,Leiognathus equulus,2004,PRESERVED_SPECIMEN
22.87,120.48,TW,Cypriniformes,Cyprinidae,Opsariichthys kaopingensis,2022,HUMAN_OBSERVATION
24.1784,120.73781,TW,Cypriniformes,Cyprinidae,Opsariichthys pachycephalus,2022,HUMAN_OBSERVATION
23.93985,119.656467,TW,Gadiformes,Bregmacerotidae,,2022,PRESERVED_SPECIMEN
23.45086,120.55133,TW,Perciformes,Gobiidae,Rhinogobius candidianus,2022,HUMAN_OBSERVATION
24.46,120.88,TW,Cypriniformes,Cyprinidae,Hemibarbus labeo,2005,OCCURRENCE
40.08,98.89,CN,Cypriniformes,Cyprinidae,Notropis dorsalis,2007,PRESERVED_SPECIMEN
28.327344,121.188949,CN,Cyprinodontiformes,Poeciliidae,Gambusia affinis,2024,HUMAN_OBSERVATION
23.07,120.49,TW,Cypriniformes,Cyprinidae,Microphysogobio alticorpus,2014,OCCURRENCE
25.091045,121.686964,TW,Perciformes,Gobiidae,Rhinogobius similis,2024,HUMAN_OBSERVATION
22.355154,114.248211,HK,Cypriniformes,Cyprinidae,Carassius auratus,2013,HUMAN_OBSERVATION
22.90586,121.14797,TW,Cypriniformes,Cyprinidae,Opsariichthys pachycephalus,2022,HUMAN_OBSERVATION
24.19867,120.63522,TW,Perciformes,Cichlidae,Oreochromis niloticus,2021,HUMAN_OBSERVATION
23.50449,120.48187,TW,Perciformes,Cichlidae,Oreochromis niloticus,2023,HUMAN_OBSERVATION
39.27743,117.05489,CN,Cypriniformes,Cyprinidae,Chanodichthys erythropterus,2019,PRESERVED_SPECIMEN
24.59462,121.04489,TW,Cypriniformes,Cyprinidae,Acrossocheilus paradoxus,2023,HUMAN_OBSERVATION
25.091045,121.686964,TW,Perciformes,Cichlidae,,2024,HUMAN_OBSERVATION
25.0685,121.653,TW,Perciformes,Cichlidae,Oreochromis mossambicus,2016,OCCURRENCE
24.84,120.94,TW,Mugiliformes,Mugilidae,Planiliza macrolepis,2016,OCCURRENCE
30.28,112.34,CN,Cypriniformes,Cyprinidae,Luciobrama macrocephalus,1908,PRESERVED_SPECIMEN
24.23558,120.73916,TW,Perciformes,Gobiidae,Rhinogobius candidianus,2022,HUMAN_OBSERVATION
27.979555,119.368942,CN,Cypriniformes,Cyprinidae,Gnathopogon taeniellus,2024,HUMAN_OBSERVATION
22.63,121.46,TW,Perciformes,Labridae,,2005,OCCURRENCE
22.308964,114.364528,HK,Tetraodontiformes,Tetraodontidae,Arothron hispidus,2026,HUMAN_OBSERVATION
36.889114,122.426731,CN,Gadiformes,Gadidae,Gadus macrocephalus,2025,HUMAN_OBSERVATION
28.44,97.04,CN,Cypriniformes,Cyprinidae,Schizothorax curvilabiatus,2024,MATERIAL_SAMPLE
22.91683,120.46042,TW,Perciformes,Gobiidae,Periophthalmus modestus,2006,OCCURRENCE
23.142711,121.266424,TW,Cypriniformes,Cyprinidae,Acrossocheilus paradoxus,2022,HUMAN_OBSERVATION
38.073254,104.69114,CN,Perciformes,Haemulidae,,,MATERIAL_SAMPLE
22.376389,114.311667,HK,Perciformes,Gerreidae,,1958,PRESERVED_SPECIMEN
24.711166,121.710457,TW,Cypriniformes,Cyprinidae,Barbodes semifasciolatus,2018,HUMAN_OBSERVATION
22.46,120.401,TW,Perciformes,Gobiidae,,2019,MATERIAL_SAMPLE
23.05536,121.20056,TW,Cypriniformes,Cyprinidae,Acrossocheilus paradoxus,2022,HUMAN_OBSERVATION
23.114808,120.098873,TW,Perciformes,Gerreidae,Gerres macracanthus,2020,HUMAN_OBSERVATION
22.497977,114.02932,CN,Perciformes,Gobiidae,Periophthalmus magnuspinnatus,2016,HUMAN_OBSERVATION
23.05318,120.06981,TW,Perciformes,Haemulidae,Pomadasys kaakan,2004,OCCURRENCE
22.127362,119.604004,TW,Perciformes,Chaetodontidae,,1972,PRESERVED_SPECIMEN
22.44,120.47,TW,Perciformes,Siganidae,Siganus fuscescens,2004,OCCURRENCE
24.710231,121.708552,TW,Cypriniformes,Cyprinidae,Barbodes semifasciolatus,2018,HUMAN_OBSERVATION
24.49356,120.79653,TW,Cypriniformes,Cobitidae,Cobitis sinensis,2023,HUMAN_OBSERVATION
31.883602,118.887305,CN,Cypriniformes,Cyprinidae,Pseudorasbora parva,2024,HUMAN_OBSERVATION
24.03405,120.84566,TW,Perciformes,Gobiidae,Rhinogobius candidianus,2005,OCCURRENCE
24.080058,120.954578,TW,Cypriniformes,Cyprinidae,Candidia barbata,2026,HUMAN_OBSERVATION
22.603,120.58306,TW,Anguilliformes,Anguillidae,Anguilla marmorata,2023,HUMAN_OBSERVATION
24.97,107.03,CN,Cypriniformes,Cyprinidae,Sinocyclocheilus furcodorsalis,1997,OCCURRENCE
21.37,108.3,CN,Perciformes,Apogonidae,Jaydia poecilopterus,2017,PRESERVED_SPECIMEN
22.949301,121.287876,TW,Perciformes,Gobiidae,Istigobius ornatus,2020,HUMAN_OBSERVATION
24.1385,120.6197,TW,Perciformes,Cichlidae,Oreochromis niloticus,2022,HUMAN_OBSERVATION
24.16595,120.9443,TW,Perciformes,Gobiidae,Rhinogobius candidianus,2023,HUMAN_OBSERVATION
23.8489,121.52991,TW,Perciformes,Gobiidae,Rhinogobius gigas,2022,HUMAN_OBSERVATION
23.74355,120.65267,TW,Perciformes,Gobiidae,Rhinogobius candidianus,2005,OCCURRENCE
22.470897,114.335629,HK,Perciformes,Blenniidae,Petroscirtes breviceps,2018,HUMAN_OBSERVATION
24.340539,120.776119,TW,Perciformes,Channidae,Channa striata,2023,HUMAN_OBSERVATION
24.729322,121.688447,TW,Cypriniformes,Cyprinidae,Acrossocheilus paradoxus,2025,HUMAN_OBSERVATION
22.939236,120.742873,TW,Cypriniformes,Balitoridae,Hemymizon yushanensis,2024,HUMAN_OBSERVATION
24.647,120.954,TW,Cypriniformes,Cyprinidae,Hemiculter leucisculus,2005,OCCURRENCE
23.465925,121.401272,TW,Cypriniformes,Cyprinidae,Opsariichthys pachycephalus,2021,HUMAN_OBSERVATION
22.08239,120.73978,TW,Perciformes,Cichlidae,Oreochromis niloticus,2023,HUMAN_OBSERVATION
24.617608,121.75435,TW,Cypriniformes,Cyprinidae,Acrossocheilus paradoxus,2024,HUMAN_OBSERVATION
23.50545,121.386489,TW,Cypriniformes,Cyprinidae,Carassius auratus,2021,HUMAN_OBSERVATION
23.91884,120.95761,TW,Perciformes,Gobiidae,Rhinogobius candidianus,2004,OCCURRENCE
22.200416,114.017749,HK,Perciformes,Sparidae,Acanthopagrus latus,2026,HUMAN_OBSERVATION
22.82,121.2,TW,Perciformes,Scombridae,,2005,OCCURRENCE
22.323056,120.365556,TW,Perciformes,Lutjanidae,,2017,HUMAN_OBSERVATION
22.46,121.12,TW,Hexanchiformes,Hexanchidae,Notorynchus cepedianus,2009,PRESERVED_SPECIMEN
20.5,109.51,CN,Mugiliformes,Mugilidae,,,MATERIAL_SAMPLE
25.121147,121.62409,TW,Cypriniformes,Cyprinidae,Candidia barbata,2025,HUMAN_OBSERVATION
24.657938,121.14698,TW,Cyprinodontiformes,Poeciliidae,Gambusia affinis,2021,HUMAN_OBSERVATION
22.466667,114.283333,HK,Anguilliformes,Muraenesocidae,Muraenesox cinereus,1958,PRESERVED_SPECIMEN
22.355189,120.371464,TW,Perciformes,Chaetodontidae,,2015,HUMAN_OBSERVATION
23.43186,120.46369,TW,Cypriniformes,Cyprinidae,Acrossocheilus paradoxus,2023,HUMAN_OBSERVATION
23.484355,120.553891,TW,Cypriniformes,Cyprinidae,Acrossocheilus paradoxus,2023,HUMAN_OBSERVATION
22.558332,120.46667,TW,Perciformes,Polynemidae,Eleutheronema tetradactylum,2005,PRESERVED_SPECIMEN
23.75,120.74,TW,Cypriniformes,Balitoridae,Formosania lacustre,2005,OCCURRENCE
24.97,98.87,CN,Cypriniformes,Cyprinidae,Schizothorax wangchiachii,2012,PRESERVED_SPECIMEN
22.270215,114.14345,HK,Perciformes,Gerreidae,Gerres macracanthus,2020,HUMAN_OBSERVATION
23.49618,120.51628,TW,Cypriniformes,Cyprinidae,Candidia barbata,2023,HUMAN_OBSERVATION
23.45086,120.55133,TW,Cypriniformes,Cyprinidae,Opsariichthys pachycephalus,2022,HUMAN_OBSERVATION
23.490503,121.448405,TW,Perciformes,Rhyacichthyidae,Rhyacichthys aspro,2021,HUMAN_OBSERVATION
24.71,121.1,TW,Cypriniformes,Cyprinidae,Spinibarbus hollandi,2021,HUMAN_OBSERVATION
21.11,110.23,CN,Perciformes,Gerreidae,Gerres filamentosus,2008,PRESERVED_SPECIMEN
18.06,107.99,CN,Perciformes,Coryphaenidae,Coryphaena hippurus,,MATERIAL_SAMPLE
22.381458,114.221145,HK,Perciformes,Gobiidae,Rhinogobius duospilus,2020,HUMAN_OBSERVATION
24.718021,121.705578,TW,Perciformes,Gobiidae,Rhinogobius candidianus,2018,HUMAN_OBSERVATION
24.99982,121.60542,TW,Perciformes,Cichlidae,Coptodon zillii,2023,HUMAN_OBSERVATION
21.927654,120.796904,TW,Myliobatiformes,Dasyatidae,Neotrygon orientale,2021,HUMAN_OBSERVATION
26.04,119.93,CN,Perciformes,Leiognathidae,Nuchequula nuchalis,2015,MATERIAL_SAMPLE
34.86,113.42,CN,Cypriniformes,Cyprinidae,Cyprinus carpio,2018,MATERIAL_SAMPLE
23.697807,120.96051,TW,Perciformes,Acanthuridae,Naso hexacanthus,,MATERIAL_SAMPLE
23.891,106.62,CN,Cypriniformes,Cyprinidae,Chanodichthys erythropterus,2019,MATERIAL_SAMPLE
22.56397,120.53928,TW,Cyprinodontiformes,Poeciliidae,Gambusia affinis,2022,HUMAN_OBSERVATION
22.654828,121.473514,TW,Perciformes,Haemulidae,,2018,HUMAN_OBSERVATION
24.790983,121.179733,TW,Perciformes,Cichlidae,Geophagus brasiliensis,2024,HUMAN_OBSERVATION
23.09,120.48,TW,Cypriniformes,Cyprinidae,Hypsibarbus pierrei,2014,OCCURRENCE
23.697807,120.96051,TW,Tetraodontiformes,Balistidae,,,MATERIAL_SAMPLE
25.05029,121.016204,TW,Perciformes,Labridae,,2017,PRESERVED_SPECIMEN
21.968383,120.84369,TW,Perciformes,Blenniidae,Istiblennius edentulus,2023,HUMAN_OBSERVATION
24.71396,121.82032,TW,Perciformes,Gobiidae,Periophthalmus modestus,2018,OCCURRENCE
25.091045,121.686964,TW,Perciformes,Cichlidae,Oreochromis mossambicus,2024,HUMAN_OBSERVATION
25.0685,121.653,TW,Cypriniformes,Cyprinidae,Hemiculter leucisculus,2016,OCCURRENCE
23.16,120.34,TW,Cypriniformes,Cyprinidae,Culter alburnus,2014,OCCURRENCE
22.673131,121.500573,TW,Cyprinodontiformes,Poeciliidae,Gambusia affinis,2024,HUMAN_OBSERVATION
24.88,121.28,TW,Cypriniformes,Balitoridae,Hemimyzon formosanus,2016,OCCURRENCE
27.67,98.73,CN,Cypriniformes,Nemacheilidae,Schistura longa,2012,PRESERVED_SPECIMEN
23.77763,120.86751,TW,Cypriniformes,Cyprinidae,Opsariichthys pachycephalus,2006,OCCURRENCE
23.01926,120.28361,TW,Siluriformes,Loricariidae,Pterygoplichthys pardalis,2022,HUMAN_OBSERVATION
23.9785,121.4736,TW,Perciformes,Rhyacichthyidae,Rhyacichthys aspro,2022,HUMAN_OBSERVATION
23.841005,120.804292,TW,Cypriniformes,Cyprinidae,Candidia barbata,2024,HUMAN_OBSERVATION
20.62,108.51,CN,Clupeiformes,Pristigasteridae,Ilisha melastoma,,MATERIAL_SAMPLE
23.97,120.99,TW,Cypriniformes,Balitoridae,Sinogastromyzon puliensis,2020,HUMAN_OBSERVATION
24.72973,121.688505,TW,Cypriniformes,Cyprinidae,Acrossocheilus paradoxus,2024,HUMAN_OBSERVATION
24.017465,120.843727,TW,Cypriniformes,Cyprinidae,Spinibarbus hollandi,2021,HUMAN_OBSERVATION
24.88,121.28,TW,Cypriniformes,Balitoridae,Formosania lacustre,2016,OCCURRENCE
24.729767,121.688629,TW,Cypriniformes,Cyprinidae,Barbodes semifasciolatus,2024,HUMAN_OBSERVATION
31.861689,117.252856,CN,Cypriniformes,Cyprinidae,Pseudorasbora parva,2022,HUMAN_OBSERVATION
23.79513,120.78163,TW,Cypriniformes,Cyprinidae,Acrossocheilus paradoxus,2023,HUMAN_OBSERVATION
22.127362,119.604004,TW,Syngnathiformes,Syngnathidae,,1972,PRESERVED_SPECIMEN
24.20058,120.711487,TW,Cypriniformes,Cyprinidae,Opsariichthys pachycephalus,2026,HUMAN_OBSERVATION
24.58,121.86,TW,Tetraodontiformes,Tetraodontidae,Torquigener hypselogeneion,2005,OCCURRENCE
24.64135,121.56901,TW,Cypriniformes,Cyprinidae,Opsariichthys pachycephalus,2022,HUMAN_OBSERVATION
25.05,121.6,TW,Perciformes,Polynemidae,Polydactylus plebeius,2006,OCCURRENCE
24.1784,120.73781,TW,Cypriniformes,Cyprinidae,Carassius auratus,2022,HUMAN_OBSERVATION
24.723205,121.724117,TW,Cyprinodontiformes,Poeciliidae,Gambusia affinis,2022,HUMAN_OBSERVATION
37.602779,97.773331,CN,Cypriniformes,Cyprinidae,Phenacobius mirabilis,1996,PRESERVED_SPECIMEN
23.554725,120.164169,TW,Perciformes,Cichlidae,,2020,HUMAN_OBSERVATION
31.11,121.38,CN,Clupeiformes,Engraulidae,,,PRESERVED_SPECIMEN
23.985499,120.988973,TW,Cypriniformes,Cyprinidae,Onychostoma alticorpus,2025,HUMAN_OBSERVATION
23.04353,120.00835,TW,Pleuronectiformes,Cynoglossidae,Cynoglossus arel,,OCCURRENCE
26.513962,122.23586,TW,Anguilliformes,Muraenidae,Strophidon sathete,2009,PRESERVED_SPECIMEN
23.43192,120.46378,TW,Cypriniformes,Cyprinidae,Barbonymus gonionotus,2023,HUMAN_OBSERVATION
23.59955,120.65645,TW,Siluriformes,Bagridae,Pseudobagrus brevianalis,2006,OCCURRENCE
39.46,119.14,CN,Cypriniformes,Cyprinidae,Abbottina rivularis,2005,PRESERVED_SPECIMEN
24.13414,120.73938,TW,Cypriniformes,Cyprinidae,Spinibarbus hollandi,2021,HUMAN_OBSERVATION
23.345426,121.291423,TW,Perciformes,Gobiidae,Sicyopterus japonicus,2022,HUMAN_OBSERVATION
25.13,121.96,TW,Scorpaeniformes,Parabembridae,Parabembras curtus,,HUMAN_OBSERVATION
22.93993,112.95762,CN,Perciformes,Cichlidae,Coptodon zillii,2025,HUMAN_OBSERVATION
21.916667,120.833333,TW,Tetraodontiformes,Tetraodontidae,,1968,PRESERVED_SPECIMEN
23.270459,121.289638,TW,Perciformes,Cichlidae,,2021,HUMAN_OBSERVATION
25,121.9,TW,Perciformes,Gobiidae,Psammogobius biocellatus,2018,HUMAN_OBSERVATION
23.39944,120.51122,TW,Cypriniformes,Cyprinidae,Microphysogobio alticorpus,2022,HUMAN_OBSERVATION
23.127064,120.055231,TW,Siluriformes,Ariidae,Arius maculatus,2018,HUMAN_OBSERVATION
23.143842,120.076266,TW,Perciformes,Carangidae,Caranx sexfasciatus,2019,HUMAN_OBSERVATION
24.79,121.03,TW,Perciformes,Rhyacichthyidae,Rhyacichthys aspro,2000,OCCURRENCE
23.518507,120.593717,TW,Perciformes,Gobiidae,Rhinogobius candidianus,2023,HUMAN_OBSERVATION
23.391817,121.304194,TW,Perciformes,Gobiidae,Rhinogobius gigas,2021,HUMAN_OBSERVATION
22.05,113.6,CN,Cypriniformes,Cyprinidae,Carassius carassius,1837,PRESERVED_SPECIMEN
22.546771,120.161959,TW,Perciformes,Gerreidae,Gerres filamentosus,2020,PRESERVED_SPECIMEN
24.59638,120.99823,TW,Cypriniformes,Cyprinidae,Candidia barbata,2016,OCCURRENCE
22.65,120.4,TW,Aulopiformes,Paralepididae,,2018,PRESERVED_SPECIMEN
24.65884,121.12367,TW,Perciformes,Gobiidae,Rhinogobius candidianus,2004,OCCURRENCE
22.083334,120.76667,TW,Perciformes,Gobiidae,,1988,PRESERVED_SPECIMEN
39.9572,115.4244,CN,Stomiiformes,Gonostomatidae,,,MATERIAL_SAMPLE
23.522495,120.545595,TW,Perciformes,Gobiidae,Rhinogobius candidianus,2023,HUMAN_OBSERVATION
24.02271,120.63682,TW,Cypriniformes,Cyprinidae,Opsariichthys pachycephalus,2021,HUMAN_OBSERVATION
24.31,120.82,TW,Cypriniformes,Balitoridae,Hemimyzon formosanus,2022,HUMAN_OBSERVATION
22.47,120.43,TW,Perciformes,Leiognathidae,Secutor ruconius,1989,OCCURRENCE
31.292628,120.575737,CN,Clupeiformes,Engraulidae,,,PRESERVED_SPECIMEN
22.35,120.11,TW,Beryciformes,Trachichthyidae,,2005,MATERIAL_SAMPLE
22.47,120.43,TW,Perciformes,Sparidae,Acanthopagrus latus,1980,OCCURRENCE
23.75456,120.73767,TW,Siluriformes,Bagridae,Pseudobagrus brevianalis,2005,OCCURRENCE
23.41464,120.50694,TW,Cypriniformes,Cyprinidae,Opsariichthys pachycephalus,2023,HUMAN_OBSERVATION
23.72653,120.6234,TW,Perciformes,Gobiidae,Rhinogobius rubromaculatus,2023,HUMAN_OBSERVATION
24.82,121.98,TW,Pleuronectiformes,Cynoglossidae,,2009,MATERIAL_SAMPLE
32.069489,118.793264,CN,Cypriniformes,Cyprinidae,Hemiculter leucisculus,2026,HUMAN_OBSERVATION
23.81822,120.75323,TW,Cypriniformes,Cyprinidae,Spinibarbus hollandi,2005,OCCURRENCE
38.073254,104.69114,CN,Perciformes,Scatophagidae,,,MATERIAL_SAMPLE
25.106702,121.462784,TW,Perciformes,Eleotridae,Eleotris oxycephala,,PRESERVED_SPECIMEN
24.29708,120.92422,TW,Perciformes,Gobiidae,Rhinogobius candidianus,2023,HUMAN_OBSERVATION
19.2,110.68,CN,Gasterosteiformes,Pegasidae,Pegasus volitans,2012,MATERIAL_SAMPLE
25.04595,121.48511,TW,Mugiliformes,Mugilidae,Mugil cephalus,2016,OCCURRENCE
23.88,120.73,TW,Cypriniformes,Balitoridae,Sinogastromyzon puliensis,2020,HUMAN_OBSERVATION
22.117348,113.550981,CN,Perciformes,Gobiidae,Boleophthalmus pectinirostris,2026,HUMAN_OBSERVATION
22.0686,120.71426,TW,Elopiformes,Elopidae,Elops machnata,2012,OCCURRENCE
24.60784,120.78378,TW,Mugiliformes,Mugilidae,Planiliza macrolepis,2023,HUMAN_OBSERVATION
24.48,120.66,TW,Clupeiformes,Engraulidae,Thryssa kammalensis,1991,PRESERVED_SPECIMEN
22.08009,121.53976,TW,Perciformes,Eleotridae,Eleotris fusca,2009,HUMAN_OBSERVATION
24.725719,121.715065,TW,Cypriniformes,Cyprinidae,Opsariichthys pachycephalus,2019,HUMAN_OBSERVATION
21.3333,108.5,CN,Pleuronectiformes,Cynoglossidae,,2013,MATERIAL_SAMPLE
23.118403,120.088635,TW,Perciformes,Ambassidae,Ambassis vachellii,2018,HUMAN_OBSERVATION
22.278538,113.941408,HK,Siluriformes,Clariidae,Clarias fuscus,2014,HUMAN_OBSERVATION
21.72,110.31,CN,Cypriniformes,Cyprinidae,Toxabramis houdemeri,2020,PRESERVED_SPECIMEN
25.060742,121.095398,TW,Perciformes,Cichlidae,Oreochromis niloticus,2024,HUMAN_OBSERVATION
27.74081,98.35105,CN,Siluriformes,Sisoridae,Oreoglanis macropterus,2007,PRESERVED_SPECIMEN
31.925022,118.767783,CN,Beloniformes,Adrianichthyidae,Oryzias sinensis,2024,HUMAN_OBSERVATION
24.26072,120.81915,TW,Cypriniformes,Cyprinidae,Microphysogobio alticorpus,2023,HUMAN_OBSERVATION
23.58,121.36,TW,Cypriniformes,Cyprinidae,Onychostoma alticorpus,2022,HUMAN_OBSERVATION
24.08134,120.99071,TW,Cypriniformes,Cyprinidae,Opsariichthys pachycephalus,2021,HUMAN_OBSERVATION
23.118403,120.088635,TW,Pleuronectiformes,Paralichthyidae,Pseudorhombus arsius,2017,HUMAN_OBSERVATION
23.49721,120.30348,TW,Cyprinodontiformes,Poeciliidae,Gambusia affinis,2022,HUMAN_OBSERVATION
29.97,113.68,CN,Siluriformes,Siluridae,Silurus asotus,2013,PRESERVED_SPECIMEN
23.75456,120.73767,TW,Perciformes,Gobiidae,Rhinogobius candidianus,2005,OCCURRENCE
22.022863,120.96357,TW,Cyprinodontiformes,Poeciliidae,Poecilia reticulata,2025,HUMAN_OBSERVATION
25.0685,121.653,TW,Cypriniformes,Cyprinidae,Opsariichthys pachycephalus,2016,OCCURRENCE
22.7,121.05,TW,Perciformes,Gobiidae,Rhinogobius brunneus,1991,HUMAN_OBSERVATION
23.56592,120.29189,TW,Siluriformes,Loricariidae,,2023,HUMAN_OBSERVATION
24.83,120.39,TW,Siluriformes,Ariidae,Arius maculatus,,HUMAN_OBSERVATION
39.739501,116.173242,CN,Cypriniformes,Cyprinidae,Pseudorasbora parva,2025,HUMAN_OBSERVATION
25.016209,121.557774,TW,Cypriniformes,Cyprinidae,Candidia barbata,2022,HUMAN_OBSERVATION
25.0787,121.69337,TW,Perciformes,Cichlidae,Coptodon zillii,2022,HUMAN_OBSERVATION
24.82305,120.99834,TW,Perciformes,Cichlidae,Coptodon zillii,2022,HUMAN_OBSERVATION
23.75789,120.65769,TW,Perciformes,Cichlidae,Oreochromis niloticus,2022,HUMAN_OBSERVATION
23.55,119.56,TW,Perciformes,Scombridae,Auxis rochei,2006,MATERIAL_SAMPLE
22.579785,113.902459,HK,Scorpaeniformes,Scorpaenidae,Trichosomus trachinoides,2020,HUMAN_OBSERVATION
23.69483,120.85098,TW,Cypriniformes,Cyprinidae,Acrossocheilus paradoxus,2023,HUMAN_OBSERVATION
23.118403,120.088635,TW,Scorpaeniformes,Platycephalidae,Platycephalus indicus,2015,HUMAN_OBSERVATION
24.17729,120.62782,TW,Cypriniformes,Cyprinidae,Candidia barbata,2023,HUMAN_OBSERVATION
26.72722,110.30805,CN,Cypriniformes,Cyprinidae,Squalidus wolterstorffi,2002,PRESERVED_SPECIMEN
22.97148,121.17089,TW,Cypriniformes,Cyprinidae,Acrossocheilus paradoxus,2015,OCCURRENCE
22.528043,114.196771,HK,Cyprinodontiformes,Poeciliidae,Poecilia reticulata,2020,HUMAN_OBSERVATION
20.76,110.5,CN,Mugiliformes,Mugilidae,,,MATERIAL_SAMPLE
24.725533,121.708353,TW,Cypriniformes,Cyprinidae,Systomus rubripinnis,2022,HUMAN_OBSERVATION
37.108891,99.321945,CN,Perciformes,Centrarchidae,Lepomis megalotis,1996,PRESERVED_SPECIMEN
24.19867,120.63522,TW,Perciformes,Cichlidae,Oreochromis niloticus,2021,HUMAN_OBSERVATION
24.78,121.69,TW,Cypriniformes,Balitoridae,Formosania lacustre,2022,HUMAN_OBSERVATION
23.95,120.95,TW,Cypriniformes,Balitoridae,Sinogastromyzon puliensis,2020,HUMAN_OBSERVATION
24.93528,121.704247,TW,Cypriniformes,Cyprinidae,Cyprinus carpio,2026,HUMAN_OBSERVATION
23.451611,120.550472,TW,Cypriniformes,Cyprinidae,Acrossocheilus paradoxus,2023,HUMAN_OBSERVATION
23.4855,121.40355,TW,Perciformes,Cichlidae,Oreochromis niloticus,2022,HUMAN_OBSERVATION
24.58,121.5,TW,Cypriniformes,Balitoridae,Hemimyzon formosanus,2002,OCCURRENCE
24.18,120.91,TW,Cypriniformes,Balitoridae,Hemimyzon formosanus,2003,OCCURRENCE
19.68,112.77,CN,Clupeiformes,Engraulidae,Stolephorus indicus,2007,PRESERVED_SPECIMEN
24.43,118.05,CN,Syngnathiformes,Syngnathidae,Syngnathus schlegeli,2012,PRESERVED_SPECIMEN
23.1346,120.0717,TW,Perciformes,Carangidae,Caranx ignobilis,2022,MATERIAL_SAMPLE
40.437622,116.619317,CN,Cypriniformes,Cyprinidae,Zacco sinensis,2022,HUMAN_OBSERVATION
23.1346,120.0717,TW,Perciformes,Gobiidae,Tridentiger nudicervicus,2022,MATERIAL_SAMPLE
24.46878,120.95132,TW,Cypriniformes,Cyprinidae,Candidia barbata,2023,HUMAN_OBSERVATION
40.48638,107.15862,CN,Cypriniformes,Cyprinidae,Hemibarbus maculatus,,MATERIAL_SAMPLE
30.006526,122.078421,CN,Perciformes,Gobiidae,Periophthalmus modestus,1936,PRESERVED_SPECIMEN
23.05,121.2,TW,Cypriniformes,Cyprinidae,Onychostoma alticorpus,2022,HUMAN_OBSERVATION
26.223028,98.869611,CN,Cypriniformes,Nemacheilidae,Schistura longa,2000,PRESERVED_SPECIMEN
23.1346,120.0717,TW,Perciformes,Gerreidae,Gerres oyena,2022,MATERIAL_SAMPLE
36.07673,79.54436,CN,Cypriniformes,Nemacheilidae,Hedinichthys yarkandensis,,PRESERVED_SPECIMEN
24.08277,120.87876,TW,Cypriniformes,Cyprinidae,Spinibarbus hollandi,2022,HUMAN_OBSERVATION
23.68,117.51,CN,Syngnathiformes,Syngnathidae,Syngnathus schlegeli,2012,PRESERVED_SPECIMEN
24.170928,121.611028,TW,Cypriniformes,Cyprinidae,Acrossocheilus paradoxus,2019,HUMAN_OBSERVATION
23.553601,120.158226,TW,Perciformes,Gobiidae,Acentrogobius viganensis,2025,HUMAN_OBSERVATION
23.124482,120.074022,TW,Perciformes,Sparidae,Acanthopagrus pacificus,2018,HUMAN_OBSERVATION
24.71,121.83,TW,Perciformes,Gobiidae,Redigobius bikolanus,2004,OCCURRENCE
23.51,117.51,CN,Perciformes,Polynemidae,Polydactylus sextarius,2014,MATERIAL_SAMPLE
22.622982,120.647936,TW,Cypriniformes,Cyprinidae,Spinibarbus hollandi,2022,HUMAN_OBSERVATION
25.177981,121.514159,TW,Cypriniformes,Cobitidae,Misgurnus anguillicaudatus,2024,HUMAN_OBSERVATION
38.91248,121.636281,CN,Perciformes,Gobiidae,Gymnogobius taranetzi,2026,HUMAN_OBSERVATION
22.97778,121.16475,TW,Cypriniformes,Cyprinidae,Acrossocheilus paradoxus,2015,OCCURRENCE
22.366111,114.296111,HK,Tetraodontiformes,Tetraodontidae,,1958,PRESERVED_SPECIMEN
38.349724,98.77417,CN,Perciformes,Centrarchidae,Pomoxis annularis,1996,PRESERVED_SPECIMEN
23.206319,121.288639,TW,Cypriniformes,Cyprinidae,Onychostoma barbatulum,2022,HUMAN_OBSERVATION
22.218186,113.918559,HK,Perciformes,Eleotridae,Butis humeralis,2015,HUMAN_OBSERVATION
23.114808,120.098873,TW,Perciformes,Sillaginidae,Sillago sihama,2019,HUMAN_OBSERVATION
22.08,120.74,TW,Cypriniformes,Cyprinidae,Opsariichthys kaopingensis,2023,HUMAN_OBSERVATION
30.538911,119.810156,CN,Perciformes,Gobiidae,Rhinogobius lentiginis,2025,HUMAN_OBSERVATION
24.66888,121.1192,TW,Cypriniformes,Cyprinidae,Candidia barbata,2022,HUMAN_OBSERVATION
17.07,109.74,CN,Perciformes,Carangidae,Platycaranx chrysophrys,2008,PRESERVED_SPECIMEN
22.008227,113.439158,MO,Perciformes,Osphronemidae,Macropodus opercularis,2026,HUMAN_OBSERVATION
31.413994,121.579277,CN,Cypriniformes,Cyprinidae,Abbottina rivularis,,PRESERVED_SPECIMEN
47.400002,130.199997,CN,Perciformes,Cichlidae,,,MATERIAL_CITATION
22.28,120.36,TW,Lophiiformes,Antennariidae,Antennarius striatus,2001,HUMAN_OBSERVATION
23.81177,121.45336,TW,Perciformes,Gobiidae,Rhinogobius candidianus,2023,HUMAN_OBSERVATION
23.322756,121.329793,TW,Siluriformes,Loricariidae,Pterygoplichthys pardalis,2022,HUMAN_OBSERVATION
24.15673,120.62178,TW,Cypriniformes,Cyprinidae,Opsariichthys pachycephalus,2005,OCCURRENCE
25.091045,121.686964,TW,Perciformes,Cichlidae,,2024,HUMAN_OBSERVATION
22.28,120.36,TW,Lophiiformes,Antennariidae,Antennarius striatus,,HUMAN_OBSERVATION
22.34,121.38,TW,Perciformes,Pomacentridae,Plectroglyphidodon lacrymatus,2007,MATERIAL_SAMPLE
23.258614,121.298213,TW,Cypriniformes,Cyprinidae,Opsariichthys pachycephalus,2022,HUMAN_OBSERVATION
24.58,121.86,TW,Perciformes,Scatophagidae,Scatophagus argus,1986,OCCURRENCE
23.891,106.62,CN,Cypriniformes,Cyprinidae,Toxabramis houdemeri,2019,MATERIAL_SAMPLE
24.752631,121.457279,TW,Cypriniformes,Cyprinidae,Onychostoma barbatulum,2025,HUMAN_OBSERVATION
23.46692,121.49784,TW,Mugiliformes,Mugilidae,Planiliza macrolepis,2022,HUMAN_OBSERVATION
22.08,121.51,TW,Perciformes,Gobiidae,Gobiodon unicolor,1993,OCCURRENCE
26.036107,119.237164,CN,Perciformes,Gobiidae,Boleophthalmus pectinirostris,2025,HUMAN_OBSERVATION
29.89,95.61,CN,Cypriniformes,Cyprinidae,Schizothorax curvilabiatus,2024,MATERIAL_SAMPLE
19.533333,109.583333,CN,Cypriniformes,Cyprinidae,Carassius auratus,,PRESERVED_SPECIMEN
24.1385,120.6197,TW,Perciformes,Cichlidae,Amphilophus labiatus,2022,HUMAN_OBSERVATION
24.104045,120.658797,TW,Perciformes,Cichlidae,Parachromis managuensis,2024,HUMAN_OBSERVATION
39.586666,98.775833,CN,Siluriformes,Ictaluridae,Ictalurus punctatus,1996,PRESERVED_SPECIMEN
22.461834,114.32996,HK,Perciformes,Lutjanidae,Lutjanus russellii,2026,HUMAN_OBSERVATION
23.98054,120.87079,TW,Cypriniformes,Cyprinidae,Opsariichthys pachycephalus,2004,OCCURRENCE
23.114808,120.098873,TW,Perciformes,Leiognathidae,Leiognathus equulus,2021,HUMAN_OBSERVATION
23.05463,121.1992,TW,Perciformes,Gobiidae,Rhinogobius candidianus,2023,HUMAN_OBSERVATION
23.038395,120.021337,TW,Clupeiformes,Engraulidae,Thryssa kammalensis,2019,PRESERVED_SPECIMEN
38.073254,104.69114,CN,Cypriniformes,Cyprinidae,,2011,MATERIAL_SAMPLE
25.2,118.89,CN,Perciformes,Gobiidae,Tridentiger trigonocephalus,2017,PRESERVED_SPECIMEN
23.603133,120.033417,TW,Perciformes,Pempheridae,,2020,PRESERVED_SPECIMEN
23.25,119.66,TW,Anguilliformes,Muraenidae,Gymnothorax rueppelliae,1991,PRESERVED_SPECIMEN
25.0082,121.689,TW,Cypriniformes,Cyprinidae,Onychostoma barbatulum,2017,OCCURRENCE
23.264389,119.516333,TW,Perciformes,Serranidae,,2018,HUMAN_OBSERVATION
23.27,121.28,TW,Cypriniformes,Cyprinidae,Barbodes snyderi,2022,HUMAN_OBSERVATION
18.26,107.87,CN,Perciformes,Terapontidae,Terapon jarbua,2013,PRESERVED_SPECIMEN
22.27075,113.886981,HK,Perciformes,Gobiidae,Favonigobius reichei,2021,HUMAN_OBSERVATION
24.576983,120.157084,TW,Mugiliformes,Mugilidae,,2021,PRESERVED_SPECIMEN
21.92735,101.249192,CN,Perciformes,Channidae,Channa gachua,2024,HUMAN_OBSERVATION
22.362331,114.018718,HK,Siluriformes,Plotosidae,Plotosus lineatus,2017,HUMAN_OBSERVATION
24.159316,120.744225,TW,Cypriniformes,Cyprinidae,Opsariichthys pachycephalus,2022,HUMAN_OBSERVATION
25.157706,121.456813,TW,Perciformes,Gobiidae,Boleophthalmus pectinirostris,2014,HUMAN_OBSERVATION
22.90586,121.14797,TW,Cypriniformes,Cyprinidae,Opsariichthys pachycephalus,2022,HUMAN_OBSERVATION
22.323056,120.365556,TW,Perciformes,Scaridae,,2017,HUMAN_OBSERVATION
31.413994,121.579277,CN,Siluriformes,Bagridae,,1929,PRESERVED_SPECIMEN
23.06859,120.36004,TW,Cypriniformes,Cyprinidae,Opsariichthys pachycephalus,2022,HUMAN_OBSERVATION
24.71,121.83,TW,Perciformes,Cichlidae,,2004,OCCURRENCE
24.15905,120.74417,TW,Cypriniformes,Cyprinidae,Opsariichthys pachycephalus,2021,HUMAN_OBSERVATION
24.7012,121.05004,TW,Cypriniformes,Cyprinidae,Microphysogobio brevirostris,2015,OCCURRENCE
23.08,120.51,TW,Siluriformes,Loricariidae,,2014,OCCURRENCE
25.120592,121.534387,TW,Perciformes,Cichlidae,Geophagus brasiliensis,2025,HUMAN_OBSERVATION
40.688286,116.340014,CN,Cypriniformes,Cobitidae,Cobitis melanoleuca,2026,HUMAN_OBSERVATION
25.0685,121.653,TW,Perciformes,Cichlidae,Oreochromis mossambicus,2016,OCCURRENCE
24.91283,121.53721,TW,Cypriniformes,Cyprinidae,Zacco platypus,2023,HUMAN_OBSERVATION
22.453122,120.479645,TW,Perciformes,Haemulidae,Pomadasys argenteus,2025,HUMAN_OBSERVATION
22.398041,114.106532,HK,Cypriniformes,Balitoridae,Pseudogastromyzon myersi,2025,HUMAN_OBSERVATION
23.217991,121.270227,TW,Perciformes,Channidae,Channa striata,2022,HUMAN_OBSERVATION
24.62164,121.00564,TW,Cypriniformes,Cyprinidae,Opsariichthys pachycephalus,2023,HUMAN_OBSERVATION
25.487002,122.103876,TW,Perciformes,Pomacentridae,Stegastes fasciolatus,2022,HUMAN_OBSERVATION
22.251317,113.866508,HK,Perciformes,Scatophagidae,Scatophagus argus,2018,HUMAN_OBSERVATION
25.1639,121.42154,TW,Perciformes,Sillaginidae,Sillago sihama,2015,OCCURRENCE
23.118403,120.088635,TW,Clupeiformes,Engraulidae,Thryssa hamiltonii,2017,HUMAN_OBSERVATION
23.60965,120.37163,TW,Siluriformes,Loricariidae,,2023,HUMAN_OBSERVATION
29.549418,103.763336,CN,Cypriniformes,Cyprinidae,Onychostoma laticeps,1931,PRESERVED_SPECIMEN
23.697807,120.96051,TW,Perciformes,Siganidae,Siganus guttatus,,MATERIAL_SAMPLE
22.994938,120.311753,TW,Siluriformes,Loricariidae,,2023,HUMAN_OBSERVATION
24.07657,120.7254,TW,Cypriniformes,Cyprinidae,Carassius auratus,2022,HUMAN_OBSERVATION
24.16,121.18,TW,Cypriniformes,Balitoridae,Hemimyzon formosanus,2004,OCCURRENCE
23.118403,120.088635,TW,Perciformes,Gerreidae,Gerres limbatus,2018,HUMAN_OBSERVATION
22.52931,103.93936,CN,Siluriformes,Sisoridae,Glyptothorax quadriocellatus,2020,HUMAN_OBSERVATION
23.58208,121.35963,TW,Cypriniformes,Cyprinidae,Acrossocheilus paradoxus,2022,HUMAN_OBSERVATION
24.1385,120.6197,TW,Perciformes,Cichlidae,Amphilophus labiatus,2022,HUMAN_OBSERVATION
24.721283,121.71765,TW,Perciformes,Cichlidae,Geophagus brasiliensis,2018,HUMAN_OBSERVATION
37.552388,121.429526,CN,Clupeiformes,Engraulidae,,1932,PRESERVED_SPECIMEN
24.88046,121.38,TW,Cypriniformes,Cyprinidae,Acrossocheilus paradoxus,2022,HUMAN_OBSERVATION
23.58211,121.35914,TW,Perciformes,Gobiidae,Sicyopterus japonicus,2022,HUMAN_OBSERVATION
24.99951,121.60682,TW,Cypriniformes,Cyprinidae,Zacco platypus,2022,HUMAN_OBSERVATION
23.465925,121.401272,TW,Cypriniformes,Cyprinidae,Acrossocheilus paradoxus,2021,HUMAN_OBSERVATION
25.86,98.85,CN,Cypriniformes,Cyprinidae,Schizopyge nukiangensis,2012,PRESERVED_SPECIMEN
23.68138,120.41893,TW,Cypriniformes,Cyprinidae,Barbonymus gonionotus,2023,HUMAN_OBSERVATION
25.07,121.92,TW,Perciformes,Gerreidae,Gerres oyena,1986,OCCURRENCE
22.427342,114.181672,HK,Cypriniformes,Cyprinidae,Parazacco spilurus,2018,HUMAN_OBSERVATION
23.270459,121.289638,TW,Cyprinodontiformes,Poeciliidae,Gambusia affinis,2021,HUMAN_OBSERVATION
24.55,108.166667,CN,Cypriniformes,Cyprinidae,Metzia parva,2012,PRESERVED_SPECIMEN
24.953437,121.9175,TW,Perciformes,Kyphosidae,Microcanthus strigatus,2025,HUMAN_OBSERVATION
29.549418,103.763336,CN,Siluriformes,Bagridae,,1929,PRESERVED_SPECIMEN
24.66,121.12,TW,Cypriniformes,Balitoridae,Formosania lacustre,2004,OCCURRENCE
23.1346,120.0717,TW,Perciformes,Ambassidae,Ambassis miops,2022,MATERIAL_SAMPLE
25.0685,121.653,TW,Cyprinodontiformes,Poeciliidae,Gambusia affinis,2016,OCCURRENCE
22.78534,120.29624,TW,Perciformes,Cichlidae,,2022,HUMAN_OBSERVATION
24.08277,120.87876,TW,Cypriniformes,Cyprinidae,Opsariichthys pachycephalus,2022,HUMAN_OBSERVATION
24.6687,121.11869,TW,Cypriniformes,Cyprinidae,Acrossocheilus paradoxus,2023,HUMAN_OBSERVATION
23.53699,120.26222,TW,Cypriniformes,Cyprinidae,Barbonymus gonionotus,2023,HUMAN_OBSERVATION
22.355355,114.247867,HK,Cypriniformes,Cyprinidae,Labeo rohita,2013,HUMAN_OBSERVATION
35.89,120.32,CN,Clupeiformes,Engraulididae,,1993,PRESERVED_SPECIMEN
24.13,120.73,TW,Cypriniformes,Cyprinidae,Onychostoma alticorpus,2021,HUMAN_OBSERVATION
23.84535,121.52794,TW,Perciformes,Gobiidae,Rhinogobius gigas,2022,HUMAN_OBSERVATION
23.11,120.48,TW,Cypriniformes,Balitoridae,Sinogastromyzon nantaiensis,2014,OCCURRENCE
22.452291,120.479448,TW,Perciformes,Terapontidae,Terapon jarbua,2025,HUMAN_OBSERVATION
18.0505,117.06,TW,Stomiiformes,Gonostomatidae,,1981,PRESERVED_SPECIMEN
24.193163,120.629648,TW,Perciformes,Channidae,Channa striata,2025,HUMAN_OBSERVATION
24.8796,120.5165,TW,Aulopiformes,Synodontidae,Synodus myops,2020,PRESERVED_SPECIMEN
23.05517,121.19978,TW,Cypriniformes,Cyprinidae,Acrossocheilus paradoxus,2022,HUMAN_OBSERVATION
24.94111,121.90086,TW,Gonorynchiformes,Chanidae,Chanos chanos,2009,PRESERVED_SPECIMEN
24.00696,120.69564,TW,Anguilliformes,Anguillidae,Anguilla marmorata,2021,HUMAN_OBSERVATION
22.325889,114.272306,HK,Perciformes,Chaetodontidae,Chaetodon rafflesii,2024,HUMAN_OBSERVATION
20.76017,116.7451,TW,Perciformes,Gobiidae,,2011,PRESERVED_SPECIMEN
22.295649,114.01419,HK,Osteoglossiformes,Osteoglossidae,Scleropages formosus,2023,HUMAN_OBSERVATION
22.160053,113.566974,MO,Cyprinodontiformes,Poeciliidae,Poecilia reticulata,2022,HUMAN_OBSERVATION
22.30946,114.365016,HK,Perciformes,Apogonidae,Ostorhinchus fleurieu,2024,HUMAN_OBSERVATION
20.5,109.51,CN,Mugiliformes,Mugilidae,,,MATERIAL_SAMPLE
38.073254,104.69114,CN,Cypriniformes,Cobitidae,Misgurnus mohoity,,MATERIAL_SAMPLE
21,109.58,CN,Perciformes,Carangidae,Scyris indica,2013,PRESERVED_SPECIMEN
23.826603,120.801477,TW,Cypriniformes,Cyprinidae,Pseudorasbora parva,2023,HUMAN_OBSERVATION
23.699486,120.458808,TW,Cypriniformes,Cyprinidae,Barbonymus gonionotus,2023,HUMAN_OBSERVATION
23.745,120.723,TW,Cypriniformes,Cyprinidae,Acrossocheilus paradoxus,2017,OCCURRENCE
29.97,113.93,CN,Cypriniformes,Cobitidae,Misgurnus anguillicaudatus,2017,MATERIAL_SAMPLE
25,119.466667,TW,Anguilliformes,Nettastomatidae,,1898,PRESERVED_SPECIMEN
23.217991,121.270227,TW,Perciformes,Channidae,Channa striata,2022,HUMAN_OBSERVATION
22,120.75,TW,Perciformes,Labridae,Oxycheilinus digramma,1990,PRESERVED_SPECIMEN
19.12,108.65,CN,Perciformes,Leiognathidae,,,PRESERVED_SPECIMEN
23.513177,119.588615,TW,Perciformes,Cichlidae,Oreochromis mossambicus,2026,HUMAN_OBSERVATION
24.13849,120.6197,TW,Perciformes,Cichlidae,Amphilophus labiatus,2021,HUMAN_OBSERVATION
23.07,120.49,TW,Cypriniformes,Cyprinidae,Opsariichthys pachycephalus,2014,OCCURRENCE
23.66,120.69,TW,Cypriniformes,Balitoridae,Hemimyzon formosanus,2017,OCCURRENCE
23.39875,120.51139,TW,Cypriniformes,Cyprinidae,Opsariichthys pachycephalus,2022,HUMAN_OBSERVATION
22.396481,114.342064,HK,Perciformes,Sparidae,Sparus aurata,2023,HUMAN_OBSERVATION
24.40272,120.6124,TW,Mugiliformes,Mugilidae,Planiliza subviridis,2008,OCCURRENCE
28.769651,104.634879,CN,Cypriniformes,Cyprinidae,Folifer brevifilis,1929,PRESERVED_SPECIMEN
22.477374,114.336083,HK,Perciformes,Chaetodontidae,Heniochus acuminatus,2021,HUMAN_OBSERVATION
23.558428,120.164958,TW,Perciformes,Eleotridae,Eleotris acanthopoma,2025,HUMAN_OBSERVATION
20.73428,116.8371,TW,Perciformes,Gobiidae,,2011,PRESERVED_SPECIMEN
22.732806,103.511611,CN,Cypriniformes,Cyprinidae,Pseudorasbora parva,2025,HUMAN_OBSERVATION
23.2977,121.25955,TW,Cypriniformes,Cyprinidae,Aphyocypris kikuchii,2018,HUMAN_OBSERVATION
23.12,120.38,TW,Cypriniformes,Cyprinidae,Hypsibarbus pierrei,2014,OCCURRENCE
23.067455,113.223572,CN,Perciformes,Gobiidae,Parapocryptes serperaster,2025,HUMAN_OBSERVATION
19.37,113.42,CN,Perciformes,Carangidae,Atule mate,2007,PRESERVED_SPECIMEN
23.45086,120.55133,TW,Perciformes,Gobiidae,Rhinogobius candidianus,2022,HUMAN_OBSERVATION
23.0587,120.07884,TW,Mugiliformes,Mugilidae,Planiliza subviridis,2022,HUMAN_OBSERVATION
23.894618,120.914315,TW,Cypriniformes,Cyprinidae,Onychostoma barbatulum,2021,HUMAN_OBSERVATION
23.40358,120.38233,TW,Cypriniformes,Cyprinidae,Opsariichthys pachycephalus,2022,HUMAN_OBSERVATION
23.461199,121.499297,TW,Anguilliformes,Ophichthidae,Lamnostoma mindora,2021,HUMAN_OBSERVATION
20.71287,116.7809,TW,Perciformes,Pomacentridae,Plectroglyphidodon lacrymatus,2011,PRESERVED_SPECIMEN
25.22492,121.61191,TW,Perciformes,Gobiidae,Rhinogobius candidianus,2013,OCCURRENCE
25.05,121.9,TW,Perciformes,Kuhliidae,Kuhlia marginata,2006,OCCURRENCE
24.162162,120.641388,TW,Perciformes,Channidae,Channa micropeltes,2025,HUMAN_OBSERVATION
22.377237,113.979791,HK,Perciformes,Terapontidae,Pelates quadrilineatus,2024,HUMAN_OBSERVATION
22.2,113.55,CN,Perciformes,Gobiidae,Tridentiger barbatus,1958,PRESERVED_SPECIMEN
23.342925,116.707924,CN,Perciformes,Gerreidae,,,PRESERVED_SPECIMEN
23.554231,120.159945,TW,Perciformes,Cichlidae,Oreochromis mossambicus,2024,HUMAN_OBSERVATION
22.310454,114.319896,HK,Cyprinodontiformes,Poeciliidae,Xiphophorus variatus,2020,HUMAN_OBSERVATION
24.94,121.9,TW,Gadiformes,Macrouridae,,2000,OCCURRENCE
31.1,121.367,CN,Cypriniformes,Cyprinidae,Acanthorhodeus chankaensis,1934,PRESERVED_SPECIMEN
22.524468,113.994926,CN,Perciformes,Gobiidae,Boleophthalmus pectinirostris,2022,HUMAN_OBSERVATION
24.88464,121.28326,TW,Perciformes,Gobiidae,Rhinogobius candidianus,2023,HUMAN_OBSERVATION
24.28651,120.6672,TW,Cypriniformes,Cyprinidae,Opsariichthys pachycephalus,2012,OCCURRENCE
24.9,118.89,CN,Perciformes,Hapalogenyidae,Hapalogenys nigripinnis,2017,PRESERVED_SPECIMEN
23.455583,120.488639,TW,Perciformes,Gobiidae,Rhinogobius candidianus,2023,HUMAN_OBSERVATION
22.91895,120.18426,TW,Perciformes,Cichlidae,Oreochromis niloticus,2022,HUMAN_OBSERVATION
25.02996,121.32008,TW,Cypriniformes,Cyprinidae,Candidia barbata,2023,HUMAN_OBSERVATION
23.5225,120.5456,TW,Cypriniformes,Cyprinidae,Opsariichthys pachycephalus,2023,HUMAN_OBSERVATION
19.241447,110.455412,CN,Cypriniformes,Cyprinidae,Rhodeus spinalis,1935,PRESERVED_SPECIMEN
22.44,120.47,TW,Perciformes,Lethrinidae,Lethrinus lentjan,2004,OCCURRENCE
23.17,120.26,TW,Perciformes,Ambassidae,Ambassis interrupta,2015,OCCURRENCE
24.69745,121.189473,TW,Cypriniformes,Cyprinidae,Acrossocheilus paradoxus,2023,HUMAN_OBSERVATION
40.373276,107.09863,CN,Cypriniformes,Cyprinidae,Parabramis pekinensis,,MATERIAL_SAMPLE
25.05029,121.016204,TW,Perciformes,Trichonotidae,Trichonotus setiger,2018,PRESERVED_SPECIMEN
25.08703,121.82832,TW,Cypriniformes,Cyprinidae,Opsariichthys pachycephalus,2022,HUMAN_OBSERVATION
19.66,110.91,CN,Cypriniformes,Cyprinidae,Chanodichthys erythropterus,2017,PRESERVED_SPECIMEN
29.746013,120.16063,CN,Synbranchiformes,Synbranchidae,Monopterus albus,2026,HUMAN_OBSERVATION
23.552462,120.519688,TW,Cypriniformes,Cyprinidae,Acrossocheilus paradoxus,2023,HUMAN_OBSERVATION
24.08134,120.99071,TW,Cypriniformes,Cyprinidae,Acrossocheilus paradoxus,2021,HUMAN_OBSERVATION
27,111.19972,CN,Cypriniformes,Cyprinidae,Carassius auratus,2002,PRESERVED_SPECIMEN
20.65,111.49,CN,Perciformes,Drepaneidae,Drepane punctata,2007,PRESERVED_SPECIMEN
22.56453,120.53989,TW,Beloniformes,Zenarchopteridae,Dermogenys siamensis,2022,HUMAN_OBSERVATION
23.43094,120.46308,TW,Cypriniformes,Cyprinidae,Acrossocheilus paradoxus,2022,HUMAN_OBSERVATION
24.23558,120.73916,TW,Perciformes,Gobiidae,Rhinogobius candidianus,2022,HUMAN_OBSERVATION
23.50444,120.48173,TW,Cypriniformes,Cyprinidae,Opsariichthys pachycephalus,2022,HUMAN_OBSERVATION
31.202185,121.606118,CN,Synbranchiformes,Synbranchidae,Monopterus albus,2024,HUMAN_OBSERVATION
23.206319,121.288639,TW,Cypriniformes,Cyprinidae,Acrossocheilus paradoxus,2022,HUMAN_OBSERVATION
22.75,121.55,TW,Perciformes,Labridae,,2005,OCCURRENCE
21.931156,120.744832,TW,Tetraodontiformes,Ostraciidae,Ostracion cubicus,2023,HUMAN_OBSERVATION
23.93,120.72,TW,Cypriniformes,Balitoridae,Sinogastromyzon puliensis,2020,HUMAN_OBSERVATION
22.63478,120.61025,TW,Perciformes,Osphronemidae,Trichopodus trichopterus,2022,HUMAN_OBSERVATION
38.073254,104.69114,CN,Cypriniformes,Cyprinidae,Onychostoma gerlachi,,MATERIAL_SAMPLE
24.76078,121.07477,TW,Cypriniformes,Cyprinidae,Microphysogobio brevirostris,2005,OCCURRENCE
23.66031,121.42073,TW,Cypriniformes,Cyprinidae,Acrossocheilus paradoxus,2019,OCCURRENCE
23.50444,120.48173,TW,Perciformes,Cichlidae,Oreochromis niloticus,2022,HUMAN_OBSERVATION
38.073254,104.69114,CN,Cypriniformes,Nemacheilidae,Triplophysa robusta,,MATERIAL_SAMPLE
23.340337,121.272662,TW,Perciformes,Gobiidae,Sicyopterus japonicus,2022,HUMAN_OBSERVATION
24.892703,121.28608,TW,Siluriformes,Loricariidae,,2021,HUMAN_OBSERVATION
23.43053,120.43006,TW,Perciformes,Cichlidae,Oreochromis niloticus,2023,HUMAN_OBSERVATION
23.124482,120.074022,TW,Mugiliformes,Mugilidae,Planiliza macrolepis,2018,HUMAN_OBSERVATION
38.073254,104.69114,CN,Perciformes,Carangidae,,,MATERIAL_SAMPLE
24.17149,120.83632,TW,Perciformes,Gobiidae,Rhinogobius candidianus,2023,HUMAN_OBSERVATION
24.664815,121.819464,TW,Cypriniformes,Cyprinidae,Hemiculter leucisculus,2020,HUMAN_OBSERVATION
22.62631,120.59725,TW,Cypriniformes,Cobitidae,Cobitis sinensis,2023,HUMAN_OBSERVATION
21.078,109.12,CN,Perciformes,Gobiidae,Acanthogobius flavimanus,2023,MATERIAL_SAMPLE
24.71,121.83,TW,Perciformes,Gobiidae,Rhinogobius maculafasciatus,2004,OCCURRENCE
24.774405,121.509003,TW,Cypriniformes,Cyprinidae,Candidia barbata,2026,HUMAN_OBSERVATION
20.917959,109.208427,CN,Perciformes,Siganidae,Siganus fuscescens,2024,HUMAN_OBSERVATION
25.05029,121.016204,TW,Clupeiformes,Engraulidae,,2019,PRESERVED_SPECIMEN
24.729728,121.688505,TW,Cypriniformes,Cyprinidae,Acrossocheilus paradoxus,2023,HUMAN_OBSERVATION
23.217991,121.270227,TW,Siluriformes,Loricariidae,Pterygoplichthys pardalis,2022,HUMAN_OBSERVATION
25.09,121.83,TW,Siluriformes,Bagridae,Tachysurus adiposalis,2022,HUMAN_OBSERVATION
24.19335,120.50656,TW,Cypriniformes,Cyprinidae,Carassius auratus,2022,HUMAN_OBSERVATION
23.45561,120.48861,TW,Cypriniformes,Cyprinidae,Opsariichthys pachycephalus,2022,HUMAN_OBSERVATION
23.48,120.25,TW,Perciformes,Cichlidae,Oreochromis mossambicus,2023,HUMAN_OBSERVATION
22.62631,120.59725,TW,Cypriniformes,Cobitidae,Cobitis sinensis,2023,HUMAN_OBSERVATION
23.143842,120.076266,TW,Perciformes,Leiognathidae,Leiognathus equulus,2017,HUMAN_OBSERVATION
24.68544,121.74299,TW,Perciformes,Gobiidae,Rhinogobius maculafasciatus,2023,HUMAN_OBSERVATION
22.44,120.47,TW,Perciformes,Ambassidae,Ambassis urotaenia,2004,OCCURRENCE
24.65,109.25,CN,Cypriniformes,Cyprinidae,Culter recurviceps,2018,PRESERVED_SPECIMEN
24.336277,120.630741,TW,Cyprinodontiformes,Poeciliidae,Gambusia affinis,2022,HUMAN_OBSERVATION
23.43136,120.46353,TW,Cypriniformes,Cyprinidae,Opsariichthys pachycephalus,2023,HUMAN_OBSERVATION
21.01,109.42,CN,Perciformes,Coryphaenidae,Coryphaena hippurus,,PRESERVED_SPECIMEN
22.282512,113.92842,HK,Perciformes,Gobiidae,Periophthalmus modestus,2026,HUMAN_OBSERVATION
25.21,121.69,TW,Clupeiformes,Engraulidae,Stolephorus insularis,2002,OCCURRENCE
25.22741,121.61941,TW,Cypriniformes,Cyprinidae,Acrossocheilus paradoxus,2023,HUMAN_OBSERVATION
19.9537,114.537732,CN,Beryciformes,Trachichthyidae,,2023,PRESERVED_SPECIMEN
20.05,109.65,CN,Syngnathiformes,Syngnathidae,,2012,PRESERVED_SPECIMEN
27.820936,104.47386,CN,Cypriniformes,Nemacheilidae,,2023,MATERIAL_CITATION
22.47847,120.45753,TW,Mugiliformes,Mugilidae,Planiliza subviridis,2004,OCCURRENCE
23.453056,120.138278,TW,Pleuronectiformes,Cynoglossidae,Cynoglossus arel,2008,PRESERVED_SPECIMEN
24.297574,120.491491,TW,Perciformes,Leiognathidae,Eubleekeria splendens,2026,HUMAN_OBSERVATION
26.641111,119.668611,CN,Anguilliformes,Ophichthidae,,,PRESERVED_SPECIMEN
24.66411,120.98994,TW,Cypriniformes,Cyprinidae,Hemiculter leucisculus,2023,HUMAN_OBSERVATION
25.222,109.399,CN,Cypriniformes,Cyprinidae,Metzia lineata,2018,MATERIAL_SAMPLE
23.156826,121.23773,TW,Perciformes,Gobiidae,Rhinogobius candidianus,2022,HUMAN_OBSERVATION
23.143842,120.076266,TW,Perciformes,Carangidae,Caranx sexfasciatus,2015,HUMAN_OBSERVATION
25.06928,121.923688,TW,Perciformes,Gobiidae,,2008,PRESERVED_SPECIMEN
22.812187,121.055497,TW,Cypriniformes,Cyprinidae,Acrossocheilus paradoxus,2024,HUMAN_OBSERVATION
23.558428,120.164958,TW,Perciformes,Gobiidae,Pseudogobius javanicus,2024,HUMAN_OBSERVATION
22.469124,114.330621,HK,Perciformes,Sparidae,Acanthopagrus schlegelii,2026,HUMAN_OBSERVATION
23.1346,120.0717,TW,Perciformes,Haemulidae,Pomadasys argenteus,2022,MATERIAL_SAMPLE
21.943004,120.774427,TW,Myctophiformes,Myctophidae,,2014,PRESERVED_SPECIMEN
31.413994,121.579277,CN,Cypriniformes,Cyprinidae,,,PRESERVED_SPECIMEN
40.624274,123.391504,CN,Cypriniformes,Cyprinidae,Carassius auratus,2024,HUMAN_OBSERVATION
22.906759,120.2736,TW,Perciformes,Channidae,Channa striata,2023,HUMAN_OBSERVATION
22.48848,114.041367,HK,Cypriniformes,Cyprinidae,Hypophthalmichthys molitrix,2025,HUMAN_OBSERVATION
34.74,113.42,CN,Cypriniformes,Cyprinidae,Cyprinus carpio,2018,MATERIAL_SAMPLE
23.697807,120.96051,TW,Perciformes,Osphronemidae,Trichogaster labiosa,2007,MATERIAL_SAMPLE
23.48436,120.55389,TW,Cypriniformes,Cyprinidae,Opsariichthys pachycephalus,2023,HUMAN_OBSERVATION
24.603542,121.814185,TW,Perciformes,Gobiidae,Sicyopterus japonicus,2023,HUMAN_OBSERVATION
24.46696,120.885,TW,Cypriniformes,Cyprinidae,Acrossocheilus paradoxus,2022,HUMAN_OBSERVATION
24.56532,121.21214,TW,Anguilliformes,Anguillidae,Anguilla marmorata,2022,HUMAN_OBSERVATION
23.87,120.91,TW,Cypriniformes,Cyprinidae,Cirrhinus molitorella,1991,OCCURRENCE
25.12945,114.31152,CN,Perciformes,Gobiidae,Rhinogobius cliffordpopei,2023,PRESERVED_SPECIMEN
16.333531,112.771024,CN,Rhinopristiformes,Rhinidae,Rhina ancylostoma,2023,HUMAN_OBSERVATION
22.219331,120.796218,TW,Cypriniformes,Cyprinidae,Acrossocheilus paradoxus,2024,HUMAN_OBSERVATION
23.688448,121.379737,TW,Perciformes,Gobiidae,Sicyopterus japonicus,2019,HUMAN_OBSERVATION
40.35528,115.31165,CN,Cypriniformes,Cyprinidae,Cyprinus carpio,2019,PRESERVED_SPECIMEN
21.126788,110.454925,CN,Perciformes,Gobiidae,Gobiopsis macrostoma,1982,PRESERVED_SPECIMEN
22.470321,114.004707,HK,Cypriniformes,Cyprinidae,,2022,HUMAN_OBSERVATION
41.4,125.566666,CN,Cypriniformes,Nemacheilidae,Barbatula emuensis,2017,MATERIAL_CITATION
22.26658,120.71711,TW,Cypriniformes,Cyprinidae,Acrossocheilus paradoxus,2010,HUMAN_OBSERVATION
25.11917,121.470458,TW,Cyprinodontiformes,Poeciliidae,Gambusia affinis,2026,HUMAN_OBSERVATION
24.08134,120.99071,TW,Cypriniformes,Cyprinidae,Onychostoma barbatulum,2021,HUMAN_OBSERVATION
24.71,121.83,TW,Perciformes,Gobiidae,Periophthalmus modestus,2004,OCCURRENCE
21.718,110.313,CN,Cypriniformes,Cyprinidae,Hemiculter leucisculus,2020,MATERIAL_SAMPLE
21.801586,101.242858,CN,Siluriformes,Loricariidae,,2024,HUMAN_OBSERVATION
24.97916,121.55775,TW,Perciformes,Cichlidae,Geophagus brasiliensis,2022,HUMAN_OBSERVATION
24.0638,120.9574,TW,Cypriniformes,Cyprinidae,Acrossocheilus paradoxus,2022,HUMAN_OBSERVATION
23.77,120.86,TW,Cypriniformes,Cyprinidae,Onychostoma alticorpus,2023,HUMAN_OBSERVATION
23.05532,121.19985,TW,Cypriniformes,Cyprinidae,Opsariichthys pachycephalus,2023,HUMAN_OBSERVATION
23.0711,120.51318,TW,Cypriniformes,Cyprinidae,Microphysogobio alticorpus,2005,OCCURRENCE
36.180642,120.277314,CN,Perciformes,Leiognathidae,Nuchequula nuchalis,2025,HUMAN_OBSERVATION
41,87,CN,Cypriniformes,Cyprinidae,Schizothorax biddulphi,1963,PRESERVED_SPECIMEN
22.09,120.71,TW,Lophiiformes,Antennariidae,Antennarius striatus,2008,OCCURRENCE
25.147804,121.44579,TW,Perciformes,Gobiidae,Periophthalmus modestus,2020,HUMAN_OBSERVATION
23.731233,120.523159,TW,Perciformes,Cichlidae,,2023,HUMAN_OBSERVATION
23.21796,121.26987,TW,Cypriniformes,Cyprinidae,Acrossocheilus paradoxus,2022,HUMAN_OBSERVATION
25.41,121.58,TW,Perciformes,Sparidae,Dentex tumifrons,2000,HUMAN_OBSERVATION
23.118403,120.088635,TW,Tetraodontiformes,Tetraodontidae,Chelonodon patoca,2017,HUMAN_OBSERVATION
24.942382,121.339576,TW,Perciformes,Cichlidae,Geophagus brasiliensis,2026,HUMAN_OBSERVATION
23.391817,121.304194,TW,Cypriniformes,Cyprinidae,Onychostoma barbatulum,2021,HUMAN_OBSERVATION
23.09,120.59,TW,Perciformes,Gobiidae,Rhinogobius nantaiensis,2022,HUMAN_OBSERVATION
39.975085,116.284002,CN,Cypriniformes,Cyprinidae,Rhodeus sinensis,2026,HUMAN_OBSERVATION
23.48452,120.55383,TW,Cypriniformes,Cyprinidae,Opsariichthys pachycephalus,2023,HUMAN_OBSERVATION
38.073254,104.69114,CN,Perciformes,Cepolidae,,,MATERIAL_SAMPLE
24.318662,121.654928,TW,Perciformes,Gobiidae,Sicyopterus lagocephalus,2023,HUMAN_OBSERVATION
23.11,120.7,TW,Cypriniformes,Balitoridae,Hemimyzon formosanus,2022,HUMAN_OBSERVATION
24.73351,121.735452,TW,Siluriformes,Loricariidae,,2025,HUMAN_OBSERVATION
22.96044,120.52225,TW,Cypriniformes,Cyprinidae,Microphysogobio alticorpus,2023,HUMAN_OBSERVATION
38.073254,104.69114,CN,Cypriniformes,Cyprinidae,Gymnocypris eckloni,,MATERIAL_SAMPLE
23.9816,120.91645,TW,Perciformes,Gobiidae,Rhinogobius candidianus,2023,HUMAN_OBSERVATION
24.42779,120.86479,TW,Perciformes,Gobiidae,Rhinogobius candidianus,2023,HUMAN_OBSERVATION
21.93689,120.746854,TW,Perciformes,Nemipteridae,Scolopsis ciliata,2023,HUMAN_OBSERVATION
23.15626,121.23748,TW,Perciformes,Gobiidae,Rhinogobius candidianus,2022,HUMAN_OBSERVATION
24.08134,120.99071,TW,Cypriniformes,Cyprinidae,Spinibarbus hollandi,2022,HUMAN_OBSERVATION
39.593613,97.66333,CN,Cypriniformes,Cyprinidae,Cyprinella lutrensis,1996,PRESERVED_SPECIMEN
23.55,119.56,TW,Perciformes,Gerreidae,Gerres oyena,2006,OCCURRENCE
23.66236,121.4346,TW,Cypriniformes,Cyprinidae,Carassius auratus,2017,OCCURRENCE
23.833178,120.795762,TW,Cypriniformes,Cyprinidae,Candidia barbata,2023,HUMAN_OBSERVATION
24.85207,121.00228,TW,Cypriniformes,Cobitidae,Cobitis sinensis,2023,HUMAN_OBSERVATION
22.061659,120.736334,TW,Perciformes,Gobiidae,Stenogobius kyphosus,1966,PRESERVED_SPECIMEN
22.583885,114.196303,CN,Cypriniformes,Balitoridae,Liniparhomaloptera disparis,2025,HUMAN_OBSERVATION
23.07,120.51,TW,Perciformes,Channidae,Channa striata,2014,OCCURRENCE
23.342925,116.707924,CN,Cypriniformes,Cyprinidae,Acheilognathus macropterus,,PRESERVED_SPECIMEN
24.647,120.954,TW,Cypriniformes,Cyprinidae,Acrossocheilus paradoxus,2005,OCCURRENCE
23.49788,120.30323,TW,Perciformes,Channidae,Channa maculata,2002,OCCURRENCE
23.11,120.7,TW,Cypriniformes,Balitoridae,Hemimyzon formosanus,2022,HUMAN_OBSERVATION
23.270459,121.289638,TW,Perciformes,Cichlidae,Coptodon zillii,2021,HUMAN_OBSERVATION
23.55247,120.51984,TW,Perciformes,Gobiidae,Rhinogobius candidianus,2023,HUMAN_OBSERVATION
22.655787,121.472887,TW,Anguilliformes,Muraenidae,Gymnothorax meleagris,2020,HUMAN_OBSERVATION
24.500053,110.40309,CN,Cypriniformes,Gobionidae,,2024,HUMAN_OBSERVATION
23.09,121.38,TW,Perciformes,Carangidae,Alectis indica,2007,OBSERVATION
20.766144,116.664843,TW,Anguilliformes,Muraenidae,,2011,PRESERVED_SPECIMEN
24.1579,120.3837,TW,Perciformes,Sciaenidae,Johnius belangerii,2010,HUMAN_OBSERVATION
19.49,107.65,CN,Perciformes,Carangidae,Scomberoides tol,,MATERIAL_SAMPLE
25.104969,121.745918,TW,Cypriniformes,Cyprinidae,Metzia formosae,2021,HUMAN_OBSERVATION
32.135441,118.560356,CN,Cypriniformes,Cyprinidae,Abbottina rivularis,2025,HUMAN_OBSERVATION
36.267876,120.671257,CN,Perciformes,Gobiidae,Periophthalmus modestus,2024,HUMAN_OBSERVATION
25.487408,122.102777,TW,Perciformes,Labridae,,2023,HUMAN_OBSERVATION
22.308833,114.361393,HK,Perciformes,Apogonidae,Ostorhinchus fleurieu,2026,HUMAN_OBSERVATION
23.41508,120.5065,TW,Cypriniformes,Cyprinidae,Opsariichthys pachycephalus,2023,HUMAN_OBSERVATION
29.46138,110.14861,CN,Cypriniformes,Balitoridae,Vanmanenia pingchowensis,2002,PRESERVED_SPECIMEN
22.333251,114.194445,HK,Perciformes,Terapontidae,Terapon jarbua,2020,HUMAN_OBSERVATION
24.963597,121.535297,TW,Cypriniformes,Cyprinidae,Cyprinus rubrofuscus,2025,HUMAN_OBSERVATION
22.44,120.47,TW,Perciformes,Lutjanidae,Lutjanus argentimaculatus,2004,OCCURRENCE
25.076813,121.552169,TW,Cypriniformes,Cyprinidae,Barbodes snyderi,2025,HUMAN_OBSERVATION
25.144326,121.806654,TW,Perciformes,Chaetodontidae,Heniochus acuminatus,2021,HUMAN_OBSERVATION
22.428513,114.180561,HK,Cypriniformes,Cyprinidae,Parazacco spilurus,2023,HUMAN_OBSERVATION
24.05432,120.8872,TW,Cypriniformes,Cyprinidae,Opsariichthys pachycephalus,2004,OCCURRENCE
39.593887,97.66111,CN,Clupeiformes,Clupeidae,Dorosoma cepedianum,1995,PRESERVED_SPECIMEN
24.16927,120.70553,TW,Siluriformes,Siluridae,Silurus asotus,2022,HUMAN_OBSERVATION
24.49,120.68,TW,Perciformes,Siganidae,Siganus canaliculatus,1992,OCCURRENCE
22.39743,114.106246,HK,Cypriniformes,Balitoridae,Pseudogastromyzon myersi,2026,HUMAN_OBSERVATION
24.71,121.83,TW,Clupeiformes,Engraulidae,,2004,OCCURRENCE
24.134144,120.739384,TW,Cypriniformes,Cyprinidae,Spinibarbus hollandi,2022,HUMAN_OBSERVATION
24.718755,121.706345,TW,Perciformes,Cichlidae,Geophagus brasiliensis,2018,HUMAN_OBSERVATION
23.826892,120.796049,TW,Perciformes,Channidae,Channa striata,2022,HUMAN_OBSERVATION
25.024995,121.036473,TW,Perciformes,Terapontidae,Terapon jarbua,2025,HUMAN_OBSERVATION
24.650529,121.769757,TW,Cypriniformes,Cyprinidae,Rhodeus ocellatus,2023,HUMAN_OBSERVATION
24.42,98.97,CN,Siluriformes,Sisoridae,Gagata dolichonema,2012,PRESERVED_SPECIMEN
38.073254,104.69114,CN,Syngnathiformes,Centriscidae,,,MATERIAL_SAMPLE
22.381458,114.221145,HK,Cypriniformes,Balitoridae,Liniparhomaloptera disparis,2019,HUMAN_OBSERVATION
23.40361,120.38242,TW,Cyprinodontiformes,Poeciliidae,Poecilia reticulata,2023,HUMAN_OBSERVATION
24.9431,121.536,TW,Perciformes,Cichlidae,Oreochromis mossambicus,2016,OCCURRENCE
23.92396,121.59719,TW,Cypriniformes,Cyprinidae,Opsariichthys pachycephalus,2019,OCCURRENCE
22.01,120.74,TW,Perciformes,Terapontidae,Pelates quadrilineatus,1985,OCCURRENCE
22.472934,114.258357,HK,Perciformes,Gobiidae,Bathygobius fuscus,2021,HUMAN_OBSERVATION
22.66511,112.764513,CN,Cypriniformes,Balitoridae,Liniparhomaloptera disparis,2025,HUMAN_OBSERVATION
23.554752,120.161862,TW,Perciformes,Gobiidae,Acentrogobius viganensis,2010,HUMAN_OBSERVATION
18.69,108.7,CN,Tetraodontiformes,Tetraodontidae,Lagocephalus spadiceus,2022,MATERIAL_SAMPLE
24.9993,121.609,TW,Perciformes,Cichlidae,Geophagus brasiliensis,2016,OCCURRENCE
22.267325,120.69082,TW,Cypriniformes,Cyprinidae,Acrossocheilus paradoxus,2024,HUMAN_OBSERVATION
22.347179,120.375678,TW,Perciformes,Chaetodontidae,Heniochus acuminatus,2024,HUMAN_OBSERVATION
23.66,120.88,TW,Cypriniformes,Balitoridae,Hemimyzon formosanus,2017,OCCURRENCE
25.091045,121.686964,TW,Perciformes,Cichlidae,Oreochromis mossambicus,2024,HUMAN_OBSERVATION
21.23,109.38,CN,Perciformes,Menidae,Mene maculata,,PRESERVED_SPECIMEN
24.02263,120.63683,TW,Cypriniformes,Cyprinidae,Microphysogobio alticorpus,2005,OCCURRENCE
23.93717,120.68287,TW,Cypriniformes,Cyprinidae,Microphysogobio alticorpus,2005,OCCURRENCE
36.545216,116.799042,CN,Cypriniformes,Cobitidae,,2026,HUMAN_OBSERVATION
24.9,121.9,TW,Perciformes,Gobiidae,Stiphodon percnopterygionus,2018,HUMAN_OBSERVATION
26.82,114.09,CN,Siluriformes,Amblycipitidae,,2024,MATERIAL_SAMPLE
22.59,114.62,CN,Perciformes,Sillaginidae,Sillago sihama,2021,PRESERVED_SPECIMEN
24.13849,120.6197,TW,Perciformes,Cichlidae,Oreochromis niloticus,2021,HUMAN_OBSERVATION
23.107992,120.043438,TW,Perciformes,Siganidae,Siganus fuscescens,2018,HUMAN_OBSERVATION
23.156826,121.23773,TW,Perciformes,Gobiidae,Rhinogobius candidianus,2022,HUMAN_OBSERVATION
24.82515,121.06578,TW,Perciformes,Gobiidae,Rhinogobius candidianus,2023,HUMAN_OBSERVATION
25.487408,122.102777,TW,Perciformes,Labridae,,2023,HUMAN_OBSERVATION
24.813,121.011,TW,Perciformes,Gobiidae,Rhinogobius candidianus,2021,HUMAN_OBSERVATION
22.61,113.11,CN,Cypriniformes,Cyprinidae,Hemiculter leucisculus,2018,PRESERVED_SPECIMEN
24.78595,121.05828,TW,Cypriniformes,Cyprinidae,Opsariichthys pachycephalus,2023,HUMAN_OBSERVATION
24.7843,121.68962,TW,Cypriniformes,Cobitidae,Cobitis sinensis,2022,HUMAN_OBSERVATION
25.016282,121.540034,TW,Siluriformes,Loricariidae,,2025,HUMAN_OBSERVATION
24.1784,120.7378,TW,Cypriniformes,Cyprinidae,Carassius auratus,2021,HUMAN_OBSERVATION
24.88,121.89,TW,Ophidiiformes,Ophidiidae,,2000,HUMAN_OBSERVATION
24.11665,119.981467,TW,Mugiliformes,Mugilidae,Planiliza macrolepis,2021,PRESERVED_SPECIMEN
23.90185,120.69825,TW,Perciformes,Gobiidae,Rhinogobius candidianus,2001,OCCURRENCE
30.027753,121.602562,CN,Cyprinodontiformes,Poeciliidae,Gambusia affinis,2025,HUMAN_OBSERVATION
23.222165,120.66102,TW,Cypriniformes,Cyprinidae,Candidia pingtungensis,2025,HUMAN_OBSERVATION
23.89439,120.71138,TW,Perciformes,Gobiidae,Rhinogobius candidianus,2005,OCCURRENCE
24.82303,120.99818,TW,Cypriniformes,Cyprinidae,Candidia barbata,2022,HUMAN_OBSERVATION
23.43864,120.60528,TW,Cypriniformes,Cyprinidae,Acrossocheilus paradoxus,2022,HUMAN_OBSERVATION
24.82287,120.99868,TW,Cypriniformes,Cyprinidae,Candidia barbata,2022,HUMAN_OBSERVATION
23.45156,120.55056,TW,Perciformes,Gobiidae,Rhinogobius candidianus,2023,HUMAN_OBSERVATION
22.936128,120.2263,TW,Perciformes,Channidae,Channa micropeltes,2026,HUMAN_OBSERVATION
22.44,120.47,TW,Siluriformes,Plotosidae,Plotosus lineatus,2004,OCCURRENCE
24.2035,121.01074,TW,Cypriniformes,Cyprinidae,Acrossocheilus paradoxus,2023,HUMAN_OBSERVATION
25.158798,121.704068,TW,Perciformes,Channidae,Channa striata,2023,HUMAN_OBSERVATION
23.2981,121.26016,TW,Cypriniformes,Cyprinidae,Aphyocypris kikuchii,2017,HUMAN_OBSERVATION
22.40419,114.385296,HK,Perciformes,Mullidae,Parupeneus indicus,2026,HUMAN_OBSERVATION
38.779167,98.855278,CN,Cypriniformes,Cyprinidae,Notropis stramineus,1996,PRESERVED_SPECIMEN
23.43478,120.49033,TW,Cypriniformes,Cyprinidae,Opsariichthys pachycephalus,2023,HUMAN_OBSERVATION
23.114808,120.098873,TW,Perciformes,Apogonidae,Ostorhinchus kiensis,2018,HUMAN_OBSERVATION
40.02943,115.83286,CN,Cypriniformes,Cyprinidae,Rhodeus ocellatus,2019,PRESERVED_SPECIMEN
28.176118,118.895938,CN,Perciformes,Gobiidae,Rhinogobius similis,2025,HUMAN_OBSERVATION
38.073254,104.69114,CN,Perciformes,Lutjanidae,,,MATERIAL_SAMPLE
22.36,120.37,TW,Scorpaeniformes,Scorpaenidae,,1991,OCCURRENCE
24.33317,121.69744,TW,Cypriniformes,Cyprinidae,Opsariichthys pachycephalus,2022,HUMAN_OBSERVATION
25.22883,121.62216,TW,Cypriniformes,Cyprinidae,Acrossocheilus paradoxus,2022,HUMAN_OBSERVATION
39.97438,114.75311,CN,Cypriniformes,Cyprinidae,Pseudorasbora parva,2019,PRESERVED_SPECIMEN
21.95524,120.71179,TW,Perciformes,Haemulidae,,2016,HUMAN_OBSERVATION
25.06321,121.50652,TW,Siluriformes,Loricariidae,Pterygoplichthys pardalis,2015,OCCURRENCE
23.838863,120.799835,TW,Cypriniformes,Cyprinidae,Microphysogobio alticorpus,2024,HUMAN_OBSERVATION
22.209095,114.145505,HK,Perciformes,Sparidae,Sparus aurata,2025,HUMAN_OBSERVATION
38.073254,104.69114,CN,Cypriniformes,Nemacheilidae,Triplophysa moquensis,,MATERIAL_SAMPLE
25.18,121.43,TW,Elopiformes,Elopidae,Elops machnata,2007,OCCURRENCE
23.835054,120.865776,TW,Perciformes,Cichlidae,Oreochromis niloticus,2022,HUMAN_OBSERVATION
23.15,120.12,TW,Scorpaeniformes,Platycephalidae,Platycephalus indicus,1985,OCCURRENCE
24.728828,121.711849,TW,Perciformes,Cichlidae,Coptodon zillii,2024,HUMAN_OBSERVATION
29.89,95.61,CN,Cypriniformes,Cyprinidae,Schizothorax curvilabiatus,2024,MATERIAL_SAMPLE
26.460717,117.813235,CN,Cypriniformes,Cyprinidae,Rhodeus ocellatus,2025,HUMAN_OBSERVATION
23.114808,120.098873,TW,Scorpaeniformes,Platycephalidae,Platycephalus indicus,2017,HUMAN_OBSERVATION
22.31087,114.364174,HK,Tetraodontiformes,Tetraodontidae,Arothron hispidus,2026,HUMAN_OBSERVATION
22.97464,121.16506,TW,Perciformes,Gobiidae,Sicyopterus japonicus,2022,HUMAN_OBSERVATION
24.16927,120.70553,TW,Perciformes,Cichlidae,Oreochromis niloticus,2022,HUMAN_OBSERVATION
22.402056,114.322759,HK,Perciformes,Gobiidae,Glossogobius giuris,2017,HUMAN_OBSERVATION
23.97715,121.61937,TW,Perciformes,Lutjanidae,Lutjanus argentimaculatus,2025,HUMAN_OBSERVATION
22.312413,114.216982,HK,Perciformes,Sparidae,Rhabdosargus sarba,2025,HUMAN_OBSERVATION
23.644584,121.624285,TW,Perciformes,Carangidae,Caranx melampygus,2023,HUMAN_OBSERVATION
24.00696,120.69564,TW,Cypriniformes,Cyprinidae,Opsariichthys pachycephalus,2021,HUMAN_OBSERVATION
23.0711,120.51318,TW,Cypriniformes,Cyprinidae,Pseudorasbora parva,2005,OCCURRENCE
23.13675,119.9956,TW,Aulopiformes,Synodontidae,Synodus myops,2016,OCCURRENCE
22.353742,114.148081,HK,Perciformes,Cichlidae,Coptodon zillii,2023,HUMAN_OBSERVATION
19.3091,108.656113,CN,Perciformes,Terapontidae,Terapon jarbua,2019,HUMAN_OBSERVATION
23.72379,120.66364,TW,Cypriniformes,Cyprinidae,Opsariichthys pachycephalus,2006,OCCURRENCE
24.17797,120.73827,TW,Cypriniformes,Cyprinidae,Opsariichthys pachycephalus,2022,HUMAN_OBSERVATION
25.05,121.6,TW,Osmeriformes,Plecoglossidae,Plecoglossus altivelis,1958,OBSERVATION
23.55433,120.15961,TW,Beloniformes,Adrianichthyidae,,2024,HUMAN_OBSERVATION
22.65,120.4,TW,Pleuronectiformes,Bothidae,,,PRESERVED_SPECIMEN
24.03377,120.84611,TW,Cypriniformes,Cyprinidae,Spinibarbus hollandi,2022,HUMAN_OBSERVATION
42.0311,128.4314,CN,Stomiiformes,Gonostomatidae,,,MATERIAL_SAMPLE
23.53672,120.5316,TW,Siluriformes,Clariidae,Clarias batrachus,2023,HUMAN_OBSERVATION
22.323056,120.365556,TW,Perciformes,Chaetodontidae,,2017,HUMAN_OBSERVATION
24.66442,120.84476,TW,Perciformes,Haemulidae,Pomadasys kaakan,2023,HUMAN_OBSERVATION
23.73112,120.52358,TW,Siluriformes,Loricariidae,,2023,HUMAN_OBSERVATION
24.17797,120.73827,TW,Cypriniformes,Cyprinidae,Opsariichthys pachycephalus,2022,HUMAN_OBSERVATION
22.18,120.36,TW,Stomiiformes,Sternoptychidae,,2001,HUMAN_OBSERVATION
25.07,121.92,TW,Perciformes,Eleotridae,Butis koilomatodon,1995,OCCURRENCE
22.47,120.43,TW,Perciformes,Apogonidae,Ostorhinchus kiensis,2009,OCCURRENCE
22.80025,120.23285,TW,Perciformes,Terapontidae,Terapon jarbua,2022,HUMAN_OBSERVATION
25.018602,121.998133,TW,Perciformes,Ephippidae,Platax orbicularis,2025,HUMAN_OBSERVATION
24.66058,121.56972,TW,Cypriniformes,Cyprinidae,Onychostoma barbatulum,2018,OCCURRENCE
24.33,109.42,CN,Cypriniformes,Cyprinidae,Hemiculterella wui,2016,PRESERVED_SPECIMEN
25.090918,121.596821,TW,Perciformes,Cichlidae,Coptodon zillii,2026,HUMAN_OBSERVATION
22.84875,120.36119,TW,Cyprinodontiformes,Poeciliidae,Poecilia reticulata,2022,HUMAN_OBSERVATION
23.455944,120.487056,TW,Cypriniformes,Cyprinidae,Opsariichthys pachycephalus,2023,HUMAN_OBSERVATION
30.228013,120.210885,CN,Siluriformes,Siluridae,Silurus asotus,,PRESERVED_SPECIMEN
24.796,121.036,TW,Perciformes,Cichlidae,Geophagus brasiliensis,2021,HUMAN_OBSERVATION
24.73917,121.69111,TW,Perciformes,Cichlidae,Geophagus brasiliensis,2009,HUMAN_OBSERVATION
16.390415,111.532984,CN,Perciformes,Gobiidae,Tridentiger barbatus,2020,HUMAN_OBSERVATION
23.44,111.31,CN,Siluriformes,Bagridae,Tachysurus crassilabris,2017,PRESERVED_SPECIMEN
22.44,120.47,TW,Perciformes,Lethrinidae,Lethrinus lentjan,2004,OCCURRENCE
25.504533,119.827479,CN,Perciformes,Carangidae,,,PRESERVED_SPECIMEN
22.65,120.4,TW,Perciformes,Leiognathidae,Photopectoralis aureus,,PRESERVED_SPECIMEN
22.60294,120.58269,TW,Perciformes,Cichlidae,Oreochromis niloticus,2022,HUMAN_OBSERVATION
23.639812,113.872795,CN,Cypriniformes,Nemacheilidae,Traccatichthys pulcher,2020,HUMAN_OBSERVATION
23.5302,120.9214,TW,Cypriniformes,Cyprinidae,Onychostoma barbatulum,2015,OCCURRENCE
24.261012,120.556813,TW,Perciformes,Gobiidae,Rhinogobius similis,2025,HUMAN_OBSERVATION
24.134144,120.739384,TW,Cypriniformes,Cyprinidae,Acrossocheilus paradoxus,2022,HUMAN_OBSERVATION
24.753132,121.635725,TW,Cypriniformes,Cobitidae,Misgurnus anguillicaudatus,2025,HUMAN_OBSERVATION
40.258368,116.798066,CN,Gasterosteiformes,Gasterosteidae,Pungitius sinensis,2024,HUMAN_OBSERVATION
23.19,120.49,TW,Perciformes,Gobiidae,Rhinogobius similis,2015,OCCURRENCE
31.250435,121.439274,CN,Cypriniformes,Cobitidae,Paramisgurnus dabryanus,2019,HUMAN_OBSERVATION
47.32054,119.94718,CN,Cypriniformes,Cyprinidae,Rhynchocypris lagowskii,,MATERIAL_SAMPLE
22.97183,121.16548,TW,Perciformes,Gobiidae,Sicyopterus japonicus,2023,HUMAN_OBSERVATION
24.82508,121.0875,TW,Cyprinodontiformes,Poeciliidae,Gambusia affinis,2013,OCCURRENCE
40.733112,107.41611,CN,Cypriniformes,Cyprinidae,Rhinogobio typus,,MATERIAL_SAMPLE
38.078056,99.879997,CN,Cypriniformes,Cyprinidae,Pimephales promelas,1996,PRESERVED_SPECIMEN
22.360248,120.909028,TW,Perciformes,Gobiidae,Sicyopterus japonicus,2024,HUMAN_OBSERVATION
22.301314,114.318872,HK,Perciformes,Siganidae,Siganus canaliculatus,2022,HUMAN_OBSERVATION
24.66977,120.98752,TW,Cypriniformes,Cyprinidae,Paratanakia himantegus,2023,HUMAN_OBSERVATION
40.056401,116.192465,CN,Cypriniformes,Cyprinidae,Rhodeus ocellatus,2025,HUMAN_OBSERVATION
24.27683,120.76856,TW,Cypriniformes,Cobitidae,Cobitis sinensis,2012,OCCURRENCE
23.08,120.5,TW,Perciformes,Gobiidae,Rhinogobius nantaiensis,2015,OCCURRENCE
39.593613,97.66333,CN,Siluriformes,Ictaluridae,Ictalurus punctatus,1996,PRESERVED_SPECIMEN
24.796,121.036,TW,Perciformes,Gobiidae,Rhinogobius candidianus,2021,HUMAN_OBSERVATION
32.135262,118.560555,CN,Perciformes,Odontobutidae,Micropercops swinhonis,2025,HUMAN_OBSERVATION
24.48083,97.88138,CN,Cypriniformes,Cyprinidae,Devario interruptus,1995,PRESERVED_SPECIMEN
23.72379,120.66364,TW,Cypriniformes,Cobitidae,Misgurnus anguillicaudatus,2006,OCCURRENCE
28.681332,115.971993,CN,Cypriniformes,Cyprinidae,Cyprinus rubrofuscus,2025,HUMAN_OBSERVATION
23.522,114.694,CN,Cypriniformes,Cyprinidae,,2018,MATERIAL_SAMPLE
24.729538,121.688842,TW,Cypriniformes,Cyprinidae,Barbodes semifasciolatus,2024,HUMAN_OBSERVATION
23.114808,120.098873,TW,Perciformes,Haemulidae,Pomadasys argenteus,2020,HUMAN_OBSERVATION
25.41,121.58,TW,Pleuronectiformes,Soleidae,Zebrias zebra,2000,HUMAN_OBSERVATION
23.08,120.51,TW,Perciformes,Gobiidae,Rhinogobius nantaiensis,2014,OCCURRENCE
22.12747,120.77789,TW,Perciformes,Gobiidae,Sicyopterus japonicus,2022,HUMAN_OBSERVATION
25.1,121.25,TW,Anguilliformes,Anguillidae,Anguilla japonica,,MATERIAL_SAMPLE
23.45553,120.48869,TW,Perciformes,Gobiidae,Rhinogobius candidianus,2023,HUMAN_OBSERVATION
23.12711,121.17147,TW,Cypriniformes,Cyprinidae,Opsariichthys pachycephalus,2022,HUMAN_OBSERVATION
23.05,120.07,TW,Perciformes,Ambassidae,Ambassis macracanthus,2014,OCCURRENCE
22.501304,114.120037,HK,Siluriformes,Clariidae,Clarias gariepinus,2021,HUMAN_OBSERVATION
23.118403,120.088635,TW,Mugiliformes,Mugilidae,Mugil cephalus,2017,HUMAN_OBSERVATION
23.78897,120.51272,TW,Siluriformes,Bagridae,Pseudobagrus brevianalis,2006,OCCURRENCE
24.01058,120.95358,TW,Cypriniformes,Cyprinidae,Acrossocheilus paradoxus,2004,OCCURRENCE
38.073254,104.69114,CN,Cypriniformes,Cyprinidae,,,MATERIAL_SAMPLE
23.118403,120.088635,TW,Perciformes,Gobiidae,Acentrogobius chlorostigmatoides,2020,HUMAN_OBSERVATION
24.725383,121.707505,TW,Cypriniformes,Cyprinidae,Carassius auratus,2025,HUMAN_OBSERVATION
26.087115,119.230661,CN,Perciformes,Cichlidae,Coptodon zillii,2025,HUMAN_OBSERVATION
24.67,103.08,CN,Cypriniformes,Balitoridae,Hemimyzon macroptera,1977,PRESERVED_SPECIMEN
23.13,121.17,TW,Cypriniformes,Cyprinidae,Onychostoma alticorpus,2022,HUMAN_OBSERVATION
24.311968,120.549415,TW,Perciformes,Gobiidae,Periophthalmus modestus,2026,HUMAN_OBSERVATION
25.11599,121.917382,TW,Tetraodontiformes,Tetraodontidae,Arothron hispidus,2024,HUMAN_OBSERVATION
24.54142,120.819747,TW,Cypriniformes,Cyprinidae,Paratanakia himantegus,2023,HUMAN_OBSERVATION
38.073254,104.69114,CN,Perciformes,Apogonidae,,,MATERIAL_SAMPLE
20.09,108.97,CN,Pleuronectiformes,Bothidae,Engyprosopon xystrias,,PRESERVED_SPECIMEN
23.697807,120.96051,TW,Perciformes,Carangidae,,,MATERIAL_SAMPLE
23.19548,121.279531,TW,Cypriniformes,Cyprinidae,Opsariichthys pachycephalus,2022,HUMAN_OBSERVATION
25.03811,121.32214,TW,Cypriniformes,Cyprinidae,Candidia barbata,2024,HUMAN_OBSERVATION
25,121.92,TW,Cypriniformes,Cyprinidae,Candidia barbata,2017,HUMAN_OBSERVATION
24.69,121.1,TW,Cypriniformes,Balitoridae,Hemimyzon formosanus,2021,HUMAN_OBSERVATION
21.99,120.66,TW,Gadiformes,Bregmacerotidae,,2004,OCCURRENCE
18.882674,110.489498,CN,Perciformes,Gobiidae,Periophthalmus argentilineatus,2026,HUMAN_OBSERVATION
24.94476,121.14203,TW,Perciformes,Gobiidae,Rhinogobius giurinus,2009,HUMAN_OBSERVATION
28.881228,115.081744,CN,Cypriniformes,Cyprinidae,,2022,HUMAN_OBSERVATION
22.15,120.38,TW,Chimaeriformes,Chimaeridae,Hydrolagus ogilbyi,2001,OCCURRENCE
19.08,108.47,CN,Perciformes,Leiognathidae,,2013,PRESERVED_SPECIMEN
24.93489,121.37447,TW,Perciformes,Cichlidae,Oreochromis niloticus,2022,HUMAN_OBSERVATION
22.89501,120.54881,TW,Cypriniformes,Cyprinidae,Opsariichthys pachycephalus,2005,OCCURRENCE
46.737537,122.93906,CN,Cypriniformes,Cyprinidae,Rhynchocypris lagowskii,,MATERIAL_SAMPLE
24.864015,121.550825,TW,Perciformes,Eleotridae,Eleotris oxycephala,1968,PRESERVED_SPECIMEN
23.01959,120.28305,TW,Cypriniformes,Cyprinidae,Barbonymus gonionotus,2022,HUMAN_OBSERVATION
23.118403,120.088635,TW,Perciformes,Osphronemidae,Trichopodus trichopterus,2015,HUMAN_OBSERVATION
25.286668,121.512023,TW,Cyprinodontiformes,Poeciliidae,Poecilia reticulata,2022,HUMAN_OBSERVATION
23.48436,120.55389,TW,Cypriniformes,Cyprinidae,Candidia barbata,2023,HUMAN_OBSERVATION
24.727931,121.688978,TW,Perciformes,Cichlidae,Coptodon zillii,2025,HUMAN_OBSERVATION
22.309594,114.365065,HK,Tetraodontiformes,Tetraodontidae,Chelonodon patoca,2025,HUMAN_OBSERVATION
24.72242,121.10434,TW,Perciformes,Gobiidae,Rhinogobius candidianus,2022,HUMAN_OBSERVATION
22.995622,120.252253,TW,Cypriniformes,Cyprinidae,Cyprinus rubrofuscus,2024,HUMAN_OBSERVATION
38.706056,118.082885,CN,Perciformes,Gobiidae,,,PRESERVED_SPECIMEN
24.23558,120.73916,TW,Cypriniformes,Cyprinidae,Acrossocheilus paradoxus,2022,HUMAN_OBSERVATION
23.53661,120.53137,TW,Cypriniformes,Cyprinidae,Opsariichthys pachycephalus,2022,HUMAN_OBSERVATION
40.20995,95.84191,CN,Cypriniformes,Catostomidae,Carpiodes carpio,2009,PRESERVED_SPECIMEN
24.728069,121.718928,TW,Cypriniformes,Cyprinidae,Opsariichthys pachycephalus,2025,HUMAN_OBSERVATION
28,113,CN,Cypriniformes,Cyprinidae,Cyprinus rubrofuscus,2023,HUMAN_OBSERVATION
22.87317,120.48492,TW,Perciformes,Gobiidae,Rhinogobius maculafasciatus,2022,HUMAN_OBSERVATION
44.92925,120.49735,CN,Cypriniformes,Cyprinidae,Rhynchocypris lagowskii,,MATERIAL_SAMPLE
24.93486,121.37453,TW,Perciformes,Cichlidae,Oreochromis niloticus,2022,HUMAN_OBSERVATION
24.33333,102.75,CN,Cypriniformes,Nemacheilidae,Triplophysa lacustris,,PRESERVED_SPECIMEN
22.90539,121.14792,TW,Perciformes,Gobiidae,Rhinogobius candidianus,2022,HUMAN_OBSERVATION
23.21796,121.26987,TW,Perciformes,Gobiidae,Rhinogobius candidianus,2022,HUMAN_OBSERVATION
24.00696,120.69564,TW,Cypriniformes,Cyprinidae,Acrossocheilus paradoxus,2021,HUMAN_OBSERVATION
24.729621,121.688526,TW,Cyprinodontiformes,Poeciliidae,Xiphophorus hellerii,2024,HUMAN_OBSERVATION
23.50545,121.386489,TW,Perciformes,Gobiidae,Sicyopterus japonicus,2021,HUMAN_OBSERVATION
26.866667,118.116667,CN,Cypriniformes,Cyprinidae,Acrossocheilus hemispinus,,PRESERVED_SPECIMEN
25.144372,121.805942,TW,Scorpaeniformes,Scorpaenidae,Pterois russelii,2020,HUMAN_OBSERVATION
22.603,120.58297,TW,Perciformes,Cichlidae,Oreochromis niloticus,2022,HUMAN_OBSERVATION
23.39534,121.33417,TW,Cypriniformes,Cyprinidae,Opsariichthys pachycephalus,2005,OCCURRENCE
23.512038,120.438565,TW,Cyprinodontiformes,Poeciliidae,Poecilia reticulata,2023,HUMAN_OBSERVATION
25.485255,122.101512,TW,Perciformes,Carangidae,Caranx melampygus,2023,MACHINE_OBSERVATION
22.159381,113.288575,CN,Cypriniformes,Cyprinidae,Chanodichthys erythropterus,2023,HUMAN_OBSERVATION
24.00696,120.69564,TW,Cypriniformes,Cyprinidae,Opsariichthys pachycephalus,2021,HUMAN_OBSERVATION
30.177726,121.96132,CN,Perciformes,Gobiidae,Odontamblyopus lacepedii,2025,HUMAN_OBSERVATION
25.05,121.6,TW,Perciformes,Gobiidae,Rhinogobius brunneus,1985,OCCURRENCE
24.29413,120.91001,TW,Cypriniformes,Cyprinidae,Acrossocheilus paradoxus,2023,HUMAN_OBSERVATION
23.666666,119.61,TW,Anguilliformes,Ophichthidae,,2021,MATERIAL_CITATION
22.87,120.1,TW,Pleuronectiformes,Cynoglossidae,Cynoglossus puncticeps,2001,OCCURRENCE
24.02271,120.63682,TW,Cypriniformes,Cyprinidae,Opsariichthys pachycephalus,2021,HUMAN_OBSERVATION
24.730172,121.69622,TW,Cypriniformes,Cyprinidae,Carassius auratus,2025,HUMAN_OBSERVATION
22.21615,120.799569,TW,Perciformes,Rhyacichthyidae,Rhyacichthys aspro,2012,HUMAN_OBSERVATION
23.55607,120.164089,TW,Perciformes,Gobiidae,Acentrogobius viganensis,2016,HUMAN_OBSERVATION
22.673378,121.500764,TW,Anguilliformes,Anguillidae,Anguilla marmorata,2025,HUMAN_OBSERVATION
23.51889,120.59325,TW,Perciformes,Gobiidae,Rhinogobius candidianus,2023,HUMAN_OBSERVATION
24.55,121.8,TW,Perciformes,Sillaginidae,Sillago sihama,,PRESERVED_SPECIMEN
25.05,121.9,TW,Perciformes,Gobiidae,Awaous melanocephalus,2006,OCCURRENCE
25.0082,121.689,TW,Cypriniformes,Cyprinidae,Acrossocheilus paradoxus,2016,OCCURRENCE
23.13511,111.78689,CN,Cypriniformes,Cyprinidae,Squaliobarbus curriculus,2023,PRESERVED_SPECIMEN
31.08066,119.706848,CN,,Acrodontidae,Sinacrodus donglingensis,,MATERIAL_CITATION
25.16,121.76,TW,Perciformes,Chaetodontidae,Chaetodon rafflesii,1977,OCCURRENCE
23.15722,121.2374,TW,Cypriniformes,Cyprinidae,Opsariichthys pachycephalus,2022,HUMAN_OBSERVATION
23.08965,120.58793,TW,Perciformes,Gobiidae,Rhinogobius similis,2005,OCCURRENCE
24.91,121.87,TW,Scorpaeniformes,Setarchidae,Setarches longimanus,2000,HUMAN_OBSERVATION
22.654828,121.473514,TW,Perciformes,Chaetodontidae,,2011,HUMAN_OBSERVATION
21.25,111.75,CN,Perciformes,Scombridae,Auxis rochei,2014,MATERIAL_SAMPLE
23.11763,121.17661,TW,Cypriniformes,Cyprinidae,Onychostoma alticorpus,2015,OCCURRENCE
22.60297,120.58242,TW,Perciformes,Gobiidae,Awaous melanocephalus,2023,HUMAN_OBSERVATION
29.166667,112.833333,CN,Siluriformes,Bagridae,Hemibagrus macropterus,,PRESERVED_SPECIMEN
22.216046,113.546019,MO,Perciformes,Cichlidae,Oreochromis niloticus,2026,HUMAN_OBSERVATION
24.11051,120.69869,TW,Perciformes,Cichlidae,Oreochromis niloticus,2022,HUMAN_OBSERVATION
24.54885,120.92448,TW,Cypriniformes,Cyprinidae,Candidia barbata,2013,OCCURRENCE
23.55607,120.164089,TW,Cyprinodontiformes,Poeciliidae,Poecilia velifera,2020,HUMAN_OBSERVATION
21.943004,120.774427,TW,Myctophiformes,Myctophidae,,2014,PRESERVED_SPECIMEN
24.83,120.39,TW,Perciformes,Polynemidae,Polydactylus sextarius,2002,HUMAN_OBSERVATION
24.13842,120.61971,TW,Cypriniformes,Cyprinidae,Cyprinus carpio,2005,OCCURRENCE
22.443749,114.07039,HK,Siluriformes,Loricariidae,,2025,HUMAN_OBSERVATION
25.1132,121.478,TW,Perciformes,Eleotridae,Eleotris acanthopoma,2016,OCCURRENCE
21.12,113.42,CN,Perciformes,Leiognathidae,Secutor insidiator,2011,PRESERVED_SPECIMEN
24.41196,120.8668,TW,Cypriniformes,Cyprinidae,Opsariichthys evolans,2023,HUMAN_OBSERVATION
22.903666,121.035465,TW,Cypriniformes,Cyprinidae,Onychostoma alticorpus,2025,HUMAN_OBSERVATION
24.729591,121.688501,TW,Cypriniformes,Cyprinidae,Barbodes semifasciolatus,2024,HUMAN_OBSERVATION
22.99,120.55,TW,Cypriniformes,Balitoridae,Sinogastromyzon nantaiensis,2022,HUMAN_OBSERVATION
22.60292,120.58225,TW,Cyprinodontiformes,Poeciliidae,Poecilia reticulata,2022,HUMAN_OBSERVATION
22.243376,113.975349,HK,Perciformes,Siganidae,Siganus canaliculatus,2018,HUMAN_OBSERVATION
24.72957,121.729142,TW,Perciformes,Channidae,Channa striata,2025,HUMAN_OBSERVATION
23.43211,120.54758,TW,Cypriniformes,Cyprinidae,Acrossocheilus paradoxus,2023,HUMAN_OBSERVATION
23.697807,120.96051,TW,Perciformes,Lutjanidae,Lutjanus russellii,2013,MATERIAL_SAMPLE
24,120.91,TW,Cypriniformes,Balitoridae,Sinogastromyzon puliensis,2020,HUMAN_OBSERVATION
44.92925,120.49735,CN,Cypriniformes,Cobitidae,Misgurnus mohoity,,MATERIAL_SAMPLE
23.45578,120.48764,TW,Perciformes,Gobiidae,Rhinogobius candidianus,2023,HUMAN_OBSERVATION
24.90515,120.546367,TW,Perciformes,Coryphaenidae,Coryphaena hippurus,2020,PRESERVED_SPECIMEN
22.01,120.74,TW,Perciformes,Haemulidae,Plectorhinchus gibbosus,1990,OCCURRENCE
25.091045,121.686964,TW,Perciformes,Cichlidae,,2024,HUMAN_OBSERVATION
22.223585,113.847163,HK,Cyprinodontiformes,Poeciliidae,Xiphophorus hellerii,2026,HUMAN_OBSERVATION
22.71,120.65,TW,Perciformes,Gobiidae,Rhinogobius nantaiensis,2019,OCCURRENCE
25.016659,122.000638,TW,Tetraodontiformes,Tetraodontidae,Arothron hispidus,2024,HUMAN_OBSERVATION
22.544327,114.238333,HK,Perciformes,Callionymidae,Callionymus enneactis,2021,HUMAN_OBSERVATION
21.33,111.98,CN,Mugiliformes,Mugilidae,Planiliza haematocheila,,PRESERVED_SPECIMEN
29.26,117.17,CN,Cypriniformes,Cobitidae,Misgurnus anguillicaudatus,2017,MATERIAL_SAMPLE
22.77115,120.45037,TW,Perciformes,Gobiidae,Rhinogobius gigas,2005,OCCURRENCE
23.830578,120.8103,TW,Cypriniformes,Cyprinidae,Candidia barbata,2025,HUMAN_OBSERVATION
25.135528,121.820233,TW,Perciformes,Chaetodontidae,,2014,HUMAN_OBSERVATION
23.19,120.49,TW,Cypriniformes,Balitoridae,Sinogastromyzon nantaiensis,2015,OCCURRENCE
21.441559,109.09404,CN,Perciformes,Terapontidae,Terapon jarbua,2025,HUMAN_OBSERVATION
22.15314,120.77975,TW,Cypriniformes,Cyprinidae,Acrossocheilus paradoxus,2012,OCCURRENCE
23.1346,120.0717,TW,Perciformes,Sillaginidae,Sillago sihama,2022,MATERIAL_SAMPLE
25.135528,121.820233,TW,Perciformes,Chaetodontidae,,2011,HUMAN_OBSERVATION
24.826,120.98,TW,Cypriniformes,Cyprinidae,Hemibarbus labeo,2021,HUMAN_OBSERVATION
24.13,120.73,TW,Anguilliformes,Anguillidae,Anguilla japonica,2021,HUMAN_OBSERVATION
23.15,120.12,TW,Perciformes,Blenniidae,Petroscirtes breviceps,1964,OCCURRENCE
22.33,120.37,TW,Perciformes,Pomacentridae,Plectroglyphidodon lacrymatus,2007,OCCURRENCE
23.10447,121.38703,TW,Perciformes,Eleotridae,Eleotris fusca,2010,HUMAN_OBSERVATION
23.124482,120.074022,TW,Mugiliformes,Mugilidae,Planiliza macrolepis,2017,HUMAN_OBSERVATION
24.72967,121.688615,TW,Cypriniformes,Cyprinidae,Carassius auratus,2024,HUMAN_OBSERVATION
22.127362,119.604004,TW,Rajiformes,Rajidae,,1972,PRESERVED_SPECIMEN
22.470894,114.226519,HK,Perciformes,Gobiidae,Favonigobius reichei,2012,HUMAN_OBSERVATION
25.052163,121.465858,TW,Perciformes,Cichlidae,Oreochromis niloticus,2021,HUMAN_OBSERVATION
25.016322,121.539963,TW,Perciformes,Cichlidae,Oreochromis niloticus,2023,HUMAN_OBSERVATION
22.59,114.58,CN,Clupeiformes,Engraulidae,Thryssa setirostris,2021,PRESERVED_SPECIMEN
24.74,121.09,TW,Cypriniformes,Cyprinidae,Spinibarbus hollandi,2015,OCCURRENCE
23.02934,121.16975,TW,Perciformes,Gobiidae,Rhinogobius gigas,2015,OCCURRENCE
22.011942,120.77976,TW,Perciformes,Gobiidae,Rhinogobius maculafasciatus,2024,HUMAN_OBSERVATION
25.07174,121.64067,TW,Perciformes,Cichlidae,Coptodon zillii,2022,HUMAN_OBSERVATION
22.08264,120.74036,TW,Perciformes,Gobiidae,Rhinogobius maculafasciatus,2022,HUMAN_OBSERVATION
24.1784,120.73781,TW,Perciformes,Gobiidae,Rhinogobius candidianus,2022,HUMAN_OBSERVATION
22.365481,114.062891,HK,Perciformes,Serranidae,Epinephelus coioides,2025,HUMAN_OBSERVATION
24.95242,121.916572,TW,Perciformes,Kyphosidae,Microcanthus strigatus,2026,HUMAN_OBSERVATION
23.188107,121.2498,TW,Cypriniformes,Cyprinidae,Acrossocheilus paradoxus,2021,HUMAN_OBSERVATION
24.02957,120.8414,TW,Cypriniformes,Cyprinidae,Spinibarbus hollandi,2022,HUMAN_OBSERVATION
24.85227,121.00433,TW,Cypriniformes,Cyprinidae,Opsariichthys evolans,2023,HUMAN_OBSERVATION
23.89,120.71,TW,Cypriniformes,Balitoridae,Formosania lacustre,2005,OCCURRENCE
25.272757,121.50785,TW,Perciformes,Gobiidae,Rhinogobius candidianus,2021,HUMAN_OBSERVATION
22.272432,113.953352,HK,Perciformes,Gobiidae,Rhinogobius duospilus,2019,HUMAN_OBSERVATION
24.24243,120.41567,TW,Aulopiformes,Synodontidae,Synodus myops,2020,MATERIAL_SAMPLE
23.169801,121.244863,TW,Cypriniformes,Cyprinidae,Acrossocheilus paradoxus,2022,HUMAN_OBSERVATION
23.217991,121.270227,TW,Perciformes,Channidae,Channa striata,2022,HUMAN_OBSERVATION
23.41464,120.50694,TW,Cypriniformes,Cyprinidae,Opsariichthys pachycephalus,2023,HUMAN_OBSERVATION
23.455583,120.488639,TW,Cypriniformes,Cyprinidae,Opsariichthys pachycephalus,2023,HUMAN_OBSERVATION
25.120655,121.534393,TW,Osteoglossiformes,Notopteridae,Chitala ornata,2023,HUMAN_OBSERVATION
19.726618,110.007866,CN,Cypriniformes,Cyprinidae,Microphysogobio labeoides,1935,PRESERVED_SPECIMEN
24.33622,120.93272,TW,Cypriniformes,Cyprinidae,Acrossocheilus paradoxus,2023,HUMAN_OBSERVATION
22.625153,120.298927,TW,Perciformes,Channidae,Channa striata,2024,HUMAN_OBSERVATION
23.697807,120.96051,TW,Perciformes,Haemulidae,,,MATERIAL_SAMPLE
23.465925,121.401272,TW,Cypriniformes,Cyprinidae,Opsariichthys pachycephalus,2022,HUMAN_OBSERVATION
22.216667,114.15,HK,Carcharhiniformes,Carcharhinidae,Rhizoprionodon acutus,1957,PRESERVED_SPECIMEN
24.1873,113.43102,CN,Cypriniformes,Cyprinidae,Hypophthalmichthys molitrix,2023,PRESERVED_SPECIMEN
36.159591,120.432318,CN,Cypriniformes,Cyprinidae,Hemiculter leucisculus,2025,HUMAN_OBSERVATION
22.397499,114.106681,HK,Cypriniformes,Balitoridae,Liniparhomaloptera disparis,2026,HUMAN_OBSERVATION
22.234314,114.213205,HK,Osteoglossiformes,Osteoglossidae,Scleropages formosus,2019,HUMAN_OBSERVATION
24.82515,121.06579,TW,Perciformes,Gobiidae,Rhinogobius candidianus,2023,HUMAN_OBSERVATION
23.19,120.49,TW,Perciformes,Channidae,Channa striata,2015,OCCURRENCE
23.41192,120.54764,TW,Perciformes,Gobiidae,Rhinogobius candidianus,2023,HUMAN_OBSERVATION
24.46,120.85,TW,Cypriniformes,Balitoridae,Formosania lacustre,2023,HUMAN_OBSERVATION
20.661076,116.770942,TW,Syngnathiformes,Syngnathidae,,2011,PRESERVED_SPECIMEN
22.326058,114.353431,HK,Perciformes,Blenniidae,Petroscirtes breviceps,2024,HUMAN_OBSERVATION
23.596683,119.746717,TW,Scorpaeniformes,Platycephalidae,,2018,PRESERVED_SPECIMEN
24.429,98.78825,CN,Siluriformes,Sisoridae,,2006,PRESERVED_SPECIMEN
23.15722,121.2374,TW,Perciformes,Gobiidae,Rhinogobius candidianus,2022,HUMAN_OBSERVATION
24.33328,121.69758,TW,Cypriniformes,Cyprinidae,Opsariichthys pachycephalus,2022,HUMAN_OBSERVATION
22.6775,120.4975,TW,Perciformes,Scaridae,,2010,HUMAN_OBSERVATION
23.114808,120.098873,TW,Perciformes,Gerreidae,Gerres limbatus,2017,HUMAN_OBSERVATION
23.87966,121.54204,TW,Cypriniformes,Cyprinidae,Spinibarbus hollandi,2019,OCCURRENCE
31.290674,120.369029,CN,Cypriniformes,Cyprinidae,Cyprinus rubrofuscus,2026,HUMAN_OBSERVATION
24.19867,120.63522,TW,Perciformes,Cichlidae,Oreochromis niloticus,2021,HUMAN_OBSERVATION
23.296475,120.307428,TW,Siluriformes,Loricariidae,,2023,HUMAN_OBSERVATION
23.08,120.51,TW,Siluriformes,Bagridae,Tachysurus adiposalis,2014,OCCURRENCE
22.208889,114.256944,HK,Perciformes,Chaetodontidae,Chaetodon auratus,1958,PRESERVED_SPECIMEN
24.6,120.82,TW,Perciformes,Cichlidae,Oreochromis niloticus,2001,OCCURRENCE
22.352034,120.950269,TW,Cypriniformes,Cyprinidae,Opsariichthys pachycephalus,2025,HUMAN_OBSERVATION
22.51325,120.30881,TW,Clupeiformes,Engraulidae,Encrasicholina heteroloba,2020,PRESERVED_SPECIMEN
23.35731,120.47056,TW,Perciformes,Gobiidae,Rhinogobius candidianus,2013,OCCURRENCE
25.22736,121.61876,TW,Cypriniformes,Cyprinidae,Opsariichthys pachycephalus,2022,HUMAN_OBSERVATION
25.486711,122.103454,TW,Perciformes,Blenniidae,Cirripectes castaneus,2024,HUMAN_OBSERVATION
24.812398,121.810101,TW,Cypriniformes,Cyprinidae,Onychostoma barbatulum,2021,HUMAN_OBSERVATION
23.57,119.56,TW,Perciformes,Lethrinidae,Lethrinus nebulosus,1977,OCCURRENCE
29.549418,103.763336,CN,Cypriniformes,Cyprinidae,Rhinogobio ventralis,1932,PRESERVED_SPECIMEN
24.71,121.83,TW,Perciformes,Gobiidae,,2004,OCCURRENCE
22.301153,114.32027,HK,Tetraodontiformes,Tetraodontidae,Arothron hispidus,2023,HUMAN_OBSERVATION
23.206319,121.288639,TW,Cypriniformes,Cyprinidae,Acrossocheilus paradoxus,2022,HUMAN_OBSERVATION
22.57,114.6,CN,Clupeiformes,Engraulidae,Thryssa setirostris,2021,MATERIAL_SAMPLE
22.46616,120.443988,TW,Lampriformes,Regalecidae,Regalecus russelii,2025,HUMAN_OBSERVATION
23.4,110.06,CN,Cypriniformes,Cyprinidae,Zacco platypus,2018,PRESERVED_SPECIMEN
25.01,121.92,TW,Cypriniformes,Cyprinidae,Opsariichthys evolans,2019,HUMAN_OBSERVATION
24.6211,121.00601,TW,Perciformes,Gobiidae,Rhinogobius candidianus,2023,HUMAN_OBSERVATION
24.314892,120.879514,TW,Cypriniformes,Cyprinidae,Onychostoma barbatulum,2022,HUMAN_OBSERVATION
23.1346,120.0717,TW,Perciformes,Gerreidae,Gerres filamentosus,2021,MATERIAL_SAMPLE
24.17193,120.83618,TW,Perciformes,Cichlidae,Coptodon zillii,2023,HUMAN_OBSERVATION
39.93723,113.58744,CN,Cypriniformes,Cyprinidae,Cyprinus carpio,2019,PRESERVED_SPECIMEN
24.08176,120.98904,TW,Cypriniformes,Cyprinidae,Candidia barbata,2005,OCCURRENCE
30.05,101.96,CN,Cypriniformes,Nemacheilidae,Triplophysa pseudostenura,2007,PRESERVED_SPECIMEN
22.43755,113.326513,CN,Perciformes,Cichlidae,Coptodon zillii,2026,HUMAN_OBSERVATION
25.487725,122.101781,TW,Perciformes,Carangidae,Carangoides orthogrammus,2022,MACHINE_OBSERVATION
39,115.66667,CN,Cypriniformes,Cyprinidae,Abbottina rivularis,1932,PRESERVED_SPECIMEN
24.807218,121.892385,TW,Perciformes,Gobiidae,Sicyopterus japonicus,2024,HUMAN_OBSERVATION
24.08134,120.99071,TW,Cypriniformes,Cyprinidae,Acrossocheilus paradoxus,2021,HUMAN_OBSERVATION
24.875666,121.842261,TW,Perciformes,Carangidae,Trachinotus baillonii,2025,HUMAN_OBSERVATION
22.381458,114.221145,HK,Mugiliformes,Mugilidae,Mugil cephalus,2020,HUMAN_OBSERVATION
24,120.91,TW,Cypriniformes,Balitoridae,Sinogastromyzon puliensis,2020,HUMAN_OBSERVATION
22.91701,120.46045,TW,Cyprinodontiformes,Poeciliidae,Poecilia reticulata,2023,HUMAN_OBSERVATION
22.97345,121.16519,TW,Perciformes,Cichlidae,Oreochromis niloticus,2023,HUMAN_OBSERVATION
24.66416,98.64749,CN,Cypriniformes,Cyprinidae,,1995,PRESERVED_SPECIMEN
23.77187,120.85753,TW,Perciformes,Gobiidae,Rhinogobius candidianus,2022,HUMAN_OBSERVATION
23.383,116.65,CN,Tetraodontiformes,Tetraodontidae,Lagocephalus lunaris,1881,PRESERVED_SPECIMEN
23.73182,121.48957,TW,Perciformes,Gobiidae,Rhinogobius gigas,2019,OCCURRENCE
23.14,120.43,TW,Perciformes,Channidae,Channa striata,2014,OCCURRENCE
22.896361,113.889704,CN,Perciformes,Channidae,Channa argus,2019,HUMAN_OBSERVATION
23.434963,120.489804,TW,Cypriniformes,Cyprinidae,Opsariichthys pachycephalus,2020,HUMAN_OBSERVATION
22.65,120.4,TW,Gasterosteiformes,Pegasidae,Pegasus volitans,,PRESERVED_SPECIMEN
25.058486,121.194445,TW,Cypriniformes,Cyprinidae,Carassius auratus,2024,HUMAN_OBSERVATION
22.82489,120.37269,TW,Perciformes,Cichlidae,Oreochromis niloticus,2012,OCCURRENCE
25.3653,121.6794,TW,Perciformes,Coryphaenidae,Coryphaena hippurus,2007,PRESERVED_SPECIMEN
23.01959,120.28305,TW,Cypriniformes,Cyprinidae,Barbonymus gonionotus,2022,HUMAN_OBSERVATION
23.536613,120.531371,TW,Cypriniformes,Cyprinidae,Candidia barbata,2023,HUMAN_OBSERVATION
23.73869,120.83957,TW,Siluriformes,Bagridae,Pseudobagrus brevianalis,2005,OCCURRENCE
24.7,121.2,TW,Cypriniformes,Balitoridae,Formosania lacustre,2004,OCCURRENCE
23.1556,120.33775,TW,Cypriniformes,Cyprinidae,Barbonymus gonionotus,2023,HUMAN_OBSERVATION
22.353285,114.368114,HK,Perciformes,Siganidae,Siganus guttatus,2025,HUMAN_OBSERVATION
23.62722,120.5123,TW,Cypriniformes,Cyprinidae,Candidia barbata,2023,HUMAN_OBSERVATION
22.061659,120.736334,TW,Anguilliformes,Anguillidae,Anguilla bicolor,1966,PRESERVED_SPECIMEN
24.128978,120.614395,TW,Perciformes,Cichlidae,Parachromis managuensis,2025,HUMAN_OBSERVATION
25.03558,121.48256,TW,Perciformes,Cichlidae,Geophagus brasiliensis,2023,HUMAN_OBSERVATION
39.27743,117.05489,CN,Beloniformes,Adrianichthyidae,Oryzias latipes,2019,PRESERVED_SPECIMEN
22.01,120.74,TW,Perciformes,Mullidae,Parupeneus spilurus,1992,OCCURRENCE
22.47,120.43,TW,Carcharhiniformes,Carcharhinidae,,1997,LIVING_SPECIMEN
24.88008,121.38044,TW,Cypriniformes,Balitoridae,Formosania lacustre,2022,HUMAN_OBSERVATION
20.17,108.26,CN,Aulopiformes,Synodontidae,Harpadon nehereus,2013,PRESERVED_SPECIMEN
22.859518,120.537068,TW,Perciformes,Gobiidae,Rhinogobius maculafasciatus,2024,HUMAN_OBSERVATION
22.08,120.74,TW,Cypriniformes,Cyprinidae,Opsariichthys kaopingensis,2023,HUMAN_OBSERVATION
19.728,110.006,CN,Cypriniformes,Cyprinidae,,2015,MATERIAL_SAMPLE
24.06317,120.95486,TW,Perciformes,Cichlidae,Oreochromis niloticus,2021,HUMAN_OBSERVATION
24.729653,121.688469,TW,Cypriniformes,Cyprinidae,Carassius auratus,2024,HUMAN_OBSERVATION
21.25,111.75,CN,Perciformes,Scombridae,Auxis rochei,2014,MATERIAL_SAMPLE
22.606168,114.88888,CN,Perciformes,Gobiidae,Periophthalmus modestus,2026,HUMAN_OBSERVATION
22.90519,121.14792,TW,Perciformes,Gobiidae,Rhinogobius candidianus,2022,HUMAN_OBSERVATION
17.788,109.024,CN,Perciformes,Serranidae,,2008,MATERIAL_SAMPLE
24.79812,121.037078,TW,Cypriniformes,Cyprinidae,Opsariichthys evolans,2025,HUMAN_OBSERVATION
23.556031,120.16009,TW,Perciformes,Gerreidae,Gerres limbatus,2022,HUMAN_OBSERVATION
23.697807,120.96051,TW,Perciformes,Acropomatidae,,,MATERIAL_SAMPLE
43.835412,126.593829,CN,Gadiformes,Lotidae,Lota lota,2025,HUMAN_OBSERVATION
24.729635,121.688727,TW,Cyprinodontiformes,Poeciliidae,Xiphophorus hellerii,2025,HUMAN_OBSERVATION
21.96,120.76,TW,Perciformes,Pomacentridae,Chromis margaritifer,2007,OCCURRENCE
23.41458,120.50706,TW,Perciformes,Gobiidae,Rhinogobius candidianus,2022,HUMAN_OBSERVATION
24.78573,121.17551,TW,Cypriniformes,Cyprinidae,Opsariichthys evolans,2023,HUMAN_OBSERVATION
23.40398,120.7822,TW,Cypriniformes,Cyprinidae,Onychostoma barbatulum,2025,HUMAN_OBSERVATION
22.65,120.4,TW,Clupeiformes,Clupeidae,Sardinella fimbriata,,PRESERVED_SPECIMEN
22.47,120.43,TW,Perciformes,Nemipteridae,Nemipterus peronii,2005,OCCURRENCE
23.217991,121.270227,TW,Cypriniformes,Cyprinidae,Carassius auratus,2022,HUMAN_OBSERVATION
22.62814,120.605,TW,Perciformes,Cichlidae,Oreochromis niloticus,2022,HUMAN_OBSERVATION
23.196617,120.090453,TW,Clupeiformes,Clupeidae,Nematalosa nasus,2025,HUMAN_OBSERVATION
39.702857,116.229143,CN,Cypriniformes,Cyprinidae,Zacco sinensis,2025,HUMAN_OBSERVATION
25.225756,121.651081,TW,Perciformes,Gobiidae,Bathygobius meggitti,2014,PRESERVED_SPECIMEN
24.84,120.94,TW,Perciformes,Ambassidae,Ambassis miops,2016,OCCURRENCE
25.091045,121.686964,TW,Cyprinodontiformes,Poeciliidae,Gambusia affinis,2024,HUMAN_OBSERVATION
22.57361,120.305066,TW,Perciformes,Rachycentridae,Rachycentron canadum,1906,PRESERVED_SPECIMEN
24.687743,121.683133,TW,Cypriniformes,Cyprinidae,Paratanakia himantegus,2024,HUMAN_OBSERVATION
24.696291,121.103928,TW,Cypriniformes,Cyprinidae,Acrossocheilus paradoxus,2021,HUMAN_OBSERVATION
30.25842,120.099597,CN,Perciformes,Channidae,Channa argus,2025,HUMAN_OBSERVATION
24.65,121.57,TW,Cypriniformes,Cyprinidae,Onychostoma alticorpus,2022,HUMAN_OBSERVATION
23.1,121.37,TW,Perciformes,Carangidae,Trachinotus baillonii,1993,OCCURRENCE
22.51325,120.30881,TW,Perciformes,Gobiidae,Mahidolia mystacina,2020,PRESERVED_SPECIMEN
24.58,121.86,TW,Perciformes,Carangidae,Megalaspis cordyla,1969,OCCURRENCE
21.92,120.82,TW,Perciformes,Blenniidae,Istiblennius edentulus,2005,OCCURRENCE
22.54217,120.50369,TW,Anguilliformes,Anguillidae,Anguilla marmorata,2022,HUMAN_OBSERVATION
22.88815,120.39615,TW,Cyprinodontiformes,Poeciliidae,Poecilia reticulata,2022,HUMAN_OBSERVATION
24.6687,121.11869,TW,Cypriniformes,Cyprinidae,Acrossocheilus paradoxus,2023,HUMAN_OBSERVATION
23.831658,120.794239,TW,Cypriniformes,Cyprinidae,Acrossocheilus paradoxus,2025,HUMAN_OBSERVATION
25,121.65,TW,Cypriniformes,Balitoridae,Formosania lacustre,1999,OCCURRENCE
23.48452,120.55383,TW,Cypriniformes,Cyprinidae,Opsariichthys pachycephalus,2023,HUMAN_OBSERVATION
25.091045,121.686964,TW,Cyprinodontiformes,Poeciliidae,Gambusia affinis,2024,HUMAN_OBSERVATION
18.690834,110.544824,CN,Perciformes,Channidae,Channa maculata,1928,PRESERVED_SPECIMEN
24.4121,114.84728,CN,Cypriniformes,Cyprinidae,Rhodeus sinensis,2023,PRESERVED_SPECIMEN
19.12,108.65,CN,Perciformes,Terapontidae,Terapon theraps,,MATERIAL_SAMPLE
30.26398,120.154721,CN,Cypriniformes,Cobitidae,Misgurnus anguillicaudatus,2025,HUMAN_OBSERVATION
29.902767,122.368308,CN,Perciformes,Lateolabracidae,Lateolabrax japonicus,2026,HUMAN_OBSERVATION
25.10853,121.45755,TW,Perciformes,Gobiidae,Taenioides cirratus,2016,OCCURRENCE
23.399611,120.511194,TW,Cypriniformes,Cyprinidae,Opsariichthys pachycephalus,2023,HUMAN_OBSERVATION
22.464915,114.043868,HK,Perciformes,Gobiidae,Gobiopterus macrolepis,2020,HUMAN_OBSERVATION
21.933034,120.811458,TW,Tetraodontiformes,Tetraodontidae,,1968,PRESERVED_SPECIMEN
23.219167,121.27,TW,Perciformes,Channidae,Channa striata,2021,HUMAN_OBSERVATION
24.00696,120.69564,TW,Cypriniformes,Cyprinidae,Opsariichthys pachycephalus,2021,HUMAN_OBSERVATION
23.699102,121.453436,TW,Perciformes,Gobiidae,Rhinogobius gigas,2026,HUMAN_OBSERVATION
30.916667,118.9,CN,Cypriniformes,Cyprinidae,Acheilognathus gracilis,,PRESERVED_SPECIMEN
24.716835,121.828319,TW,Perciformes,Haemulidae,Pomadasys kaakan,2005,HUMAN_OBSERVATION
24.73996,121.80329,TW,Perciformes,Gobiidae,,2023,HUMAN_OBSERVATION
24.645615,121.125289,TW,Cypriniformes,Cyprinidae,Acrossocheilus paradoxus,2021,HUMAN_OBSERVATION
33.56,103.67,CN,Cypriniformes,Nemacheilidae,Triplophysa robusta,2006,PRESERVED_SPECIMEN
24.718027,121.705577,TW,Cypriniformes,Cobitidae,Cobitis sinensis,2018,HUMAN_OBSERVATION
24.70111,121.04978,TW,Perciformes,Gobiidae,Rhinogobius candidianus,2006,OCCURRENCE
21.01,108.54,CN,Perciformes,Terapontidae,Pelates quadrilineatus,,PRESERVED_SPECIMEN
24.59387,121.04533,TW,Cypriniformes,Cyprinidae,Onychostoma barbatulum,2023,HUMAN_OBSERVATION
23.345426,121.291423,TW,Perciformes,Gobiidae,Rhinogobius candidianus,2022,HUMAN_OBSERVATION
24.79,121.03,TW,Cypriniformes,Cyprinidae,Distoechodon tumirostris,2016,OCCURRENCE
38.073254,104.69114,CN,Perciformes,Gobiidae,Exyrias puntang,,MATERIAL_SAMPLE
24.13849,120.6197,TW,Perciformes,Cichlidae,Oreochromis niloticus,2021,HUMAN_OBSERVATION
22.65,120.4,TW,Perciformes,Leiognathidae,Photopectoralis bindus,2018,PRESERVED_SPECIMEN
23.84832,121.52977,TW,Perciformes,Gobiidae,Rhinogobius gigas,2022,HUMAN_OBSERVATION
22.60297,120.58242,TW,Cyprinodontiformes,Poeciliidae,Gambusia affinis,2023,HUMAN_OBSERVATION
21.6,101.47,CN,Perciformes,Channidae,Channa gachua,,PRESERVED_SPECIMEN
25.120585,121.534394,TW,Perciformes,Cichlidae,Amatitlania nigrofasciata,2025,HUMAN_OBSERVATION
22.445468,114.137721,HK,Cypriniformes,Cobitidae,Misgurnus anguillicaudatus,2020,HUMAN_OBSERVATION
23.127064,120.055231,TW,Perciformes,Scatophagidae,Scatophagus argus,2017,HUMAN_OBSERVATION
22.47,120.43,TW,Perciformes,Mullidae,Upeneus sulphureus,2004,MATERIAL_SAMPLE
22.216987,114.175598,HK,Carcharhiniformes,Carcharhinidae,,1930,PRESERVED_SPECIMEN
25.0333,121.31769,TW,Perciformes,Gobiidae,Rhinogobius rubromaculatus,2024,HUMAN_OBSERVATION
23.83487,120.28193,TW,Mugiliformes,Mugilidae,Planiliza macrolepis,2005,OCCURRENCE
23.39869,120.51133,TW,Cypriniformes,Cyprinidae,Acrossocheilus paradoxus,2023,HUMAN_OBSERVATION
22.19269,120.959994,TW,Perciformes,Eleotridae,Hypseleotris everetti,2025,HUMAN_OBSERVATION
21.089,110.452,CN,Perciformes,Lethrinidae,Lethrinus lentjan,2006,MATERIAL_SAMPLE
22.71,120.65,TW,Cypriniformes,Cyprinidae,Opsariichthys kaopingensis,2019,OCCURRENCE
25.504533,119.827479,CN,Perciformes,Gobiidae,,1935,PRESERVED_SPECIMEN
23.12,120.45,TW,Cypriniformes,Cyprinidae,Candidia barbata,2014,OCCURRENCE
23.114808,120.098873,TW,Perciformes,Gerreidae,Gerres limbatus,2021,HUMAN_OBSERVATION
23.19548,121.279531,TW,Cypriniformes,Cyprinidae,Acrossocheilus paradoxus,2022,HUMAN_OBSERVATION
22.60308,120.58303,TW,Perciformes,Channidae,Channa striata,2022,HUMAN_OBSERVATION
22.34,121.38,TW,Perciformes,Labridae,,2007,MATERIAL_SAMPLE
34.52,100.12,CN,Cypriniformes,Nemacheilidae,,2012,MATERIAL_SAMPLE
24.727566,121.710559,TW,Cypriniformes,Cyprinidae,Candidia barbata,2023,HUMAN_OBSERVATION
38.61634,95.33669,CN,Cypriniformes,Cyprinidae,Pimephales notatus,2007,PRESERVED_SPECIMEN
23.80569,120.84612,TW,Perciformes,Gobiidae,Rhinogobius rubromaculatus,2023,HUMAN_OBSERVATION
21.38,112.22,CN,Clupeiformes,Engraulidae,,2021,MATERIAL_SAMPLE
25.08,121.61,TW,Perciformes,Osphronemidae,Macropodus opercularis,1991,HUMAN_OBSERVATION
25.08344,121.74839,TW,Perciformes,Gobiidae,Rhinogobius candidianus,2010,HUMAN_OBSERVATION
22.04877,121.51733,TW,Perciformes,Kuhliidae,Kuhlia marginata,2009,HUMAN_OBSERVATION
36.050361,120.343803,CN,Perciformes,Lateolabracidae,Lateolabrax japonicus,2025,HUMAN_OBSERVATION
22.416845,114.229614,HK,Perciformes,Gobiidae,Periophthalmus modestus,2024,HUMAN_OBSERVATION
23.48634,121.40422,TW,Cypriniformes,Cyprinidae,Opsariichthys pachycephalus,2022,HUMAN_OBSERVATION
22.7853,120.29635,TW,Perciformes,Cichlidae,,2023,HUMAN_OBSERVATION
24.858617,120.86415,TW,Scorpaeniformes,Platycephalidae,Cociella crocodilus,2022,PRESERVED_SPECIMEN
38.073254,104.69114,CN,Beryciformes,Diretmidae,,,MATERIAL_SAMPLE
22.434326,113.625347,CN,Perciformes,Gobiidae,Periophthalmus magnuspinnatus,2021,HUMAN_OBSERVATION
22.62592,120.59706,TW,Perciformes,Cichlidae,Oreochromis niloticus,2023,HUMAN_OBSERVATION
22.33302,120.362652,TW,Tetraodontiformes,Tetraodontidae,Arothron reticularis,2025,HUMAN_OBSERVATION
23.458222,120.457611,TW,Perciformes,Cichlidae,Amphilophus citrinellus,2023,HUMAN_OBSERVATION
24.704,121.202,TW,Cypriniformes,Cyprinidae,Candidia barbata,2021,HUMAN_OBSERVATION
23.79654,120.57762,TW,Perciformes,Gobiidae,Rhinogobius candidianus,2006,OCCURRENCE
39.01816,112.31373,CN,Cypriniformes,Cobitidae,Paramisgurnus dabryanus,2019,PRESERVED_SPECIMEN
22.675957,114.369568,CN,Cypriniformes,Cyprinidae,Barbodes semifasciolatus,2024,HUMAN_OBSERVATION
43.974695,125.747277,CN,Cypriniformes,Cyprinidae,Zacco sinensis,2024,HUMAN_OBSERVATION
27.251863,123.219766,TW,Carcharhiniformes,Sphyrnidae,Sphyrna zygaena,2021,HUMAN_OBSERVATION
23.32297,121.33195,TW,Perciformes,Gobiidae,Rhinogobius candidianus,2023,HUMAN_OBSERVATION
24.710627,121.709431,TW,Cypriniformes,Cyprinidae,Barbodes semifasciolatus,2018,HUMAN_OBSERVATION
26.747013,119.626733,CN,Perciformes,Scatophagidae,Scatophagus argus,2014,HUMAN_OBSERVATION
23.114808,120.098873,TW,Perciformes,Gerreidae,Gerres filamentosus,2021,HUMAN_OBSERVATION
23.114808,120.098873,TW,Perciformes,Haemulidae,Pomadasys kaakan,2020,HUMAN_OBSERVATION
22.051019,121.511047,TW,Perciformes,Chaetodontidae,,2012,HUMAN_OBSERVATION
24.863984,121.809058,TW,Cypriniformes,Cyprinidae,Acrossocheilus paradoxus,2020,HUMAN_OBSERVATION
22.37707,114.396528,HK,Perciformes,Tripterygiidae,Enneapterygius etheostomus,2024,HUMAN_OBSERVATION
25.198897,121.707256,TW,Perciformes,Lutjanidae,Lutjanus russellii,2025,HUMAN_OBSERVATION
39.579723,97.368614,CN,Cypriniformes,Catostomidae,Carpiodes carpio,1995,PRESERVED_SPECIMEN
22.309039,114.19763,HK,Perciformes,Channidae,,1931,PRESERVED_SPECIMEN
23.18973,120.065444,TW,Perciformes,Leiognathidae,Secutor ruconius,2020,PRESERVED_SPECIMEN
24.82554,121.06552,TW,Cypriniformes,Cyprinidae,Opsariichthys evolans,2022,HUMAN_OBSERVATION
20.69762,116.729309,TW,Perciformes,Tripterygiidae,,2011,PRESERVED_SPECIMEN
24.48,118.1,CN,Syngnathiformes,Syngnathidae,Syngnathus schlegeli,2017,MATERIAL_SAMPLE
22.252214,114.309881,HK,Perciformes,Scaridae,Scarus ghobban,2021,HUMAN_OBSERVATION
24.67682,120.95003,TW,Cypriniformes,Cobitidae,Cobitis sinensis,2023,HUMAN_OBSERVATION
24.01,120.73,TW,Cypriniformes,Balitoridae,Sinogastromyzon puliensis,2004,OCCURRENCE
24.6,121.81,TW,Perciformes,Gobiidae,Awaous melanocephalus,2019,HUMAN_OBSERVATION
22.65,120.4,TW,Clupeiformes,Pristigasteridae,Ilisha melastoma,2018,PRESERVED_SPECIMEN
22.96,120.52,TW,Cypriniformes,Cyprinidae,Onychostoma alticorpus,2022,HUMAN_OBSERVATION
22.368075,114.260016,HK,Perciformes,Lutjanidae,Lutjanus argentimaculatus,2019,HUMAN_OBSERVATION
23.206319,121.288639,TW,Cypriniformes,Cyprinidae,Opsariichthys pachycephalus,2022,HUMAN_OBSERVATION
23.51316,120.36034,TW,Cyprinodontiformes,Poeciliidae,Poecilia reticulata,2023,HUMAN_OBSERVATION
25.733333,119.4,CN,Cypriniformes,Cyprinidae,Opsariichthys bidens,,PRESERVED_SPECIMEN
22.84552,120.4831,TW,Perciformes,Cichlidae,Oreochromis niloticus,2019,OCCURRENCE
40.151052,116.252628,CN,Cypriniformes,Cyprinidae,Abbottina rivularis,2025,HUMAN_OBSERVATION
24.64494,120.95909,TW,Cypriniformes,Cyprinidae,Opsariichthys pachycephalus,2023,HUMAN_OBSERVATION
25.48607,122.10271,TW,Perciformes,Tripterygiidae,,2025,HUMAN_OBSERVATION
22.349817,114.338967,HK,Perciformes,Lutjanidae,Lutjanus argentimaculatus,2020,HUMAN_OBSERVATION
23.09,120.51,TW,Cypriniformes,Cyprinidae,Hemiculter leucisculus,2014,OCCURRENCE
29.984041,122.2134,CN,Perciformes,Centrarchidae,,2026,HUMAN_OBSERVATION
38.073254,104.69114,CN,Perciformes,Labridae,Cheilinus trilobatus,,MATERIAL_SAMPLE
23.55607,120.164089,TW,Elopiformes,Elopidae,Elops machnata,2021,HUMAN_OBSERVATION
22.108333,114.275,CN,Tetraodontiformes,Tetraodontidae,Lagocephalus spadiceus,1957,PRESERVED_SPECIMEN
22.44,120.47,TW,Perciformes,Apogonidae,Fibramia lateralis,2004,OCCURRENCE
23.911544,120.887845,TW,Cypriniformes,Cyprinidae,Acrossocheilus paradoxus,2020,HUMAN_OBSERVATION
23.118403,120.088635,TW,Perciformes,Leiognathidae,Leiognathus equulus,2015,HUMAN_OBSERVATION
23.878662,120.874153,TW,Cypriniformes,Cobitidae,Cobitis sinensis,2025,HUMAN_OBSERVATION
20.73,110.66,CN,Syngnathiformes,Syngnathidae,Syngnathus schlegeli,2012,MATERIAL_SAMPLE
23.697676,120.82877,TW,Cypriniformes,Cyprinidae,Candidia barbata,2020,HUMAN_OBSERVATION
23.41114,120.54792,TW,Cypriniformes,Cyprinidae,Acrossocheilus paradoxus,2022,HUMAN_OBSERVATION
40.658442,116.243922,CN,Cypriniformes,Cyprinidae,Rhodeus sinensis,2026,HUMAN_OBSERVATION
23.43369,120.49156,TW,Cypriniformes,Cyprinidae,Opsariichthys pachycephalus,2022,HUMAN_OBSERVATION
23.43525,120.48986,TW,Perciformes,Gobiidae,Rhinogobius candidianus,2023,HUMAN_OBSERVATION
23.75,114.72,CN,Cypriniformes,Cyprinidae,Toxabramis houdemeri,2015,PRESERVED_SPECIMEN
22.243376,113.975349,HK,Cypriniformes,Nemacheilidae,Schistura fasciolata,2018,HUMAN_OBSERVATION
24.99968,121.60624,TW,Perciformes,Gobiidae,Rhinogobius candidianus,2023,HUMAN_OBSERVATION
24.761,121.075,TW,Perciformes,Gobiidae,Rhinogobius candidianus,2021,HUMAN_OBSERVATION
22.74,120.24,TW,Perciformes,Trichiuridae,Trichiurus lepturus,2007,OCCURRENCE
23.16,120.64,TW,Cypriniformes,Cyprinidae,Onychostoma alticorpus,2022,HUMAN_OBSERVATION
30.003107,122.079623,CN,Perciformes,Gobiidae,Odontamblyopus rubicundus,1936,PRESERVED_SPECIMEN
24.67651,120.94961,TW,Perciformes,Gobiidae,Rhinogobius candidianus,2023,HUMAN_OBSERVATION
23.17,120.26,TW,Perciformes,Gobiidae,Glossogobius olivaceus,2015,OCCURRENCE
24.1,115.24,CN,Cypriniformes,Cyprinidae,Pseudolaubuca engraulis,2018,PRESERVED_SPECIMEN
24.048838,120.784017,TW,Cypriniformes,Cyprinidae,Candidia barbata,2020,HUMAN_OBSERVATION
22.48,120.46,TW,Perciformes,Menidae,Mene maculata,1983,OCCURRENCE
38.073254,104.69114,CN,Perciformes,Gobiidae,Parapocryptes serperaster,,MATERIAL_SAMPLE
18.58,110.75,CN,Perciformes,Odontobutidae,Neodontobutis hainanensis,2019,PRESERVED_SPECIMEN
40.011589,116.201084,CN,Cypriniformes,Cyprinidae,Carassius auratus,2025,HUMAN_OBSERVATION
24.01751,120.84388,TW,Siluriformes,Bagridae,Pseudobagrus brevianalis,2004,OCCURRENCE
23.10827,120.20401,TW,Perciformes,Gobiidae,Periophthalmus modestus,2004,OCCURRENCE
24.952087,121.990921,TW,Perciformes,Gobiidae,Rhinogobius formosanus,2026,HUMAN_OBSERVATION
24.52972,120.81597,TW,Cypriniformes,Cyprinidae,Acrossocheilus paradoxus,2014,OCCURRENCE
23.07,120.49,TW,Perciformes,Gobiidae,Rhinogobius nantaiensis,2014,OCCURRENCE
39.975085,116.284002,CN,Perciformes,Gobiidae,Rhinogobius similis,2025,HUMAN_OBSERVATION
23.68716,121.40505,TW,Perciformes,Gobiidae,Rhinogobius gigas,2022,HUMAN_OBSERVATION
23.62908,120.46417,TW,Cypriniformes,Cyprinidae,Hemiculter leucisculus,2023,HUMAN_OBSERVATION
25.27,110.28,CN,Cypriniformes,Cobitidae,Misgurnus anguillicaudatus,2017,MATERIAL_SAMPLE
25.08709,121.82837,TW,Cypriniformes,Cyprinidae,Acrossocheilus paradoxus,2022,HUMAN_OBSERVATION
24.62808,121.77308,TW,Cypriniformes,Cyprinidae,Hemiculter leucisculus,2010,HUMAN_OBSERVATION
23.143842,120.076266,TW,Clupeiformes,Clupeidae,Konosirus punctatus,2018,HUMAN_OBSERVATION
22.058332,120.46667,TW,Perciformes,Leiognathidae,Leiognathus equulus,2004,PRESERVED_SPECIMEN
24.03377,120.84611,TW,Cypriniformes,Cyprinidae,Spinibarbus hollandi,2022,HUMAN_OBSERVATION
24.71,121.83,TW,Perciformes,Gobiidae,,2004,OCCURRENCE
23.09,120.48,TW,Cypriniformes,Cyprinidae,Microphysogobio alticorpus,2015,OCCURRENCE
24.1784,120.73781,TW,Perciformes,Cichlidae,Oreochromis niloticus,2022,HUMAN_OBSERVATION
23.957367,120.967639,TW,Cyprinodontiformes,Poeciliidae,Gambusia affinis,2022,HUMAN_OBSERVATION
25.146003,121.806518,TW,Perciformes,Pomacentridae,Abudefduf sordidus,2024,HUMAN_OBSERVATION
24.33456,120.93399,TW,Cypriniformes,Cyprinidae,Acrossocheilus paradoxus,2010,OCCURRENCE
22.808867,120.98317,TW,Cypriniformes,Cyprinidae,Acrossocheilus paradoxus,2024,HUMAN_OBSERVATION
23.45578,120.48764,TW,Perciformes,Gobiidae,Rhinogobius candidianus,2023,HUMAN_OBSERVATION
24.84721,121.11234,TW,Perciformes,Cichlidae,Geophagus brasiliensis,2023,HUMAN_OBSERVATION
41.14741,96.6896,CN,Cypriniformes,Cyprinidae,Pimephales promelas,2009,PRESERVED_SPECIMEN
22.277553,114.16172,HK,Cyprinodontiformes,Poeciliidae,Poecilia reticulata,2025,HUMAN_OBSERVATION
22.35,119.61,TW,Lophiiformes,Oneirodidae,,,OCCURRENCE
24.99188,120.97655,TW,Scorpaeniformes,Platycephalidae,,2023,HUMAN_OBSERVATION
24.46739,120.95251,TW,Cypriniformes,Cyprinidae,Acrossocheilus paradoxus,2014,OCCURRENCE
25.23,121.65,TW,Elopiformes,Megalopidae,Megalops cyprinoides,2006,OCCURRENCE
25.578409,116.034155,CN,Cypriniformes,Cyprinidae,Acrossocheilus parallens,2024,HUMAN_OBSERVATION
24.88519,121.28361,TW,Cypriniformes,Balitoridae,Formosania lacustre,2022,HUMAN_OBSERVATION
22.59,114.58,CN,Clupeiformes,Engraulidae,Thryssa setirostris,2021,MATERIAL_SAMPLE
23.142711,121.266424,TW,Cypriniformes,Cyprinidae,Opsariichthys pachycephalus,2022,HUMAN_OBSERVATION
23.43369,120.49156,TW,Cypriniformes,Cyprinidae,Opsariichthys pachycephalus,2022,HUMAN_OBSERVATION
24.79,121.03,TW,Cypriniformes,Balitoridae,Hemimyzon formosanus,2015,OCCURRENCE
23.30357,121.31193,TW,Perciformes,Gobiidae,Rhinogobius gigas,2006,OCCURRENCE
24.849333,120.89795,TW,Perciformes,Carangidae,Scomberoides tol,2021,PRESERVED_SPECIMEN
22.532274,114.127736,HK,Cypriniformes,Cyprinidae,Pseudorasbora parva,2014,HUMAN_OBSERVATION
24.58,121.86,TW,Perciformes,Cheilodactylidae,Cheilodactylus quadricornis,2005,OCCURRENCE
22.591692,114.113581,HK,Siluriformes,Clariidae,Clarias gariepinus,2025,HUMAN_OBSERVATION
22.21,120.33,TW,Stomiiformes,Stomiidae,,,OCCURRENCE
22.88814,120.39619,TW,Siluriformes,Clariidae,Clarias batrachus,2022,HUMAN_OBSERVATION
23.7153,120.856,TW,Siluriformes,Bagridae,Pseudobagrus brevianalis,2017,OCCURRENCE
22.44,120.47,TW,Gonorynchiformes,Chanidae,Chanos chanos,2004,OCCURRENCE
39.851387,99.814446,CN,Cypriniformes,Cyprinidae,Campostoma anomalum,1995,PRESERVED_SPECIMEN
29.97,113.68,CN,Cypriniformes,Cyprinidae,Carassius auratus,2013,PRESERVED_SPECIMEN
20.69807,116.7264,TW,Perciformes,Gobiidae,,2011,PRESERVED_SPECIMEN
23.87865,120.874178,TW,Cypriniformes,Cobitidae,Cobitis sinensis,2025,HUMAN_OBSERVATION
29.89,95.61,CN,Cypriniformes,Cyprinidae,Schizothorax curvilabiatus,2024,MATERIAL_SAMPLE
23.118403,120.088635,TW,Mugiliformes,Mugilidae,,2021,HUMAN_OBSERVATION
23.5136,120.44325,TW,Siluriformes,Loricariidae,Pterygoplichthys pardalis,2015,OCCURRENCE
39.458611,98.950554,CN,Cypriniformes,Cyprinidae,Cyprinus carpio,1996,PRESERVED_SPECIMEN
24.470538,118.447272,TW,Cyprinodontiformes,Poeciliidae,Gambusia affinis,2026,HUMAN_OBSERVATION
26.52,120.17,CN,Perciformes,Leiognathidae,Photopectoralis bindus,2015,PRESERVED_SPECIMEN
24.54492,121.32146,TW,Perciformes,Cichlidae,Geophagus brasiliensis,2022,HUMAN_OBSERVATION
24.34596,120.76067,TW,Perciformes,Cichlidae,Geophagus brasiliensis,2023,HUMAN_OBSERVATION
24.59644,115.82639,CN,Cypriniformes,Cyprinidae,Hypophthalmichthys molitrix,2023,PRESERVED_SPECIMEN
17.073,109.736,CN,Perciformes,Coryphaenidae,Coryphaena hippurus,2008,MATERIAL_SAMPLE
23.78897,120.51272,TW,Perciformes,Gobiidae,Rhinogobius candidianus,2005,OCCURRENCE
23.188107,121.2498,TW,Cypriniformes,Cyprinidae,Opsariichthys pachycephalus,2021,HUMAN_OBSERVATION
22.082222,121.517778,TW,Perciformes,Chaetodontidae,,2015,HUMAN_OBSERVATION
39.099445,97.129997,CN,Cyprinodontiformes,Poeciliidae,Gambusia affinis,1996,PRESERVED_SPECIMEN
24.67,122.18,TW,Stomiiformes,Sternoptychidae,,,OCCURRENCE
23.9721,120.64729,TW,Perciformes,Cichlidae,Oreochromis niloticus,2021,HUMAN_OBSERVATION
23.48452,120.55383,TW,Cypriniformes,Cyprinidae,Opsariichthys pachycephalus,2023,HUMAN_OBSERVATION
22.397518,120.65088,TW,Perciformes,Eleotridae,Belobranchus segura,2024,HUMAN_OBSERVATION
23.92008,121.57815,TW,Perciformes,Gobiidae,Rhinogobius gigas,2022,HUMAN_OBSERVATION
23.451,120.551,TW,Cypriniformes,Cyprinidae,Opsariichthys pachycephalus,2023,HUMAN_OBSERVATION
23.79654,120.57762,TW,Cypriniformes,Cyprinidae,Microphysogobio alticorpus,2006,OCCURRENCE
26.04,119.93,CN,Siluriformes,Ariidae,Netuma thalassina,2015,MATERIAL_SAMPLE
33.910842,96.43096,CN,Cypriniformes,Nemacheilidae,Triplophysa orientalis,2024,HUMAN_OBSERVATION
21,109.583,CN,Perciformes,Terapontidae,Terapon theraps,2013,MATERIAL_SAMPLE
25.032,121.455,TW,Perciformes,Cichlidae,Oreochromis mossambicus,2016,OCCURRENCE
25.08705,121.82835,TW,Perciformes,Cichlidae,Geophagus brasiliensis,2022,HUMAN_OBSERVATION
23.841088,120.806213,TW,Cypriniformes,Cyprinidae,Candidia barbata,2024,HUMAN_OBSERVATION
24.477167,120.1923,TW,Perciformes,Carangidae,Scomberoides tol,2021,PRESERVED_SPECIMEN
22.658946,121.488183,TW,Perciformes,Pomacentridae,Amphiprion perideraion,2024,HUMAN_OBSERVATION
19.56,108.52,CN,Clupeiformes,Engraulidae,,,MATERIAL_SAMPLE
24.13414,120.73938,TW,Perciformes,Cichlidae,Oreochromis niloticus,2022,HUMAN_OBSERVATION
25.091045,121.686964,TW,Perciformes,Cichlidae,Oreochromis mossambicus,2024,HUMAN_OBSERVATION
24.00967,120.63826,TW,Cypriniformes,Cyprinidae,Barbonymus schwanenfeldii,2022,HUMAN_OBSERVATION
40.167249,115.927012,CN,Perciformes,Channidae,Channa argus,2025,HUMAN_OBSERVATION
22.216987,114.175598,HK,Clupeiformes,Clupeidae,,1930,PRESERVED_SPECIMEN
25.11,114.31,CN,Cypriniformes,Cobitidae,Misgurnus anguillicaudatus,2017,PRESERVED_SPECIMEN
24.84,120.94,TW,Perciformes,Gobiidae,Periophthalmus modestus,2015,OCCURRENCE
20.6742,116.9238,TW,Beryciformes,Holocentridae,Sargocentron cornutum,2005,HUMAN_OBSERVATION
23.43819,120.60561,TW,Cypriniformes,Cyprinidae,Microphysogobio alticorpus,2023,HUMAN_OBSERVATION
25.00868,121.53201,TW,Mugiliformes,Mugilidae,Planiliza macrolepis,2023,HUMAN_OBSERVATION
22.44,120.47,TW,Mugiliformes,Mugilidae,Planiliza macrolepis,2004,OCCURRENCE
24.08,120.99,TW,Cypriniformes,Balitoridae,Formosania lacustre,2021,HUMAN_OBSERVATION
23.69542,120.85139,TW,Perciformes,Gobiidae,Rhinogobius candidianus,2006,OCCURRENCE
23.43886,120.606,TW,Cypriniformes,Cyprinidae,Opsariichthys pachycephalus,2023,HUMAN_OBSERVATION
24.0978,120.62405,TW,Perciformes,Cichlidae,Oreochromis niloticus,2021,HUMAN_OBSERVATION
24.180656,120.740303,TW,Perciformes,Cichlidae,Herichthys cyanoguttatus,2024,HUMAN_OBSERVATION
23.65931,120.48889,TW,Perciformes,Channidae,Channa striata,2023,HUMAN_OBSERVATION
20.64,108.55,CN,Clupeiformes,Chirocentridae,Chirocentrus dorab,,PRESERVED_SPECIMEN
24.717938,121.705605,TW,Cypriniformes,Cobitidae,Cobitis sinensis,2025,HUMAN_OBSERVATION
24.00051,121.07985,TW,Perciformes,Gobiidae,Rhinogobius candidianus,2004,OCCURRENCE
23.4754,120.24483,TW,Siluriformes,Loricariidae,Pterygoplichthys pardalis,2015,OCCURRENCE
22.52441,114.095542,HK,Perciformes,Cichlidae,Oreochromis niloticus,2015,HUMAN_OBSERVATION
24.31505,119.7561,TW,Aulopiformes,Synodontidae,Synodus myops,2020,MATERIAL_SAMPLE
23.69,120.85,TW,Cypriniformes,Balitoridae,Hemimyzon formosanus,2023,HUMAN_OBSERVATION
26.116667,119.333333,CN,Cypriniformes,Cyprinidae,Squaliobarbus curriculus,,PRESERVED_SPECIMEN
24.596,120.999,TW,Cypriniformes,Cyprinidae,Acrossocheilus paradoxus,2005,OCCURRENCE
38.349724,98.77417,CN,Perciformes,Centrarchidae,Lepomis cyanellus,1996,PRESERVED_SPECIMEN
24.821,120.997,TW,Cypriniformes,Cyprinidae,Carassius auratus,2021,HUMAN_OBSERVATION
30.885,121.969,CN,Perciformes,Gobiidae,Boleophthalmus pectinirostris,2025,HUMAN_OBSERVATION
23.16,121.24,TW,Cypriniformes,Cyprinidae,Onychostoma alticorpus,2022,HUMAN_OBSERVATION
22.44,120.47,TW,Perciformes,Leiognathidae,Eubleekeria splendens,2004,OCCURRENCE
23.29616,120.32394,TW,Siluriformes,Loricariidae,,2023,HUMAN_OBSERVATION
23.43886,120.606,TW,Cypriniformes,Cyprinidae,Microphysogobio alticorpus,2023,HUMAN_OBSERVATION
22.9615,120.52308,TW,Cypriniformes,Cyprinidae,Microphysogobio alticorpus,2022,HUMAN_OBSERVATION
37.368514,119.368242,CN,Carcharhiniformes,Sphyrnidae,Sphyrna zygaena,2019,HUMAN_OBSERVATION
25.15146,121.44381,TW,Clupeiformes,Engraulidae,Thryssa hamiltonii,2015,OCCURRENCE
24.03377,120.84611,TW,Cypriniformes,Cyprinidae,Spinibarbus hollandi,2021,HUMAN_OBSERVATION
22.277842,114.16188,HK,Cypriniformes,Cyprinidae,Cyprinus carpio,2023,HUMAN_OBSERVATION
21.9467,120.773,TW,Perciformes,Tripterygiidae,,1968,PRESERVED_SPECIMEN
24.94,121.89,TW,Perciformes,Cichlidae,,2018,HUMAN_OBSERVATION
23.258614,121.298213,TW,Cypriniformes,Cyprinidae,Opsariichthys pachycephalus,2022,HUMAN_OBSERVATION
23.78942,120.99504,TW,Siluriformes,Bagridae,Pseudobagrus brevianalis,2005,OCCURRENCE
24.720302,121.719481,TW,Cypriniformes,Cyprinidae,Systomus rubripinnis,2018,HUMAN_OBSERVATION
25.08216,121.606094,TW,Siluriformes,Loricariidae,,2025,HUMAN_OBSERVATION
24.75,119.25,CN,Anguilliformes,Muraenidae,,2015,MATERIAL_SAMPLE
38.073254,104.69114,CN,Cypriniformes,Cobitidae,Parabotia mantschurica,,MATERIAL_SAMPLE
24.507883,120.6485,TW,Perciformes,Leiognathidae,Photopectoralis bindus,2021,PRESERVED_SPECIMEN
23.697807,120.96051,TW,Perciformes,Apogonidae,,,MATERIAL_SAMPLE
23.521,116.385,CN,Cypriniformes,Cyprinidae,,2018,MATERIAL_SAMPLE
25.06321,121.50652,TW,Perciformes,Gerreidae,Gerres erythrourus,2015,OCCURRENCE
38.073254,104.69114,CN,Siluriformes,Sisoridae,Creteuchiloglanis macropterus,,MATERIAL_SAMPLE
25.290828,121.567138,TW,Cypriniformes,Cyprinidae,Acrossocheilus paradoxus,2024,HUMAN_OBSERVATION
23.5,117.67,CN,Perciformes,Sciaenidae,Miichthys miiuy,,PRESERVED_SPECIMEN
20.04583,110.34716,CN,Cypriniformes,Cobitidae,Cobitis taenia,,PRESERVED_SPECIMEN
21.05,110.25,CN,Perciformes,Gobiidae,,2014,MATERIAL_SAMPLE
21.58,108.49,CN,Perciformes,Cichlidae,,,MATERIAL_SAMPLE
22.65,120.4,TW,Gadiformes,Bregmacerotidae,,2018,PRESERVED_SPECIMEN
23.075951,120.054663,TW,Gonorynchiformes,Chanidae,Chanos chanos,2023,HUMAN_OBSERVATION
23.14098,120.39781,TW,Perciformes,Gobiidae,Rhinogobius similis,2004,OCCURRENCE
25.04058,121.04265,TW,Perciformes,Callionymidae,,2023,HUMAN_OBSERVATION
24.7,108.06,CN,Cypriniformes,Cyprinidae,Hemiculter leucisculus,2018,PRESERVED_SPECIMEN
23.12,120.45,TW,Perciformes,Gobiidae,Rhinogobius nantaiensis,2022,HUMAN_OBSERVATION
23.059463,120.236,TW,Perciformes,Channidae,Channa striata,2023,HUMAN_OBSERVATION
24.88008,121.38044,TW,Perciformes,Gobiidae,Rhinogobius candidianus,2022,HUMAN_OBSERVATION
23.05,121.23,TW,Perciformes,Nemipteridae,,1994,OBSERVATION
22.47,120.43,TW,Perciformes,Stromateidae,Pampus echinogaster,2004,OCCURRENCE
22.353285,114.368114,HK,Perciformes,Lutjanidae,Lutjanus monostigma,2025,HUMAN_OBSERVATION
24.64542,120.95781,TW,Cypriniformes,Cyprinidae,Opsariichthys pachycephalus,2023,HUMAN_OBSERVATION
22.218754,114.331119,HK,Tetraodontiformes,Tetraodontidae,Takifugu ocellatus,2022,HUMAN_OBSERVATION
24.70649,121.71902,TW,Cypriniformes,Cyprinidae,Opsariichthys pachycephalus,2022,HUMAN_OBSERVATION
23.43861,120.60525,TW,Cypriniformes,Cyprinidae,Opsariichthys pachycephalus,2023,HUMAN_OBSERVATION
23.447687,121.49673,TW,Synbranchiformes,Synbranchidae,Monopterus albus,2024,HUMAN_OBSERVATION
22.58,120.29,TW,Perciformes,Carangidae,Carangoides gymnostethus,1993,OCCURRENCE
38.358334,98.663887,CN,Perciformes,Centrarchidae,Lepomis megalotis,1997,PRESERVED_SPECIMEN
25.0685,121.653,TW,Perciformes,Cichlidae,Oreochromis mossambicus,2016,OCCURRENCE
23.01728,121.16325,TW,Cypriniformes,Cyprinidae,Opsariichthys pachycephalus,2015,OCCURRENCE
24.6,120.82,TW,Cypriniformes,Cyprinidae,Hypophthalmichthys molitrix,2001,OCCURRENCE
35.72,120.64,CN,Perciformes,Trichiuridae,Trichiurus lepturus,2016,MATERIAL_SAMPLE
24.72955,121.68857,TW,Cypriniformes,Cyprinidae,Barbodes semifasciolatus,2024,HUMAN_OBSERVATION
24.1784,120.7378,TW,Perciformes,Cichlidae,Oreochromis niloticus,2021,HUMAN_OBSERVATION
23.62722,120.5123,TW,Cypriniformes,Cyprinidae,Candidia barbata,2023,HUMAN_OBSERVATION
24.88499,121.28365,TW,Perciformes,Gobiidae,Rhinogobius candidianus,2022,HUMAN_OBSERVATION
39.79879,116.461285,CN,Cypriniformes,Cyprinidae,Pseudorasbora parva,2024,HUMAN_OBSERVATION
23.55248,120.51951,TW,Cypriniformes,Cyprinidae,Opsariichthys pachycephalus,2023,HUMAN_OBSERVATION
22.387412,114.296895,HK,Perciformes,Lutjanidae,Lutjanus russellii,2020,HUMAN_OBSERVATION
30.520364,114.139194,CN,Cypriniformes,Cyprinidae,Pseudorasbora parva,2024,HUMAN_OBSERVATION
22.42735,114.181458,HK,Cypriniformes,Cyprinidae,Parazacco spilurus,2024,HUMAN_OBSERVATION
23.206319,121.288639,TW,Cypriniformes,Cyprinidae,Acrossocheilus paradoxus,2022,HUMAN_OBSERVATION
36.05421,120.332775,CN,Perciformes,Gobiidae,Tridentiger trigonocephalus,2023,HUMAN_OBSERVATION
24.87978,121.3806,TW,Cypriniformes,Cyprinidae,Zacco platypus,2022,HUMAN_OBSERVATION
21.053327,110.202741,CN,Perciformes,Channidae,Channa asiatica,1931,PRESERVED_SPECIMEN
32.055505,118.547877,CN,Cypriniformes,Cyprinidae,Carassius auratus,2022,HUMAN_OBSERVATION
22.654828,121.473514,TW,Perciformes,Scaridae,,2018,HUMAN_OBSERVATION
25.161393,121.732188,TW,Perciformes,Cheilodactylidae,Cheilodactylus zonatus,2025,HUMAN_OBSERVATION
24.933333,98.891389,CN,Cypriniformes,Cyprinidae,Akrokolioplax bicornis,2006,PRESERVED_SPECIMEN
22.65,120.4,TW,Ophidiiformes,Ophidiidae,,2018,PRESERVED_SPECIMEN
25.05029,121.016204,TW,Perciformes,Blenniidae,Omobranchus punctatus,2017,PRESERVED_SPECIMEN
24.71,121.83,TW,Perciformes,Ambassidae,Ambassis miops,2004,OCCURRENCE
25.217871,121.360576,TW,Mugiliformes,Mugilidae,Planiliza affinis,2022,PRESERVED_SPECIMEN
25.0333,121.31769,TW,Cyprinodontiformes,Poeciliidae,Poecilia reticulata,2024,HUMAN_OBSERVATION
48.604176,124.13004,CN,Cypriniformes,Cyprinidae,Carassius auratus,,MATERIAL_SAMPLE
22.311019,114.363715,HK,Lophiiformes,Antennariidae,Antennarius striatus,2024,HUMAN_OBSERVATION
20.225,109.994,CN,Perciformes,Eleotridae,Eleotris fusca,2014,MATERIAL_SAMPLE
24.59,121.86,TW,Beryciformes,Holocentridae,,2005,OCCURRENCE
23.41261,120.43661,TW,Cyprinodontiformes,Poeciliidae,Poecilia reticulata,2022,HUMAN_OBSERVATION
23.09,120.48,TW,Perciformes,Gobiidae,Rhinogobius maculafasciatus,2015,OCCURRENCE
25.00863,121.53195,TW,Perciformes,Cichlidae,Coptodon zillii,2022,HUMAN_OBSERVATION
19.64,107.46,CN,Tetraodontiformes,Tetraodontidae,Lagocephalus spadiceus,,MATERIAL_SAMPLE
23.05858,120.27669,TW,Siluriformes,Loricariidae,Pterygoplichthys pardalis,2022,HUMAN_OBSERVATION
24.76114,121.591507,TW,Cypriniformes,Cyprinidae,Acrossocheilus paradoxus,2023,HUMAN_OBSERVATION
22.63,120.6,TW,Cypriniformes,Cyprinidae,Opsariichthys kaopingensis,2022,HUMAN_OBSERVATION
22.511961,114.039701,CN,Cypriniformes,Cyprinidae,,2025,HUMAN_OBSERVATION
23.217991,121.270227,TW,Perciformes,Cichlidae,,2022,HUMAN_OBSERVATION
22.60294,120.58228,TW,Cyprinodontiformes,Poeciliidae,Gambusia affinis,2022,HUMAN_OBSERVATION
23.55433,120.15961,TW,Perciformes,Gobiidae,Glossogobius olivaceus,2025,HUMAN_OBSERVATION
24.23558,120.73916,TW,Perciformes,Gobiidae,Rhinogobius candidianus,2022,HUMAN_OBSERVATION
25,121.9,TW,Perciformes,Gobiidae,,2019,HUMAN_OBSERVATION
24.23558,120.73916,TW,Cypriniformes,Cyprinidae,Opsariichthys pachycephalus,2022,HUMAN_OBSERVATION
23.45578,120.48764,TW,Cypriniformes,Cyprinidae,Opsariichthys pachycephalus,2023,HUMAN_OBSERVATION
27.06666,110.56666,CN,Perciformes,Gobiidae,,2002,PRESERVED_SPECIMEN
25.091045,121.686964,TW,Perciformes,Cichlidae,Oreochromis mossambicus,2024,HUMAN_OBSERVATION
23.46035,111.26857,CN,Cypriniformes,Cyprinidae,,2017,MATERIAL_SAMPLE
23.45106,120.55094,TW,Cypriniformes,Cyprinidae,Opsariichthys pachycephalus,2023,HUMAN_OBSERVATION
25.0333,121.31769,TW,Cyprinodontiformes,Poeciliidae,Poecilia reticulata,2024,HUMAN_OBSERVATION
23.1346,120.0717,TW,Perciformes,Gerreidae,Gerres erythrourus,2022,MATERIAL_SAMPLE
36.36897,120.689364,CN,Perciformes,Blenniidae,Omobranchus punctatus,2025,HUMAN_OBSERVATION
24.382286,120.584394,TW,Perciformes,Gobiidae,Periophthalmus modestus,2026,HUMAN_OBSERVATION
21.01,109.42,CN,Mugiliformes,Mugilidae,Paramugil parmatus,,PRESERVED_SPECIMEN
24.689,121.75319,TW,Perciformes,Gobiidae,Rhinogobius maculafasciatus,2022,HUMAN_OBSERVATION
23.518893,120.593253,TW,Cypriniformes,Cyprinidae,Acrossocheilus paradoxus,2023,HUMAN_OBSERVATION
24.43,120.86,TW,Cypriniformes,Balitoridae,Formosania lacustre,2023,HUMAN_OBSERVATION
24.70961,121.10026,TW,Siluriformes,Bagridae,Pseudobagrus brevianalis,2004,OCCURRENCE
37.030834,99.481392,CN,Perciformes,Centrarchidae,Micropterus salmoides,1996,PRESERVED_SPECIMEN
24.13842,120.61971,TW,Perciformes,Gobiidae,Rhinogobius candidianus,2005,OCCURRENCE
22.197012,114.139533,HK,Perciformes,Gobiidae,Istigobius ornatus,2021,HUMAN_OBSERVATION
23.118403,120.088635,TW,Perciformes,Serranidae,Epinephelus coioides,2017,HUMAN_OBSERVATION
22.380562,120.912055,TW,Perciformes,Gobiidae,Sicyopterus japonicus,2024,HUMAN_OBSERVATION
23.77643,120.7115,TW,Cypriniformes,Cyprinidae,Acrossocheilus paradoxus,2023,HUMAN_OBSERVATION
23.118403,120.088635,TW,Perciformes,Carangidae,Caranx ignobilis,2020,HUMAN_OBSERVATION
25.3889,121.6647,TW,Perciformes,Mullidae,Parupeneus indicus,2008,PRESERVED_SPECIMEN
22.44,120.47,TW,Perciformes,Pomacentridae,Pomacentrus taeniometopon,2004,OCCURRENCE
23.05532,121.19985,TW,Cypriniformes,Cyprinidae,Opsariichthys pachycephalus,2023,HUMAN_OBSERVATION
24.729695,121.688505,TW,Cypriniformes,Cyprinidae,Acrossocheilus paradoxus,2023,HUMAN_OBSERVATION
22.407962,114.120123,HK,Cypriniformes,Nemacheilidae,Oreonectes platycephalus,2021,HUMAN_OBSERVATION
22.08009,121.53976,TW,Perciformes,Gobiidae,Stiphodon percnopterygionus,2009,HUMAN_OBSERVATION
23.60586,104.33709,CN,Cypriniformes,Cyprinidae,Rhodeus ocellatus,2025,HUMAN_OBSERVATION
25.5,119.76,CN,Clupeiformes,Engraulidae,Thryssa kammalensis,2017,PRESERVED_SPECIMEN
23.55,119.56,TW,Perciformes,Serranidae,,2006,MATERIAL_SAMPLE
23.49788,120.30323,TW,Cyprinodontiformes,Poeciliidae,Gambusia affinis,2016,OCCURRENCE
23.558428,120.164958,TW,Perciformes,Gobiidae,Acentrogobius viganensis,2024,HUMAN_OBSERVATION
24.729533,121.688863,TW,Cypriniformes,Cyprinidae,Candidia barbata,2025,HUMAN_OBSERVATION
24.16927,120.70553,TW,Perciformes,Cichlidae,Parachromis managuensis,2021,HUMAN_OBSERVATION
29.58,113.53,CN,Synbranchiformes,Synbranchidae,Monopterus albus,2013,MATERIAL_SAMPLE
23.09,120.59,TW,Perciformes,Gobiidae,Rhinogobius nantaiensis,2022,HUMAN_OBSERVATION
23.556089,120.16422,TW,Perciformes,Gobiidae,Glossogobius olivaceus,2024,HUMAN_OBSERVATION
24.79623,121.03617,TW,Cypriniformes,Cyprinidae,Acrossocheilus paradoxus,2004,OCCURRENCE
22.677493,121.496794,TW,Tetraodontiformes,Balistidae,Balistoides conspicillum,2025,HUMAN_OBSERVATION
23.4325,120.54744,TW,Perciformes,Gobiidae,Rhinogobius candidianus,2023,HUMAN_OBSERVATION
23.05,121.23,TW,Perciformes,Blenniidae,Salarias fasciatus,2005,OBSERVATION
22.35,113.95,HK,Clupeiformes,Engraulidae,Setipinna tenuifilis,1958,PRESERVED_SPECIMEN
23.11,120.2,TW,Perciformes,Gobiidae,Boleophthalmus pectinirostris,2014,OCCURRENCE
24.52,120.93,TW,Cypriniformes,Cyprinidae,Barbodes snyderi,2005,OCCURRENCE
24.71,121.83,TW,Perciformes,Ambassidae,,2005,OCCURRENCE
24.64395,121.12588,TW,Cypriniformes,Cyprinidae,Acrossocheilus paradoxus,2022,HUMAN_OBSERVATION
24.718362,121.7092,TW,Cypriniformes,Cyprinidae,Opsariichthys pachycephalus,2019,HUMAN_OBSERVATION
21.65,101.43,CN,Cypriniformes,Cyprinidae,Devario chrysotaeniatus,1995,PRESERVED_SPECIMEN
23.45578,120.48764,TW,Perciformes,Gobiidae,Rhinogobius candidianus,2023,HUMAN_OBSERVATION
26.669001,120.105869,CN,Perciformes,Sparidae,Rhabdosargus sarba,2024,HUMAN_OBSERVATION
22.338,106.853,CN,Cypriniformes,Cyprinidae,Pseudohemiculter dispar,2019,MATERIAL_SAMPLE
23.53661,120.53137,TW,Perciformes,Gobiidae,Rhinogobius candidianus,2023,HUMAN_OBSERVATION
25.031667,121.50841,TW,Perciformes,Cichlidae,Oreochromis mossambicus,2025,HUMAN_OBSERVATION
31.866201,109.512226,CN,Cypriniformes,Cyprinidae,,2026,HUMAN_OBSERVATION
24.58,121.86,TW,Tetraodontiformes,Tetraodontidae,Torquigener hypselogeneion,2005,OCCURRENCE
36.545232,116.798892,CN,Cypriniformes,Cobitidae,,2026,HUMAN_OBSERVATION
23.572423,120.147191,TW,Perciformes,Sparidae,Acanthopagrus pacificus,2024,HUMAN_OBSERVATION
22.310954,114.363776,HK,Perciformes,Apogonidae,Ostorhinchus fleurieu,2022,HUMAN_OBSERVATION
23.05318,120.06981,TW,Siluriformes,Ariidae,Arius maculatus,2004,OCCURRENCE
23.72096,121.40635,TW,Cypriniformes,Cyprinidae,Opsariichthys pachycephalus,2022,HUMAN_OBSERVATION
24.19867,120.63522,TW,Perciformes,Cichlidae,Oreochromis niloticus,2021,HUMAN_OBSERVATION
30.29,81.17,CN,Cypriniformes,Nemacheilidae,Triplophysa aliensis,2011,PRESERVED_SPECIMEN
22.352479,114.368636,HK,Tetraodontiformes,Tetraodontidae,Arothron hispidus,2025,HUMAN_OBSERVATION
23.206319,121.288639,TW,Perciformes,Cichlidae,,2022,HUMAN_OBSERVATION
24.9431,121.536,TW,Cypriniformes,Cyprinidae,Zacco platypus,2016,OCCURRENCE
19.633333,111.51667,CN,Perciformes,Lutjanidae,Lutjanus malabaricus,1958,PRESERVED_SPECIMEN
23.43094,120.46308,TW,Perciformes,Cichlidae,Oreochromis niloticus,2022,HUMAN_OBSERVATION
22.97579,120.35513,TW,Perciformes,Cichlidae,Oreochromis niloticus,2023,HUMAN_OBSERVATION
23.826792,120.800453,TW,Perciformes,Channidae,Channa striata,2025,HUMAN_OBSERVATION
23.438889,120.605472,TW,Cypriniformes,Cyprinidae,Acrossocheilus paradoxus,2023,HUMAN_OBSERVATION
23.41239,120.547,TW,Cypriniformes,Cyprinidae,Opsariichthys pachycephalus,2023,HUMAN_OBSERVATION
23.974333,120.884305,TW,Cypriniformes,Cyprinidae,Acrossocheilus paradoxus,2026,HUMAN_OBSERVATION
36.361572,120.688253,CN,Perciformes,Gobiidae,Favonigobius gymnauchen,2026,HUMAN_OBSERVATION
22.258675,114.129333,HK,Perciformes,Leiognathidae,Photopectoralis bindus,2024,HUMAN_OBSERVATION
22.08,120.7,TW,Perciformes,Ambassidae,Ambassis miops,1989,HUMAN_OBSERVATION
24.94,121.9,TW,Lophiiformes,Antennariidae,Antennarius striatus,2003,OCCURRENCE
24.74,121.09,TW,Cypriniformes,Balitoridae,Hemimyzon formosanus,2015,OCCURRENCE
23.08,120.48,TW,Cypriniformes,Cyprinidae,Hypsibarbus pierrei,2015,OCCURRENCE
19.05,107.37,CN,Perciformes,Carangidae,Seriolina nigrofasciata,,MATERIAL_SAMPLE
24.63,110.64,CN,Cypriniformes,Cobitidae,Misgurnus anguillicaudatus,2017,MATERIAL_SAMPLE
25.03811,121.32214,TW,Cypriniformes,Cyprinidae,Candidia barbata,2023,HUMAN_OBSERVATION
24.71,121.83,TW,Perciformes,Gobiidae,,2005,OCCURRENCE
21.38,112.22,CN,Perciformes,Sciaenidae,,2021,MATERIAL_SAMPLE
24.55054,120.97177,TW,Cypriniformes,Cyprinidae,Acrossocheilus paradoxus,2015,OCCURRENCE
23.9721,120.64729,TW,Perciformes,Gobiidae,Rhinogobius candidianus,2021,HUMAN_OBSERVATION
22.255594,120.651362,TW,Perciformes,Gobiidae,Sicyopterus japonicus,2024,HUMAN_OBSERVATION
23.6627,121.43457,TW,Cypriniformes,Cyprinidae,Acrossocheilus paradoxus,2022,HUMAN_OBSERVATION
23.603133,120.033417,TW,Mugiliformes,Mugilidae,Planiliza macrolepis,2022,PRESERVED_SPECIMEN
23.60965,120.37163,TW,Siluriformes,Loricariidae,,2023,HUMAN_OBSERVATION
30.768647,111.128064,CN,Cypriniformes,Nemacheilidae,Homatula potanini,2024,HUMAN_OBSERVATION
38.078916,118.957345,CN,Perciformes,Gobiidae,Acanthogobius hasta,2026,HUMAN_OBSERVATION
22.198174,113.551705,MO,Cypriniformes,Cyprinidae,Cyprinus rubrofuscus,2026,HUMAN_OBSERVATION
24.19867,120.63522,TW,Perciformes,Cichlidae,Oreochromis niloticus,2021,HUMAN_OBSERVATION
24.762544,118.023337,CN,Perciformes,Percichthyidae,Siniperca chuatsi,2023,HUMAN_OBSERVATION
24.00471,121.06702,TW,Cypriniformes,Cyprinidae,Opsariichthys pachycephalus,2004,OCCURRENCE
23.91753,121.057563,TW,Cypriniformes,Cyprinidae,Opsariichthys pachycephalus,2022,HUMAN_OBSERVATION
25.03811,121.32214,TW,Cypriniformes,Cyprinidae,Candidia barbata,2024,HUMAN_OBSERVATION
22.471253,114.009178,HK,Perciformes,Cichlidae,Oreochromis niloticus,2026,HUMAN_OBSERVATION
20.7464,116.9088,TW,Perciformes,Scaridae,Scarus ghobban,2005,HUMAN_OBSERVATION
22.332798,114.341299,HK,Perciformes,Apogonidae,Ostorhinchus fleurieu,2019,HUMAN_OBSERVATION
24.321933,120.472567,TW,Mugiliformes,Mugilidae,,2021,PRESERVED_SPECIMEN
24.4121,114.84728,CN,Cypriniformes,Cyprinidae,Squalidus wolterstorffi,2023,PRESERVED_SPECIMEN
22.361525,114.376064,HK,Perciformes,Siganidae,Siganus fuscescens,2025,HUMAN_OBSERVATION
37.030834,99.481392,CN,Cypriniformes,Cyprinidae,Pimephales promelas,1996,PRESERVED_SPECIMEN
19.26,108.18,CN,Clupeiformes,Engraulidae,Thryssa dussumieri,,MATERIAL_SAMPLE
19.235144,108.974153,CN,Cypriniformes,Cyprinidae,Spinibarbus denticulatus,2025,HUMAN_OBSERVATION
24.736828,121.71183,TW,Cypriniformes,Cyprinidae,Ctenopharyngodon idella,2025,HUMAN_OBSERVATION
22.409412,114.377913,HK,Perciformes,Tripterygiidae,Enneapterygius etheostomus,2025,HUMAN_OBSERVATION
22.466824,114.013588,HK,Cypriniformes,Cyprinidae,,2023,HUMAN_OBSERVATION
22.97411,121.16531,TW,Cypriniformes,Cyprinidae,Opsariichthys pachycephalus,2022,HUMAN_OBSERVATION
23.11,120.7,TW,Perciformes,Gobiidae,Rhinogobius nantaiensis,2023,HUMAN_OBSERVATION
23.87693,120.76421,TW,Cypriniformes,Cyprinidae,Pseudorasbora parva,2005,OCCURRENCE
22.216459,113.545942,MO,Perciformes,Cichlidae,Oreochromis niloticus,2026,HUMAN_OBSERVATION
24.1784,120.7378,TW,Siluriformes,Siluridae,Silurus asotus,2021,HUMAN_OBSERVATION
24.9993,121.609,TW,Cypriniformes,Cyprinidae,Acrossocheilus paradoxus,2016,OCCURRENCE
24.720604,121.719872,TW,Perciformes,Cichlidae,Geophagus brasiliensis,2018,HUMAN_OBSERVATION
23.1346,120.0717,TW,Perciformes,Gobiidae,Taenioides cirratus,2022,MATERIAL_SAMPLE
23.258614,121.298213,TW,Cypriniformes,Cyprinidae,Opsariichthys pachycephalus,2022,HUMAN_OBSERVATION
38.073254,104.69114,CN,Siluriformes,Sisoridae,Creteuchiloglanis macropterus,,MATERIAL_SAMPLE
24.70641,121.71678,TW,Perciformes,Gobiidae,Sicyopterus japonicus,2022,HUMAN_OBSERVATION
24.665426,121.70788,TW,Cypriniformes,Cyprinidae,Opsariichthys pachycephalus,2020,HUMAN_OBSERVATION
22.305706,114.192792,HK,Perciformes,Eleotridae,Oxyeleotris marmorata,2023,HUMAN_OBSERVATION
22.274587,113.927466,HK,Cypriniformes,Cyprinidae,Squaliobarbus curriculus,2024,HUMAN_OBSERVATION
22.662402,121.508132,TW,Anguilliformes,Anguillidae,Anguilla marmorata,2023,HUMAN_OBSERVATION
23.792553,120.545764,TW,Siluriformes,Loricariidae,,2021,HUMAN_OBSERVATION
19.12,108.65,CN,Perciformes,Leiognathidae,Nuchequula blochii,,PRESERVED_SPECIMEN
25,120,CN,Perciformes,Uranoscopidae,,1971,PRESERVED_SPECIMEN
23.7,120.85,TW,Cypriniformes,Cyprinidae,Gobiobotia cheni,2006,OCCURRENCE
38.797779,100.858612,CN,Cypriniformes,Cyprinidae,Campostoma anomalum,1996,PRESERVED_SPECIMEN
23.793236,120.778631,TW,Cypriniformes,Cyprinidae,Microphysogobio alticorpus,2024,HUMAN_OBSERVATION
25.04595,121.48511,TW,Siluriformes,Ariidae,Arius maculatus,2015,OCCURRENCE
51,121,CN,Cypriniformes,Cobitidae,Paramisgurnus dabryanus,2003,PRESERVED_SPECIMEN
23.21853,121.271378,TW,Perciformes,Gobiidae,Rhinogobius candidianus,2021,HUMAN_OBSERVATION
23.41497,120.5065,TW,Perciformes,Cichlidae,Oreochromis niloticus,2022,HUMAN_OBSERVATION
22.89306,121.09442,TW,Cypriniformes,Cyprinidae,Opsariichthys pachycephalus,2022,HUMAN_OBSERVATION
23.08,120.48,TW,Perciformes,Gobiidae,Rhinogobius nantaiensis,2014,OCCURRENCE
23.19,120.49,TW,Cypriniformes,Cyprinidae,Acrossocheilus paradoxus,2014,OCCURRENCE
38.444721,98.425003,CN,Perciformes,Centrarchidae,Lepomis cyanellus,1996,PRESERVED_SPECIMEN
45.46279,119.66327,CN,Cypriniformes,Nemacheilidae,,,MATERIAL_SAMPLE
25.06321,121.50652,TW,Siluriformes,Clariidae,Clarias batrachus,2016,OCCURRENCE
23.97,120.99,TW,Cypriniformes,Balitoridae,Sinogastromyzon puliensis,2020,HUMAN_OBSERVATION
25.032,121.455,TW,Perciformes,Cichlidae,Oreochromis mossambicus,2016,OCCURRENCE
23.05,121.23,TW,Perciformes,Chaetodontidae,Heniochus acuminatus,1985,OBSERVATION
22.350641,113.963567,HK,Perciformes,Lutjanidae,Lutjanus russellii,2019,HUMAN_OBSERVATION
24.17684,120.62751,TW,Perciformes,Cichlidae,Oreochromis niloticus,2023,HUMAN_OBSERVATION
24.82531,121.0656,TW,Cypriniformes,Cyprinidae,Acrossocheilus paradoxus,2023,HUMAN_OBSERVATION
22.440036,114.042407,HK,Siluriformes,Clariidae,Clarias fuscus,2021,HUMAN_OBSERVATION
25.18,99.19,CN,Cypriniformes,Cyprinidae,Schizothorax yunnanensis,2013,PRESERVED_SPECIMEN
24.8849,103.1672,CN,Cypriniformes,Nemacheilidae,,2024,MATERIAL_CITATION
18.690834,110.544824,CN,Perciformes,Gobiidae,Boleophthalmus pectinirostris,1930,PRESERVED_SPECIMEN
23.1346,120.0717,TW,Perciformes,Haemulidae,Pomadasys argenteus,2022,MATERIAL_SAMPLE
24.72143,121.10438,TW,Perciformes,Gobiidae,Rhinogobius candidianus,2022,HUMAN_OBSERVATION
25.2352,121.6195,TW,Cypriniformes,Cyprinidae,Candidia barbata,2013,OCCURRENCE
23.05532,121.19985,TW,Cypriniformes,Cyprinidae,Opsariichthys pachycephalus,2023,HUMAN_OBSERVATION
22.2,113.55,CN,Pleuronectiformes,Cynoglossidae,,1958,PRESERVED_SPECIMEN
24.82287,120.99868,TW,Perciformes,Cichlidae,Coptodon zillii,2022,HUMAN_OBSERVATION
23.52332,120.54565,TW,Cypriniformes,Cyprinidae,Opsariichthys pachycephalus,2023,HUMAN_OBSERVATION
24.941,121.903,TW,Aulopiformes,Synodontidae,,2009,PRESERVED_SPECIMEN
25.15146,121.44381,TW,Clupeiformes,Engraulidae,Thryssa hamiltonii,2015,OCCURRENCE
24.3,120.92,TW,Cypriniformes,Balitoridae,Hemimyzon formosanus,2023,HUMAN_OBSERVATION
23.722855,113.812274,CN,Cypriniformes,Cyprinidae,Acrossocheilus parallens,2026,HUMAN_OBSERVATION
24.718006,121.705577,TW,Cypriniformes,Cobitidae,Cobitis sinensis,2018,HUMAN_OBSERVATION
23.11838,120.45876,TW,Cypriniformes,Cyprinidae,Microphysogobio alticorpus,2005,OCCURRENCE
45.34,132.3,CN,Cypriniformes,Cyprinidae,Chanodichthys mongolicus,2016,PRESERVED_SPECIMEN
23.06825,120.35986,TW,Cypriniformes,Cyprinidae,Opsariichthys pachycephalus,2022,HUMAN_OBSERVATION
25.10853,121.45755,TW,Perciformes,Gerreidae,Gerres erythrourus,2015,OCCURRENCE
22.180258,113.533813,MO,Perciformes,Cichlidae,Oreochromis niloticus,2025,HUMAN_OBSERVATION
23.49719,120.30357,TW,Cyprinodontiformes,Poeciliidae,Poecilia reticulata,2023,HUMAN_OBSERVATION
24.729972,121.698875,TW,Cypriniformes,Cyprinidae,Acrossocheilus paradoxus,2022,HUMAN_OBSERVATION
23.118403,120.088635,TW,Perciformes,Sillaginidae,Sillago sihama,2019,HUMAN_OBSERVATION
30.177243,121.961139,CN,Perciformes,Gobiidae,Odontamblyopus lacepedii,2025,HUMAN_OBSERVATION
22.475986,114.252184,HK,Perciformes,Gobiidae,Glossogobius olivaceus,2019,HUMAN_OBSERVATION
21.99,120.66,TW,Perciformes,Kuhliidae,,2004,OCCURRENCE
24.519396,120.185869,TW,Mugiliformes,Mugilidae,,2021,PRESERVED_SPECIMEN
23.62937,120.46432,TW,Perciformes,Cichlidae,,2023,HUMAN_OBSERVATION
22.486366,114.308662,HK,Perciformes,Scatophagidae,Scatophagus argus,2024,HUMAN_OBSERVATION
23.435167,120.489972,TW,Cypriniformes,Cyprinidae,Opsariichthys pachycephalus,2023,HUMAN_OBSERVATION
24.018866,121.577129,TW,Cypriniformes,Cyprinidae,Acrossocheilus paradoxus,2023,HUMAN_OBSERVATION
22.28,120.01,TW,Gadiformes,Macrouridae,,,OCCURRENCE
23.04441,120.4389,TW,Cypriniformes,Cyprinidae,Tanakia himantegus,2005,OCCURRENCE
22.08289,120.7403,TW,Perciformes,Gobiidae,Sicyopterus japonicus,2012,OCCURRENCE
22.51,120.68,TW,Perciformes,Hapalogenyidae,Hapalogenys nigripinnis,1990,HUMAN_OBSERVATION
22.47028,120.447208,TW,Anguilliformes,Anguillidae,,1919,PRESERVED_SPECIMEN
24.19867,120.63522,TW,Perciformes,Cichlidae,Oreochromis niloticus,2022,HUMAN_OBSERVATION
20.5,109.51,CN,Mugiliformes,Mugilidae,Osteomugil cunnesius,,PRESERVED_SPECIMEN
22.46786,120.442701,TW,Perciformes,Apogonidae,,2008,PRESERVED_SPECIMEN
22.63442,120.61019,TW,Perciformes,Osphronemidae,Trichopodus trichopterus,2023,HUMAN_OBSERVATION
23.78,120.64,TW,Cypriniformes,Cyprinidae,Gobiobotia cheni,2005,OCCURRENCE
24.729608,121.688522,TW,Cypriniformes,Cyprinidae,Barbodes semifasciolatus,2025,HUMAN_OBSERVATION
40.8999,96.47966,CN,Cypriniformes,Cyprinidae,Cyprinella lutrensis,2009,PRESERVED_SPECIMEN
24.29405,120.90987,TW,Cypriniformes,Cyprinidae,Candidia barbata,2022,HUMAN_OBSERVATION
39.9572,115.4244,CN,Stomiiformes,Gonostomatidae,,,MATERIAL_SAMPLE
25.0685,121.653,TW,Clupeiformes,Clupeidae,Hilsa kelee,2016,OCCURRENCE
24.1784,120.73781,TW,Cypriniformes,Cyprinidae,Acrossocheilus paradoxus,2022,HUMAN_OBSERVATION
22.4718,114.006163,HK,Perciformes,Cichlidae,Coptodon zillii,2024,HUMAN_OBSERVATION
24.52,120.93,TW,Cypriniformes,Cyprinidae,Barbodes snyderi,2005,OCCURRENCE
23.169801,121.244863,TW,Perciformes,Cichlidae,Coptodon zillii,2022,HUMAN_OBSERVATION
24.73622,121.80569,TW,Perciformes,Cichlidae,Coptodon zillii,2022,HUMAN_OBSERVATION
23.394131,121.333941,TW,Cypriniformes,Cyprinidae,Opsariichthys pachycephalus,2021,HUMAN_OBSERVATION
23.854735,120.922863,TW,Perciformes,Channidae,Channa micropeltes,2022,HUMAN_OBSERVATION
22.47,120.43,TW,Clupeiformes,Engraulidae,,2005,OCCURRENCE
20.85,116.02,TW,Perciformes,Labridae,,1995,OCCURRENCE
24.08134,120.99071,TW,Cypriniformes,Cyprinidae,Spinibarbus hollandi,2021,HUMAN_OBSERVATION
23.815,120.7829,TW,Perciformes,Gobiidae,Rhinogobius candidianus,2015,OCCURRENCE
22.90614,121.14794,TW,Cypriniformes,Cyprinidae,Opsariichthys pachycephalus,2022,HUMAN_OBSERVATION
22.304866,114.265102,HK,Perciformes,Siganidae,Siganus fuscescens,2025,HUMAN_OBSERVATION
24.02704,120.82695,TW,Cypriniformes,Cyprinidae,Acrossocheilus paradoxus,2021,HUMAN_OBSERVATION
24.75,119.25,CN,Perciformes,Carangidae,Megalaspis cordyla,2015,MATERIAL_SAMPLE
39.593887,97.66111,CN,Cypriniformes,Cyprinidae,Notropis stramineus,1995,PRESERVED_SPECIMEN
20.78017,116.8149,TW,Scorpaeniformes,Scorpaenidae,,2011,PRESERVED_SPECIMEN
24.159316,120.744225,TW,Perciformes,Gobiidae,Rhinogobius candidianus,2022,HUMAN_OBSERVATION
40.97349,96.78996,CN,Cypriniformes,Cyprinidae,Notropis dorsalis,2009,PRESERVED_SPECIMEN
20.71,117.55,TW,Gadiformes,Macrouridae,,,OCCURRENCE
29.97,113.68,CN,Siluriformes,Siluridae,Silurus asotus,2013,PRESERVED_SPECIMEN
24.244167,120.407383,TW,Perciformes,Haemulidae,Pomadasys argenteus,2020,PRESERVED_SPECIMEN
39.8578,116.381111,CN,Perciformes,Odontobutidae,Odontobutis potamophila,2025,HUMAN_OBSERVATION
23.12773,121.1701,TW,Cypriniformes,Cyprinidae,Opsariichthys pachycephalus,2023,HUMAN_OBSERVATION
21.03,109.71,CN,Perciformes,Carangidae,Scomberoides lysan,,MATERIAL_SAMPLE
24.729528,121.688172,TW,Cypriniformes,Cyprinidae,Barbodes semifasciolatus,2024,HUMAN_OBSERVATION
25.02,121.93,TW,Cypriniformes,Cyprinidae,Carassius auratus,1992,OCCURRENCE
19.194184,110.484263,CN,Perciformes,Eleotridae,Bunaka gyrinoides,2025,HUMAN_OBSERVATION
23.43819,120.60561,TW,Cypriniformes,Cyprinidae,Acrossocheilus paradoxus,2023,HUMAN_OBSERVATION
23.92696,120.96426,TW,Cypriniformes,Cyprinidae,Acrossocheilus paradoxus,2004,OCCURRENCE
22.77115,120.45037,TW,Perciformes,Cichlidae,Oreochromis niloticus,2006,OCCURRENCE
25.208837,121.695184,TW,Perciformes,Chaetodontidae,,2018,HUMAN_OBSERVATION
22.58,120.29,TW,Gasterosteiformes,Pegasidae,Pegasus volitans,1980,OCCURRENCE
23.270459,121.289638,TW,Perciformes,Cichlidae,Coptodon zillii,2021,HUMAN_OBSERVATION
24.729737,121.698684,TW,Cypriniformes,Cyprinidae,Acrossocheilus paradoxus,2023,HUMAN_OBSERVATION
26.069663,119.302307,CN,Cypriniformes,Cyprinidae,Cyprinus rubrofuscus,2025,HUMAN_OBSERVATION
37.273445,99.900927,CN,Cypriniformes,Cyprinidae,Gymnocypris przewalskii,2024,HUMAN_OBSERVATION
23.475422,121.357474,TW,Cypriniformes,Cyprinidae,Acrossocheilus paradoxus,2021,HUMAN_OBSERVATION
30.27415,120.15515,CN,Perciformes,Odontobutidae,Odontobutis potamophila,2026,HUMAN_OBSERVATION
25.091045,121.686964,TW,Cyprinodontiformes,Poeciliidae,Gambusia affinis,2024,HUMAN_OBSERVATION
24.67651,120.94961,TW,Cypriniformes,Cyprinidae,Microphysogobio brevirostris,2023,HUMAN_OBSERVATION
23.45114,120.55092,TW,Cypriniformes,Cyprinidae,Microphysogobio alticorpus,2023,HUMAN_OBSERVATION
23.51315,120.36024,TW,Perciformes,Cichlidae,Oreochromis niloticus,2023,HUMAN_OBSERVATION
32.767727,120.726555,CN,Perciformes,Odontobutidae,Micropercops swinhonis,2026,HUMAN_OBSERVATION
22.65,120.4,TW,Clupeiformes,Engraulidae,Encrasicholina heteroloba,,PRESERVED_SPECIMEN
25.08756,121.82841,TW,Cypriniformes,Cyprinidae,Opsariichthys pachycephalus,2022,HUMAN_OBSERVATION
23.4855,121.40355,TW,Perciformes,Gobiidae,Sicyopterus japonicus,2022,HUMAN_OBSERVATION
24.00973,120.63827,TW,Cyprinodontiformes,Poeciliidae,Gambusia affinis,2023,HUMAN_OBSERVATION
23.876093,121.454861,TW,Perciformes,Gobiidae,Rhinogobius delicatus,2023,HUMAN_OBSERVATION
22.830976,121.186305,TW,Perciformes,Terapontidae,Terapon jarbua,2024,HUMAN_OBSERVATION
22.352061,114.254782,HK,Cypriniformes,Cyprinidae,Parazacco spilurus,2026,HUMAN_OBSERVATION
40.96586,96.45517,CN,Cypriniformes,Cyprinidae,Notropis atherinoides,2009,PRESERVED_SPECIMEN
24.88,121.38,TW,Cypriniformes,Balitoridae,Formosania lacustre,2016,OCCURRENCE
38.073254,104.69114,CN,Perciformes,Serranidae,Epinephelus lanceolatus,,MATERIAL_SAMPLE
24.74605,121.09176,TW,Perciformes,Gobiidae,Rhinogobius candidianus,2023,HUMAN_OBSERVATION
22.082083,121.516333,TW,Perciformes,Chaetodontidae,,2017,HUMAN_OBSERVATION
24.621869,121.733609,TW,Cypriniformes,Cyprinidae,Rhodeus ocellatus,2025,HUMAN_OBSERVATION
25.08756,121.82841,TW,Cypriniformes,Cyprinidae,Opsariichthys pachycephalus,2022,HUMAN_OBSERVATION
25.27,110.28,CN,Cypriniformes,Cobitidae,Misgurnus anguillicaudatus,2017,MATERIAL_SAMPLE
24.8847,121.283,TW,Cypriniformes,Cyprinidae,Opsariichthys evolans,2016,OCCURRENCE
27.9,114.900002,CN,Perciformes,Cichlidae,,,MATERIAL_CITATION
24.942323,121.368452,TW,Cypriniformes,Cyprinidae,Hemiculter leucisculus,2024,HUMAN_OBSERVATION
24.26062,120.8193,TW,Cypriniformes,Cyprinidae,Acrossocheilus paradoxus,2023,HUMAN_OBSERVATION
30.287399,120.065783,CN,Cypriniformes,Cyprinidae,Rhodeus sinensis,2024,HUMAN_OBSERVATION
18.369877,109.587963,CN,Cyprinodontiformes,Poeciliidae,Gambusia affinis,2019,HUMAN_OBSERVATION
28.597597,106.427434,CN,Cypriniformes,Cyprinidae,Spinibarbus hollandi,2024,HUMAN_OBSERVATION
22.08545,121.565726,TW,Perciformes,Scaridae,,2018,HUMAN_OBSERVATION
39.580277,97.369164,CN,Cypriniformes,Cyprinidae,Phenacobius mirabilis,1996,PRESERVED_SPECIMEN
23.83487,120.28193,TW,Mugiliformes,Mugilidae,Planiliza macrolepis,2006,OCCURRENCE
24.1784,120.7378,TW,Cypriniformes,Cyprinidae,Carassius auratus,2021,HUMAN_OBSERVATION
17.788,109.024,CN,Perciformes,Serranidae,,2008,MATERIAL_SAMPLE
23.00589,121.16822,TW,Perciformes,Gobiidae,Sicyopterus japonicus,2015,OCCURRENCE
25.03811,121.32214,TW,Cypriniformes,Cyprinidae,Candidia barbata,2024,HUMAN_OBSERVATION
24.23558,120.73916,TW,Cypriniformes,Cyprinidae,Opsariichthys pachycephalus,2022,HUMAN_OBSERVATION
23.455583,120.488639,TW,Perciformes,Gobiidae,Rhinogobius maculafasciatus,2023,HUMAN_OBSERVATION
23.05,120.07,TW,Gonorynchiformes,Chanidae,Chanos chanos,2014,OCCURRENCE
23.143842,120.076266,TW,Mugiliformes,Mugilidae,Osteomugil cunnesius,2018,HUMAN_OBSERVATION
23.168704,120.49007,TW,Cypriniformes,Cyprinidae,Opsariichthys pachycephalus,2025,HUMAN_OBSERVATION
21.94,120.74,TW,Perciformes,Serranidae,Epinephelus coioides,2009,OCCURRENCE
25.091045,121.686964,TW,Perciformes,Cichlidae,,2024,HUMAN_OBSERVATION
22.31,120.35,TW,Perciformes,Gobiidae,Gnatholepis cauerensis,1991,HUMAN_OBSERVATION
22.12753,120.77836,TW,Perciformes,Gobiidae,Rhinogobius maculafasciatus,2022,HUMAN_OBSERVATION
22.87314,120.48467,TW,Perciformes,Gobiidae,Rhinogobius maculafasciatus,2022,HUMAN_OBSERVATION
24.11051,120.69869,TW,Perciformes,Cichlidae,Oreochromis niloticus,2022,HUMAN_OBSERVATION
38.073254,104.69114,CN,Scorpaeniformes,Scorpaenidae,,2014,MATERIAL_SAMPLE
25.211511,121.698828,TW,Perciformes,Serranidae,,2011,HUMAN_OBSERVATION
30.795107,114.271842,CN,Cypriniformes,Cyprinidae,Parabramis pekinensis,2024,HUMAN_OBSERVATION
23.80573,120.84597,TW,Cypriniformes,Cyprinidae,Opsariichthys pachycephalus,2023,HUMAN_OBSERVATION
36.45,116.83,CN,Cypriniformes,Cobitidae,Misgurnus anguillicaudatus,2017,MATERIAL_SAMPLE
25.22922,121.6226,TW,Cypriniformes,Cyprinidae,Candidia barbata,2022,HUMAN_OBSERVATION
23.81,120.84,TW,Cypriniformes,Cyprinidae,Gobiobotia cheni,2015,OCCURRENCE
23.726,120.657,TW,Cypriniformes,Cyprinidae,Acrossocheilus paradoxus,2017,OCCURRENCE
23.05866,120.49505,TW,Cypriniformes,Cyprinidae,Pseudorasbora parva,2005,OCCURRENCE
24.9431,121.536,TW,Cypriniformes,Cyprinidae,Zacco platypus,2016,OCCURRENCE
24.5,121.8,TW,Cypriniformes,Cyprinidae,Opsariichthys pachycephalus,2019,HUMAN_OBSERVATION
34.11,113.42,CN,Cypriniformes,Cyprinidae,Cyprinus carpio,2018,MATERIAL_SAMPLE
23.1239,120.45259,TW,Perciformes,Cichlidae,,2022,HUMAN_OBSERVATION
25.86,98.85,CN,Cypriniformes,Nemacheilidae,Triplophysa nujiangensa,2012,PRESERVED_SPECIMEN
25.113803,121.920169,TW,Perciformes,Chaetodontidae,,2014,HUMAN_OBSERVATION
37.52,121.58,CN,Syngnathiformes,Syngnathidae,Syngnathus schlegeli,2013,PRESERVED_SPECIMEN
23.320487,120.445943,TW,Perciformes,Gobiidae,Rhinogobius candidianus,2022,HUMAN_OBSERVATION
23.114808,120.098873,TW,Mugiliformes,Mugilidae,Planiliza macrolepis,2017,HUMAN_OBSERVATION
39.40011,112.73468,CN,Beloniformes,Adrianichthyidae,Oryzias latipes,2019,PRESERVED_SPECIMEN
21.52,117.88,TW,Perciformes,Labridae,,1908,PRESERVED_SPECIMEN
23.124482,120.074022,TW,Pleuronectiformes,Paralichthyidae,Pseudorhombus arsius,2021,HUMAN_OBSERVATION
24.34551,120.73307,TW,Cypriniformes,Cyprinidae,Opsariichthys pachycephalus,2023,HUMAN_OBSERVATION
23.88,120.73,TW,Cypriniformes,Balitoridae,Sinogastromyzon puliensis,2020,HUMAN_OBSERVATION
21.03,109.71,CN,Perciformes,Scatophagidae,Scatophagus argus,,MATERIAL_SAMPLE
24.94,121.9,TW,Rajiformes,Arhynchobatidae,,2005,OCCURRENCE
30.048314,120.58336,CN,Cypriniformes,Cyprinidae,Rhodeus ocellatus,2025,HUMAN_OBSERVATION
23.60965,120.37163,TW,Siluriformes,Loricariidae,,2023,HUMAN_OBSERVATION
23.270459,121.289638,TW,Cypriniformes,Cyprinidae,Acrossocheilus paradoxus,2022,HUMAN_OBSERVATION
25.06321,121.50652,TW,Perciformes,Leiognathidae,Eubleekeria splendens,2015,OCCURRENCE
24.57,122.06,TW,Scorpaeniformes,Peristediidae,Peristedion nierstraszi,,OCCURRENCE
25.86,98.85,CN,Cypriniformes,Cyprinidae,Placocheilus cryptonemus,2012,PRESERVED_SPECIMEN
24.82588,120.97961,TW,Perciformes,Cichlidae,Coptodon zillii,2004,OCCURRENCE
24.66408,120.86699,TW,Perciformes,Terapontidae,Terapon jarbua,2015,OCCURRENCE
24.57194,120.9843,TW,Perciformes,Gobiidae,Rhinogobius candidianus,2015,OCCURRENCE
23.17152,120.26026,TW,Siluriformes,Siluridae,Silurus asotus,2004,OCCURRENCE
36.07437,118.43241,CN,Cypriniformes,Cyprinidae,Opsariichthys bidens,2026,HUMAN_OBSERVATION
23.838838,120.774247,TW,Cypriniformes,Cyprinidae,Candidia barbata,2026,HUMAN_OBSERVATION
21.954529,120.754975,TW,Perciformes,Lutjanidae,Paracaesio xanthura,2013,PRESERVED_SPECIMEN
23.79556,120.78102,TW,Perciformes,Gobiidae,Rhinogobius candidianus,2023,HUMAN_OBSERVATION
22.42764,114.181232,HK,Cypriniformes,Nemacheilidae,Schistura fasciolata,2018,HUMAN_OBSERVATION
23.09,120.48,TW,Cypriniformes,Balitoridae,Sinogastromyzon nantaiensis,2014,OCCURRENCE
21.947,120.766,TW,Beloniformes,Exocoetidae,,2013,MATERIAL_SAMPLE
24.46256,120.85323,TW,Cypriniformes,Cobitidae,Cobitis sinensis,2023,HUMAN_OBSERVATION
24.88456,121.28353,TW,Cypriniformes,Balitoridae,Formosania lacustre,2022,HUMAN_OBSERVATION
22.47,120.43,TW,Ophidiiformes,Ophidiidae,,2005,OCCURRENCE
22.460635,114.329983,HK,Perciformes,Gobiidae,Periophthalmus modestus,2023,HUMAN_OBSERVATION
25.289733,117.421621,CN,Perciformes,Cichlidae,Coptodon zillii,2023,HUMAN_OBSERVATION
24.722417,121.70672,TW,Cypriniformes,Cyprinidae,Paratanakia himantegus,2024,HUMAN_OBSERVATION
24.727795,121.688986,TW,Perciformes,Cichlidae,Coptodon zillii,2025,HUMAN_OBSERVATION
24.48,118.1,CN,Anguilliformes,Muraenesocidae,Muraenesox cinereus,2016,PRESERVED_SPECIMEN
22.96578,121.13103,TW,Cypriniformes,Cyprinidae,Onychostoma barbatulum,2003,OCCURRENCE
20.69195,116.7242,TW,Perciformes,Mullidae,Parupeneus spilurus,2005,HUMAN_OBSERVATION
22.258629,113.998559,HK,Perciformes,Gobiidae,Mugilogobius chulae,2024,HUMAN_OBSERVATION
21.54,111.97,CN,Perciformes,Apogonidae,Ostorhinchus semilineatus,2017,MATERIAL_SAMPLE
23.434963,120.489804,TW,Cypriniformes,Cyprinidae,Opsariichthys pachycephalus,2020,HUMAN_OBSERVATION
21.08,109.58,CN,Perciformes,Callionymidae,Callionymus curvicornis,2014,PRESERVED_SPECIMEN
24.91283,121.53721,TW,Cypriniformes,Cyprinidae,Zacco platypus,2023,HUMAN_OBSERVATION
18.23,109.45,CN,Pleuronectiformes,Paralichthyidae,Pseudorhombus arsius,2008,PRESERVED_SPECIMEN
39.90841,116.15039,CN,Cypriniformes,Cyprinidae,Hemiculter leucisculus,2019,PRESERVED_SPECIMEN
23.608732,120.399304,TW,Siluriformes,Loricariidae,,2023,HUMAN_OBSERVATION
38.073254,104.69114,CN,Cypriniformes,Cyprinidae,Neolissochilus benasi,,MATERIAL_SAMPLE
24.11051,120.69869,TW,Anguilliformes,Anguillidae,Anguilla marmorata,2021,HUMAN_OBSERVATION
24.17734,120.62732,TW,Perciformes,Gobiidae,Rhinogobius candidianus,2023,HUMAN_OBSERVATION
23.75903,120.65729,TW,Perciformes,Gobiidae,Rhinogobius candidianus,2023,HUMAN_OBSERVATION
24.244021,120.835296,TW,Cypriniformes,Cyprinidae,Carassius auratus,2025,HUMAN_OBSERVATION
23.554752,120.161862,TW,Cyprinodontiformes,Poeciliidae,Gambusia affinis,2021,HUMAN_OBSERVATION
24.722357,121.702663,TW,Perciformes,Cichlidae,Geophagus brasiliensis,2023,HUMAN_OBSERVATION
22.603,120.58306,TW,Perciformes,Gobiidae,Rhinogobius rubromaculatus,2023,HUMAN_OBSERVATION
24.55444,120.75389,TW,Cypriniformes,Cyprinidae,Opsariichthys pachycephalus,2010,HUMAN_OBSERVATION
23.832198,120.795231,TW,Cypriniformes,Cyprinidae,Opsariichthys pachycephalus,2025,HUMAN_OBSERVATION
22.373186,113.813889,HK,Perciformes,Gobiidae,Glossogobius aureus,2024,HUMAN_OBSERVATION
23.16,121.24,TW,Cypriniformes,Cyprinidae,Onychostoma alticorpus,2022,HUMAN_OBSERVATION
24.9569,122.019,TW,Scorpaeniformes,Parabembridae,Parabembras curtus,2010,MATERIAL_SAMPLE
23.08,120.5,TW,Cypriniformes,Cyprinidae,Opsariichthys pachycephalus,2014,OCCURRENCE
41.76083,123.391328,CN,Cypriniformes,Cyprinidae,Pseudogobio vaillanti,2025,HUMAN_OBSERVATION
23.49595,120.5164,TW,Perciformes,Gobiidae,Rhinogobius similis,2022,HUMAN_OBSERVATION
22.06806,120.71431,TW,Perciformes,Gobiidae,Glossogobius circumspectus,2022,HUMAN_OBSERVATION
23.2977,121.25955,TW,Cypriniformes,Cyprinidae,Aphyocypris kikuchii,2017,HUMAN_OBSERVATION
25.2,118.89,CN,Scorpaeniformes,Scorpaenidae,,2017,MATERIAL_SAMPLE
23.554752,120.161862,TW,Perciformes,Gobiidae,Pseudogobius javanicus,2020,HUMAN_OBSERVATION
22.63419,120.61,TW,Perciformes,Osphronemidae,Macropodus opercularis,2022,HUMAN_OBSERVATION
22.387952,114.200715,HK,Perciformes,Cichlidae,Oreochromis mossambicus,2019,HUMAN_OBSERVATION
24.948812,121.739229,TW,Cypriniformes,Cyprinidae,Microphysogobio brevirostris,2023,HUMAN_OBSERVATION
23.1346,120.0717,TW,Perciformes,Terapontidae,Helotes sexlineatus,2021,MATERIAL_SAMPLE
24.71,121.83,TW,Mugiliformes,Mugilidae,,2004,OCCURRENCE
22.44,120.47,TW,Perciformes,Ambassidae,Ambassis buruensis,2000,OCCURRENCE
24.6205,121.00623,TW,Perciformes,Gobiidae,Rhinogobius candidianus,2023,HUMAN_OBSERVATION
28.25,117.683333,CN,Cypriniformes,Cyprinidae,Squalidus argentatus,,PRESERVED_SPECIMEN
23.49721,120.30348,TW,Cyprinodontiformes,Poeciliidae,Poecilia reticulata,2023,HUMAN_OBSERVATION
22.748797,113.612151,CN,Perciformes,Gobiidae,Boleophthalmus pectinirostris,2022,HUMAN_OBSERVATION
24.35001,120.94197,TW,Perciformes,Gobiidae,Rhinogobius candidianus,2008,OCCURRENCE
24.3,120.8,TW,Cypriniformes,Cyprinidae,Opsariichthys pachycephalus,1977,OCCURRENCE
24.85541,121.567623,TW,Cypriniformes,Cyprinidae,Opsariichthys pachycephalus,2024,HUMAN_OBSERVATION
23.01918,120.28378,TW,Siluriformes,Loricariidae,Pterygoplichthys pardalis,2022,HUMAN_OBSERVATION
42.28779,100.62661,CN,Cypriniformes,Cyprinidae,Pimephales promelas,2008,PRESERVED_SPECIMEN
23.14,120.4,TW,Perciformes,Gobiidae,Rhinogobius maculafasciatus,2014,OCCURRENCE
39.113678,117.126943,CN,Perciformes,Channidae,Channa argus,2025,HUMAN_OBSERVATION
23.114808,120.098873,TW,Perciformes,Gerreidae,Gerres shima,2017,HUMAN_OBSERVATION
23.04103,121.17794,TW,Cypriniformes,Cyprinidae,Spinibarbus hollandi,2015,OCCURRENCE
25.48607,122.10271,TW,Perciformes,Tripterygiidae,,2025,HUMAN_OBSERVATION
22.125764,113.558482,MO,Perciformes,Cichlidae,Coptodon zillii,2025,HUMAN_OBSERVATION
24.4121,114.84728,CN,Cypriniformes,Cyprinidae,Carassius auratus,2023,PRESERVED_SPECIMEN
25.2,121.68,TW,Perciformes,Pomacentridae,,1968,PRESERVED_SPECIMEN
22.426834,114.10786,HK,Perciformes,Gobiidae,Rhinogobius duospilus,2013,HUMAN_OBSERVATION
23.198705,113.299173,CN,Perciformes,Osphronemidae,Macropodus opercularis,2017,HUMAN_OBSERVATION
24.24,99.08,CN,Cypriniformes,Cyprinidae,Tariqilabeo bicornis,2012,PRESERVED_SPECIMEN
23.131518,120.07303,TW,Perciformes,Sparidae,Acanthopagrus pacificus,2011,PRESERVED_SPECIMEN
37.507778,97.537499,CN,Cypriniformes,Cyprinidae,Pimephales promelas,1996,PRESERVED_SPECIMEN
24.08084,120.70946,TW,Cypriniformes,Cyprinidae,Carassius auratus,2022,HUMAN_OBSERVATION
23.435167,120.489972,TW,Cypriniformes,Cyprinidae,Microphysogobio alticorpus,2023,HUMAN_OBSERVATION
24.03595,114.20388,CN,Cypriniformes,Cyprinidae,Carassius auratus,2023,PRESERVED_SPECIMEN
25.207383,121.695489,TW,Anguilliformes,Muraenidae,,2016,HUMAN_OBSERVATION
24.94,121.9,TW,Aulopiformes,Synodontidae,,2005,MATERIAL_SAMPLE
22.13104,113.568006,MO,Cypriniformes,Cyprinidae,Cyprinus rubrofuscus,2026,HUMAN_OBSERVATION
39.593613,97.66333,CN,Siluriformes,Ictaluridae,Ictalurus punctatus,1995,PRESERVED_SPECIMEN
24.107992,120.615804,TW,Cypriniformes,Cyprinidae,Spinibarbus hollandi,2016,HUMAN_OBSERVATION
22.052393,120.611942,TW,Perciformes,Gobiidae,Sicyopus auxilimentus,2026,HUMAN_OBSERVATION
24.939393,121.909455,TW,Perciformes,Carangidae,Carangoides equula,2014,PRESERVED_SPECIMEN
23.05858,120.27669,TW,Siluriformes,Loricariidae,Pterygoplichthys pardalis,2022,HUMAN_OBSERVATION
22.54275,120.50319,TW,Perciformes,Cichlidae,Oreochromis niloticus,2022,HUMAN_OBSERVATION
21.33,111.98,CN,Perciformes,Lateolabracidae,Lateolabrax japonicus,2011,PRESERVED_SPECIMEN
23.45828,120.45775,TW,Anguilliformes,Anguillidae,Anguilla marmorata,2023,HUMAN_OBSERVATION
21.944304,120.785841,TW,Tetraodontiformes,Tetraodontidae,Arothron stellatus,2025,HUMAN_OBSERVATION
21.954529,120.754975,TW,Myctophiformes,Myctophidae,,2013,PRESERVED_SPECIMEN
23.124482,120.074022,TW,Perciformes,Gerreidae,Gerres macracanthus,2021,HUMAN_OBSERVATION
38.073254,104.69114,CN,Cypriniformes,Nemacheilidae,Triplophysa dalaica,,MATERIAL_SAMPLE
26.72722,110.30805,CN,Cypriniformes,Cobitidae,Cobitis sinensis,2002,PRESERVED_SPECIMEN
30.342418,119.603272,CN,Cypriniformes,Cyprinidae,,2023,HUMAN_OBSERVATION
30.302375,120.07657,CN,Perciformes,Channidae,Channa argus,2020,HUMAN_OBSERVATION
39.112458,117.219871,CN,Tetraodontiformes,Tetraodontidae,Takifugu ocellatus,1898,PRESERVED_SPECIMEN
22.640933,121.475212,TW,Perciformes,Acanthuridae,Acanthurus thompsoni,2026,HUMAN_OBSERVATION
24.71,121.83,TW,Perciformes,Gobiidae,Periophthalmus modestus,2004,OCCURRENCE
24.25,120.52,TW,Perciformes,Mullidae,Upeneus sulphureus,2005,OCCURRENCE
24.03377,120.84611,TW,Cypriniformes,Cyprinidae,Spinibarbus hollandi,2022,HUMAN_OBSERVATION
23.840608,120.8041,TW,Cypriniformes,Cyprinidae,Candidia barbata,2024,HUMAN_OBSERVATION
22.233963,113.953908,HK,Perciformes,Scatophagidae,Scatophagus argus,2021,HUMAN_OBSERVATION
37.490603,121.461732,CN,Pleuronectiformes,Pleuronectidae,Kareius bicoloratus,2025,HUMAN_OBSERVATION
23.72935,120.684337,TW,Perciformes,Gobiidae,Rhinogobius candidianus,2024,HUMAN_OBSERVATION
24.796,121.036,TW,Cypriniformes,Cyprinidae,Opsariichthys pachycephalus,2021,HUMAN_OBSERVATION
22.80442,120.21626,TW,Perciformes,Carangidae,Caranx sexfasciatus,2022,HUMAN_OBSERVATION
24.76,120.35,TW,Perciformes,Apogonidae,Ostorhinchus kiensis,,HUMAN_OBSERVATION
22.60303,120.58297,TW,Perciformes,Cichlidae,Oreochromis niloticus,2022,HUMAN_OBSERVATION
22.431948,114.245365,HK,Perciformes,Sparidae,Acanthopagrus latus,2026,HUMAN_OBSERVATION
22.243376,113.975349,HK,Siluriformes,Siluridae,Pterocryptis anomala,2018,HUMAN_OBSERVATION
23.50449,120.48187,TW,Cypriniformes,Cyprinidae,Opsariichthys pachycephalus,2022,HUMAN_OBSERVATION
25.032,121.455,TW,Perciformes,Cichlidae,Oreochromis mossambicus,2016,OCCURRENCE
23.114808,120.098873,TW,Perciformes,Scatophagidae,Scatophagus argus,2018,HUMAN_OBSERVATION
23.43186,120.46369,TW,Cypriniformes,Cyprinidae,Opsariichthys pachycephalus,2023,HUMAN_OBSERVATION
21.12,113.42,CN,Perciformes,Trichiuridae,Trichiurus lepturus,2011,PRESERVED_SPECIMEN
25.018779,121.99854,TW,Perciformes,Terapontidae,Terapon jarbua,2025,HUMAN_OBSERVATION
34.761069,113.663772,CN,Beloniformes,Adrianichthyidae,Oryzias sinensis,2023,HUMAN_OBSERVATION
24.67113,121.60627,TW,Perciformes,Gobiidae,Rhinogobius candidianus,2018,OCCURRENCE
24.70813,121.17003,TW,Cypriniformes,Cyprinidae,Opsariichthys pachycephalus,2005,OCCURRENCE
23.04,112.47,CN,Cypriniformes,Cyprinidae,Garra orientalis,2018,PRESERVED_SPECIMEN
22.97389,121.16511,TW,Perciformes,Cichlidae,Oreochromis niloticus,2022,HUMAN_OBSERVATION
30.17,118.38,CN,Cypriniformes,Cyprinidae,Acrossocheilus fasciatus,,PRESERVED_SPECIMEN
23.5931,120.8905,TW,Cypriniformes,Cyprinidae,Acrossocheilus paradoxus,2015,OCCURRENCE
23.63499,102.82699,CN,Cypriniformes,Balitoridae,Hemimyzon megalopseos,2025,HUMAN_OBSERVATION
22.420585,114.01489,HK,Cypriniformes,Cyprinidae,Zacco acutipinnis,2025,HUMAN_OBSERVATION
24.74,121.09,TW,Cypriniformes,Cyprinidae,Candidia barbata,2015,OCCURRENCE
22.360457,114.375978,HK,Perciformes,Pomacentridae,Abudefduf sordidus,2026,HUMAN_OBSERVATION
24.00944,120.63826,TW,Cypriniformes,Cyprinidae,Candidia barbata,2023,HUMAN_OBSERVATION
24.44561,120.900763,TW,Cypriniformes,Cyprinidae,Acrossocheilus paradoxus,2022,HUMAN_OBSERVATION
23.97,120.99,TW,Cypriniformes,Balitoridae,Sinogastromyzon puliensis,2020,HUMAN_OBSERVATION
23.064061,113.213988,CN,Cyprinodontiformes,Poeciliidae,Gambusia affinis,2026,HUMAN_OBSERVATION
22.97,121.17,TW,Cypriniformes,Cyprinidae,Onychostoma alticorpus,2022,HUMAN_OBSERVATION
25.091045,121.686964,TW,Perciformes,Cichlidae,Oreochromis mossambicus,2024,HUMAN_OBSERVATION
23.41458,120.50706,TW,Cypriniformes,Cyprinidae,Opsariichthys pachycephalus,2022,HUMAN_OBSERVATION
23.124482,120.074022,TW,Mugiliformes,Mugilidae,Planiliza subviridis,2016,HUMAN_OBSERVATION
27.74,98.66,CN,Cypriniformes,Nemacheilidae,Triplophysa stenura,2013,MATERIAL_SAMPLE
25.157,105.0014,CN,Cypriniformes,Nemacheilidae,,2024,MATERIAL_CITATION
23.48634,121.40422,TW,Perciformes,Cichlidae,Coptodon zillii,2022,HUMAN_OBSERVATION
21.67,118.26,TW,Myctophiformes,Myctophidae,,2005,OCCURRENCE
26.866667,118.116667,CN,Perciformes,Eleotridae,Eleotris balia,,PRESERVED_SPECIMEN
21.99,120.66,TW,Myctophiformes,Myctophidae,,2004,OCCURRENCE
22.41666,114.06667,HK,Cyprinodontiformes,Poeciliidae,Gambusia holbrooki,1999,PRESERVED_SPECIMEN
24.66863,121.11939,TW,Cypriniformes,Cyprinidae,Opsariichthys pachycephalus,2023,HUMAN_OBSERVATION
24.622886,120.754339,TW,Pleuronectiformes,Cynoglossidae,Paraplagusia bilineata,2014,PRESERVED_SPECIMEN
23.79362,120.78184,TW,Cypriniformes,Cyprinidae,Candidia barbata,2023,HUMAN_OBSERVATION
27,111.19972,CN,Cypriniformes,Cyprinidae,Sarcocheilichthys sinensis,2002,PRESERVED_SPECIMEN
25.41,121.58,TW,Perciformes,Kyphosidae,Microcanthus strigatus,,HUMAN_OBSERVATION
39.993889,97.93,CN,Cypriniformes,Cyprinidae,Notropis stramineus,1996,PRESERVED_SPECIMEN
22.62581,120.59697,TW,Cypriniformes,Cobitidae,Cobitis sinensis,2023,HUMAN_OBSERVATION
23.223348,120.087022,TW,Perciformes,Terapontidae,Terapon jarbua,2024,HUMAN_OBSERVATION
23.143842,120.076266,TW,Perciformes,Haemulidae,Pomadasys argenteus,2015,HUMAN_OBSERVATION
24.17137,120.83611,TW,Perciformes,Gobiidae,Rhinogobius candidianus,2023,HUMAN_OBSERVATION
25,121.92,TW,Cypriniformes,Cyprinidae,Opsariichthys evolans,2017,HUMAN_OBSERVATION
23.04223,121.1788,TW,Cypriniformes,Cyprinidae,Onychostoma alticorpus,2015,OCCURRENCE
24.1784,120.7378,TW,Cypriniformes,Cyprinidae,Opsariichthys pachycephalus,2021,HUMAN_OBSERVATION
23.62695,120.65784,TW,Cypriniformes,Cyprinidae,Spinibarbus hollandi,2023,HUMAN_OBSERVATION
25.0333,121.31769,TW,Cyprinodontiformes,Poeciliidae,Poecilia reticulata,2024,HUMAN_OBSERVATION
30.29,109.47,CN,Cypriniformes,Cobitidae,Misgurnus anguillicaudatus,2017,MATERIAL_SAMPLE
22.199828,113.55165,MO,Cypriniformes,Cyprinidae,Cyprinus rubrofuscus,2026,HUMAN_OBSERVATION
24.277,120.477,TW,Pleuronectiformes,Cynoglossidae,Cynoglossus bilineatus,2019,MATERIAL_SAMPLE
23.114808,120.098873,TW,Siluriformes,Ariidae,Arius maculatus,2020,HUMAN_OBSERVATION
24.00652,120.84519,TW,Siluriformes,Bagridae,Pseudobagrus brevianalis,2004,OCCURRENCE
23.05517,121.19978,TW,Cypriniformes,Cyprinidae,Acrossocheilus paradoxus,2022,HUMAN_OBSERVATION
23.06,121.2,TW,Cypriniformes,Cyprinidae,Onychostoma alticorpus,2022,HUMAN_OBSERVATION
23.17765,119.99243,TW,Aulopiformes,Synodontidae,Synodus myops,,OCCURRENCE
24.269583,119.938367,TW,Perciformes,Apogonidae,Ostorhinchus kiensis,2021,PRESERVED_SPECIMEN
22.355189,120.371464,TW,Perciformes,Chaetodontidae,,2014,HUMAN_OBSERVATION
23.6533,119.507,TW,Perciformes,Pseudochromidae,,1988,PRESERVED_SPECIMEN
24.727672,121.709939,TW,Perciformes,Cichlidae,Oreochromis niloticus,2022,HUMAN_OBSERVATION
24.07657,120.7254,TW,Cypriniformes,Cyprinidae,Opsariichthys pachycephalus,2022,HUMAN_OBSERVATION
24.80027,98.07083,CN,Cypriniformes,Cyprinidae,Devario apogon,1995,PRESERVED_SPECIMEN
24.87978,121.3806,TW,Cypriniformes,Cyprinidae,Acrossocheilus paradoxus,2022,HUMAN_OBSERVATION
25.119624,121.461862,TW,Perciformes,Gobiidae,Boleophthalmus pectinirostris,2026,HUMAN_OBSERVATION
25.016422,121.999228,TW,Perciformes,Pomacentridae,Abudefduf sordidus,2025,HUMAN_OBSERVATION
21.939048,120.88867,TW,Perciformes,Terapontidae,Mesopristes argenteus,2024,HUMAN_OBSERVATION
22.384246,114.107652,HK,Cypriniformes,Nemacheilidae,Oreonectes platycephalus,2022,HUMAN_OBSERVATION
24.70641,121.71678,TW,Cypriniformes,Cyprinidae,Opsariichthys pachycephalus,2022,HUMAN_OBSERVATION
29.97,113.68,CN,Synbranchiformes,Synbranchidae,Monopterus albus,2013,PRESERVED_SPECIMEN
52.02881,120.791,CN,Cypriniformes,Cyprinidae,Pseudorasbora parva,,MATERIAL_SAMPLE
23.69,113.06,CN,Cypriniformes,Cyprinidae,Culter recurviceps,2018,PRESERVED_SPECIMEN
22.216987,114.175598,CN,Mugiliformes,Mugilidae,Mugil cephalus,1931,PRESERVED_SPECIMEN
40.103456,116.204103,CN,Perciformes,Gobiidae,Rhinogobius similis,2004,HUMAN_OBSERVATION
23.07,120.51,TW,Siluriformes,Loricariidae,Pterygoplichthys pardalis,2014,OCCURRENCE
21.58,108.49,CN,Pleuronectiformes,Soleidae,Brachirus orientalis,,PRESERVED_SPECIMEN
22.364476,114.289906,HK,Tetraodontiformes,Tetraodontidae,Arothron stellatus,2024,HUMAN_OBSERVATION
23.429781,120.446372,TW,Cypriniformes,Cyprinidae,Culter alburnus,2020,HUMAN_OBSERVATION
23.7,120.85,TW,Cypriniformes,Balitoridae,Sinogastromyzon puliensis,2005,OCCURRENCE
25.091045,121.686964,TW,Perciformes,Gobiidae,Rhinogobius similis,2024,HUMAN_OBSERVATION
25.139228,121.802765,TW,Perciformes,Tripterygiidae,Enneapterygius etheostomus,2008,PRESERVED_SPECIMEN
41.03254,98.74066,CN,Cypriniformes,Cyprinidae,Pimephales promelas,2008,PRESERVED_SPECIMEN
38.073254,104.69114,CN,Syngnathiformes,Syngnathidae,Doryichthys boaja,,MATERIAL_SAMPLE
23.06859,120.36004,TW,Cypriniformes,Cyprinidae,Opsariichthys pachycephalus,2022,HUMAN_OBSERVATION
24.67579,120.94912,TW,Cypriniformes,Cyprinidae,Chanodichthys erythropterus,2005,OCCURRENCE
24.48,118.1,CN,Clupeiformes,Engraulidae,Thryssa kammalensis,,MATERIAL_SAMPLE
20.25,108.75,CN,Perciformes,Leiognathidae,,,MATERIAL_SAMPLE
24.02695,120.83351,TW,Cypriniformes,Cyprinidae,Acrossocheilus paradoxus,2004,OCCURRENCE
22.86858,120.49671,TW,Perciformes,Cichlidae,,2022,HUMAN_OBSERVATION
24.08129,120.66649,TW,Perciformes,Gobiidae,Rhinogobius similis,2023,HUMAN_OBSERVATION
40.27867,116.145934,CN,Cypriniformes,Cyprinidae,Leuciscus waleckii,2026,HUMAN_OBSERVATION
22.218355,120.805143,TW,Cypriniformes,Cyprinidae,Candidia barbata,2025,HUMAN_OBSERVATION
24.842195,121.931682,TW,Perciformes,Scombridae,,2014,PRESERVED_SPECIMEN
23.56,119.67,TW,Perciformes,Mullidae,Upeneus vittatus,,HUMAN_OBSERVATION
38.073254,104.69114,CN,Perciformes,Carangidae,Carangoides equula,,MATERIAL_SAMPLE
24.68553,121.74103,TW,Cypriniformes,Cyprinidae,Systomus rubripinnis,2022,HUMAN_OBSERVATION
24.729299,121.688565,TW,Cypriniformes,Cyprinidae,Acrossocheilus paradoxus,2024,HUMAN_OBSERVATION
23.156826,121.23773,TW,Cypriniformes,Cyprinidae,Carassius auratus,2022,HUMAN_OBSERVATION
22.52283,113.987435,CN,Perciformes,Gobiidae,Boleophthalmus pectinirostris,2025,HUMAN_OBSERVATION
23.05463,121.1992,TW,Cypriniformes,Cyprinidae,Acrossocheilus paradoxus,2023,HUMAN_OBSERVATION
23.45553,120.48869,TW,Cypriniformes,Cyprinidae,Opsariichthys pachycephalus,2023,HUMAN_OBSERVATION
23.48634,121.40422,TW,Cypriniformes,Cyprinidae,Opsariichthys pachycephalus,2022,HUMAN_OBSERVATION
22.381458,114.221145,HK,Perciformes,Gobiidae,Rhinogobius duospilus,2020,HUMAN_OBSERVATION
23.09042,120.58875,TW,Cypriniformes,Cyprinidae,Spinibarbus hollandi,2022,HUMAN_OBSERVATION
28.6814,115.97314,CN,Cypriniformes,Cyprinidae,Carassius auratus,2025,HUMAN_OBSERVATION
22.95969,120.52211,TW,Perciformes,Gobiidae,Rhinogobius maculafasciatus,2023,HUMAN_OBSERVATION
23.66236,121.4346,TW,Cypriniformes,Cyprinidae,Acrossocheilus paradoxus,2017,OCCURRENCE
24.58,121.86,TW,Aulopiformes,Chlorophthalmidae,,2004,OCCURRENCE
23.433018,120.517211,TW,Cypriniformes,Cyprinidae,Opsariichthys pachycephalus,2021,HUMAN_OBSERVATION
23.51,117.51,CN,Perciformes,Hapalogenyidae,Hapalogenys nigripinnis,2014,MATERIAL_SAMPLE
31.186912,121.30607,CN,Cypriniformes,Cyprinidae,Pseudorasbora parva,2025,HUMAN_OBSERVATION
25.0077,121.531,TW,Perciformes,Cichlidae,Oreochromis mossambicus,2016,OCCURRENCE
23.41508,120.5065,TW,Cypriniformes,Cyprinidae,Opsariichthys pachycephalus,2023,HUMAN_OBSERVATION
24.91,122.02,TW,Anguilliformes,Muraenesocidae,Muraenesox cinereus,2002,HUMAN_OBSERVATION
18.792117,108.808525,CN,Cypriniformes,Cyprinidae,Barbodes semifasciolatus,2026,HUMAN_OBSERVATION
24.144747,121.267505,TW,Salmoniformes,Salmonidae,Oncorhynchus formosanus,2023,HUMAN_OBSERVATION
23.206319,121.288639,TW,Cypriniformes,Cyprinidae,Candidia barbata,2022,HUMAN_OBSERVATION
22.118122,113.55092,CN,Perciformes,Terapontidae,Terapon jarbua,2024,HUMAN_OBSERVATION
23.554113,121.37902,TW,Perciformes,Gobiidae,Rhinogobius gigas,2021,HUMAN_OBSERVATION
23.401215,120.355356,TW,Cypriniformes,Cyprinidae,Carassius cuvieri,2020,HUMAN_OBSERVATION
24.72457,121.706955,TW,Perciformes,Gobiidae,Rhinogobius candidianus,2022,HUMAN_OBSERVATION
22.508781,114.116583,HK,Perciformes,Channidae,Channa striata,2024,HUMAN_OBSERVATION
23.81371,120.80881,TW,Cypriniformes,Cyprinidae,Opsariichthys pachycephalus,2006,OCCURRENCE
29.54942,103.76334,CN,Perciformes,Percichthyidae,Siniperca scherzeri,1908,PRESERVED_SPECIMEN
24.79,121.03,TW,Cypriniformes,Cyprinidae,Acrossocheilus paradoxus,2015,OCCURRENCE
29.937867,122.399484,CN,Perciformes,Hapalogenyidae,Hapalogenys nigripinnis,2024,HUMAN_OBSERVATION
22.6775,120.4975,TW,Perciformes,Chaetodontidae,,2010,HUMAN_OBSERVATION
38.073254,104.69114,CN,Cypriniformes,Nemacheilidae,Triplophysa bleekeri,,MATERIAL_SAMPLE
24.91283,121.53721,TW,Perciformes,Gobiidae,Rhinogobius similis,2022,HUMAN_OBSERVATION
22.01,120.74,TW,Perciformes,Lutjanidae,Lutjanus fulviflamma,1990,OCCURRENCE
24.79,121.03,TW,Cypriniformes,Cyprinidae,Pseudorasbora parva,2015,OCCURRENCE
22.330525,114.258659,HK,Cypriniformes,Nemacheilidae,Oreonectes platycephalus,2012,HUMAN_OBSERVATION
31.418128,120.068145,CN,Cypriniformes,Cyprinidae,Rhodeus sinensis,2019,HUMAN_OBSERVATION
25.21,121.69,TW,Perciformes,Blenniidae,,2001,LIVING_SPECIMEN
23.39714,120.41908,TW,Cyprinodontiformes,Poeciliidae,Poecilia reticulata,2023,HUMAN_OBSERVATION
23.554113,121.37902,TW,Perciformes,Gobiidae,Rhinogobius candidianus,2021,HUMAN_OBSERVATION
22.487343,120.499065,TW,Perciformes,Serranidae,Epinephelus coioides,2025,HUMAN_OBSERVATION
22.151931,113.560894,MO,Perciformes,Channidae,Channa striata,2026,HUMAN_OBSERVATION
22.93531,121.14974,TW,Cypriniformes,Cyprinidae,Acrossocheilus paradoxus,2003,OCCURRENCE
24.23647,120.73536,TW,Cypriniformes,Cyprinidae,Carassius auratus,2021,HUMAN_OBSERVATION
24.6,121.02,TW,Cypriniformes,Balitoridae,Hemimyzon formosanus,2005,OCCURRENCE
22.317214,114.121954,HK,Perciformes,Sparidae,Rhabdosargus sarba,2025,HUMAN_OBSERVATION
25.074626,121.623224,TW,Siluriformes,Loricariidae,,2025,HUMAN_OBSERVATION
23.51851,120.59372,TW,Cypriniformes,Cyprinidae,Opsariichthys pachycephalus,2023,HUMAN_OBSERVATION
22.559637,114.530216,CN,Perciformes,Sparidae,Acanthopagrus latus,2026,HUMAN_OBSERVATION
24.626,120.902,TW,Cypriniformes,Cyprinidae,Onychostoma barbatulum,2006,OCCURRENCE
23.04131,121.17814,TW,Cypriniformes,Cyprinidae,Onychostoma alticorpus,2015,OCCURRENCE
24.7154,121.14084,TW,Cypriniformes,Cyprinidae,Spinibarbus hollandi,2023,HUMAN_OBSERVATION
39.46746,112.8213,CN,Cypriniformes,Nemacheilidae,Lefua costata,2019,PRESERVED_SPECIMEN
22.453244,114.367979,HK,Perciformes,Lutjanidae,Lutjanus argentimaculatus,2023,HUMAN_OBSERVATION
22.716667,108.05,CN,Cypriniformes,Cyprinidae,Procypris mera,,PRESERVED_SPECIMEN
38.073254,104.69114,CN,Cypriniformes,Cobitidae,Misgurnus mohoity,,MATERIAL_SAMPLE
25.27277,110.29888,CN,Cypriniformes,Cyprinidae,Barbodes semifasciolatus,2003,PRESERVED_SPECIMEN
23.558428,120.164958,TW,Cyprinodontiformes,Poeciliidae,Gambusia affinis,2024,HUMAN_OBSERVATION
23.37,120.13,TW,Mugiliformes,Mugilidae,Planiliza affinis,2009,OCCURRENCE
31.527497,117.410897,CN,Cypriniformes,Cyprinidae,Rhodeus sinensis,2023,HUMAN_OBSERVATION
23.39711,120.41897,TW,Cyprinodontiformes,Poeciliidae,Poecilia reticulata,2023,HUMAN_OBSERVATION
29.97,113.68,CN,Synbranchiformes,Mastacembelidae,Macrognathus aculeatus,2013,PRESERVED_SPECIMEN
27.670913,117.95772,CN,Perciformes,Osphronemidae,Macropodus opercularis,2023,HUMAN_OBSERVATION
22.216667,114.15,HK,Perciformes,Lutjanidae,Lutjanus vitta,1957,PRESERVED_SPECIMEN
24.1579,120.3837,TW,Perciformes,Sciaenidae,Johnius belangerii,2009,HUMAN_OBSERVATION
19.22543,109.45167,CN,Siluriformes,Bagridae,Hemibagrus hainanensis,2026,HUMAN_OBSERVATION
23.72653,120.6234,TW,Perciformes,Gobiidae,Rhinogobius rubromaculatus,2023,HUMAN_OBSERVATION
23.45808,120.45783,TW,Cypriniformes,Cyprinidae,Opsariichthys pachycephalus,2022,HUMAN_OBSERVATION
22.8643,120.36461,TW,Perciformes,Cichlidae,Oreochromis niloticus,2022,HUMAN_OBSERVATION
23.431722,120.463611,TW,Perciformes,Cichlidae,Oreochromis niloticus,2023,HUMAN_OBSERVATION
22.48,120.42,TW,Perciformes,Gobiidae,Rhinogobius maculafasciatus,1994,OCCURRENCE
25.135787,121.80357,TW,Perciformes,Blenniidae,Istiblennius dussumieri,2026,HUMAN_OBSERVATION
23.6945,120.086033,TW,Perciformes,Coryphaenidae,Coryphaena hippurus,2022,PRESERVED_SPECIMEN
23.90996,120.81096,TW,Perciformes,Gobiidae,Rhinogobius candidianus,2005,OCCURRENCE
23.08,120.5,TW,Siluriformes,Loricariidae,Pterygoplichthys pardalis,2014,OCCURRENCE
24.00965,120.69539,TW,Cypriniformes,Cyprinidae,Spinibarbus hollandi,2023,HUMAN_OBSERVATION
24.67,122.18,TW,Stomiiformes,Sternoptychidae,,,OCCURRENCE
23.455583,120.488639,TW,Perciformes,Gobiidae,Rhinogobius candidianus,2023,HUMAN_OBSERVATION
22.56406,120.53922,TW,Cypriniformes,Cyprinidae,Acrossocheilus paradoxus,2022,HUMAN_OBSERVATION
23.39869,120.51133,TW,Cypriniformes,Cyprinidae,Opsariichthys pachycephalus,2023,HUMAN_OBSERVATION
24.97,98.87,CN,Cypriniformes,Cyprinidae,Rhodeus ocellatus,2012,PRESERVED_SPECIMEN
41.83672,98.16334,CN,Perciformes,Percidae,Etheostoma exile,2008,PRESERVED_SPECIMEN
21.018,109.135,CN,Perciformes,Pseudochromidae,Congrogadus subducens,2023,MATERIAL_SAMPLE
24.49,120.8,TW,Cypriniformes,Balitoridae,Hemimyzon formosanus,2022,HUMAN_OBSERVATION
24.730183,121.69625,TW,Cypriniformes,Cyprinidae,Acrossocheilus paradoxus,2025,HUMAN_OBSERVATION
24.722405,121.706695,TW,Cypriniformes,Cyprinidae,Paratanakia himantegus,2024,HUMAN_OBSERVATION
22.08239,120.73978,TW,Perciformes,Cichlidae,Oreochromis niloticus,2023,HUMAN_OBSERVATION
22.71,120.65,TW,Perciformes,Gobiidae,Rhinogobius nantaiensis,2022,HUMAN_OBSERVATION
25.02086,121.95672,TW,Perciformes,Eleotridae,Eleotris acanthopoma,2010,HUMAN_OBSERVATION
22.531599,114.491171,CN,Perciformes,Pomacentridae,Abudefduf sordidus,2026,HUMAN_OBSERVATION
25.113643,121.91983,TW,Perciformes,Apogonidae,Ostorhinchus fleurieu,2024,HUMAN_OBSERVATION
24.59,121.87,TW,Perciformes,Carangidae,,2005,OCCURRENCE
22.89,120.08,TW,Pleuronectiformes,Cynoglossidae,Cynoglossus arel,,HUMAN_OBSERVATION
23.09733,121.22433,TW,Perciformes,Cichlidae,Oreochromis niloticus,2009,HUMAN_OBSERVATION
23.1,121.25,TW,Perciformes,Pomacentridae,Plectroglyphidodon lacrymatus,2009,PRESERVED_SPECIMEN
24.44,121.81,TW,Perciformes,Eleotridae,Eleotris acanthopoma,1998,OCCURRENCE
23.45603,120.48742,TW,Cypriniformes,Cyprinidae,Opsariichthys pachycephalus,2022,HUMAN_OBSERVATION
25.0218,121.897095,TW,Cypriniformes,Cyprinidae,Opsariichthys evolans,2023,HUMAN_OBSERVATION
22.65,120.4,TW,Clupeiformes,Engraulidae,Thryssa dussumieri,2018,PRESERVED_SPECIMEN
24.04685,120.167417,TW,Perciformes,Sillaginidae,Sillago sihama,2016,PRESERVED_SPECIMEN
22.361262,114.375862,HK,Perciformes,Kyphosidae,Microcanthus strigatus,2025,HUMAN_OBSERVATION
32.38,111.67,CN,Cypriniformes,Cobitidae,Misgurnus anguillicaudatus,2017,MATERIAL_SAMPLE
23.52317,120.54563,TW,Cypriniformes,Cyprinidae,Acrossocheilus paradoxus,2023,HUMAN_OBSERVATION
24.417,118.133,CN,Clupeiformes,Engraulidae,Setipinna tenuifilis,,PRESERVED_SPECIMEN
24.66045,121.57057,TW,Perciformes,Gobiidae,Rhinogobius candidianus,2018,OCCURRENCE
24.6,121.81,TW,Perciformes,Gobiidae,Awaous ocellaris,2019,HUMAN_OBSERVATION
24.16929,120.70547,TW,Perciformes,Cichlidae,Coptodon zillii,2023,HUMAN_OBSERVATION
23.5225,120.5456,TW,Cypriniformes,Cyprinidae,Candidia barbata,2023,HUMAN_OBSERVATION
23.131518,120.07303,TW,Mugiliformes,Mugilidae,Osteomugil cunnesius,2011,PRESERVED_SPECIMEN
23.55607,120.164089,TW,Perciformes,Gobiidae,Acentrogobius viganensis,2022,HUMAN_OBSERVATION
24.71,121.83,TW,Perciformes,Gobiidae,Rhinogobius maculafasciatus,2004,OCCURRENCE
24.786694,121.7527,TW,Cypriniformes,Cyprinidae,Systomus rubripinnis,2026,HUMAN_OBSERVATION
23.93288,121.53122,TW,Cypriniformes,Cyprinidae,Opsariichthys pachycephalus,2022,HUMAN_OBSERVATION
24.710624,121.705842,TW,Cypriniformes,Cyprinidae,Barbodes semifasciolatus,2018,HUMAN_OBSERVATION
25.07867,121.69379,TW,Perciformes,Cichlidae,Vieja melanura,2022,HUMAN_OBSERVATION
23.550776,119.600146,TW,Perciformes,Gobiidae,Periophthalmus argentilineatus,2026,HUMAN_OBSERVATION
23.07,111.84,CN,Beloniformes,Hemiramphidae,Hyporhamphus intermedius,2017,PRESERVED_SPECIMEN
22.514554,113.954819,CN,Perciformes,Gobiidae,Boleophthalmus pectinirostris,2025,HUMAN_OBSERVATION
22.99682,120.14046,TW,Siluriformes,Ariidae,Arius maculatus,2012,OCCURRENCE
23.07,120.51,TW,Cypriniformes,Cyprinidae,Opsariichthys pachycephalus,2014,OCCURRENCE
40.31,98.21,CN,Cypriniformes,Cyprinidae,Cyprinella lutrensis,2007,PRESERVED_SPECIMEN
34.1,113.42,CN,Cypriniformes,Cyprinidae,Cyprinus carpio,2018,MATERIAL_SAMPLE
24.729637,121.688583,TW,Cyprinodontiformes,Poeciliidae,Xiphophorus hellerii,2020,HUMAN_OBSERVATION
24.17797,120.73827,TW,Perciformes,Cichlidae,Oreochromis niloticus,2022,HUMAN_OBSERVATION
23.71753,121.54722,TW,Perciformes,Gobiidae,Sicyopterus japonicus,2010,HUMAN_OBSERVATION
24.23558,120.73916,TW,Cypriniformes,Cyprinidae,Opsariichthys pachycephalus,2022,HUMAN_OBSERVATION
40.84364,96.04535,CN,Cypriniformes,Cyprinidae,Macrhybopsis storeriana,2009,PRESERVED_SPECIMEN
24.10977,120.69738,TW,Cypriniformes,Cyprinidae,Acrossocheilus paradoxus,2005,OCCURRENCE
24.52,120.93,TW,Cypriniformes,Cyprinidae,Rhodeus ocellatus,2005,MATERIAL_SAMPLE
36.180278,120.480831,CN,Cypriniformes,Cyprinidae,Carassius auratus,2025,HUMAN_OBSERVATION
23.27,121.28,TW,Cypriniformes,Cyprinidae,Barbodes snyderi,2022,HUMAN_OBSERVATION
27.75843,124.91798,TW,Carcharhiniformes,Sphyrnidae,Sphyrna lewini,2026,HUMAN_OBSERVATION
23.45086,120.55133,TW,Perciformes,Gobiidae,Rhinogobius candidianus,2022,HUMAN_OBSERVATION
40.380312,116.628407,CN,Cypriniformes,Cobitidae,Paramisgurnus dabryanus,2023,HUMAN_OBSERVATION
24.84782,121.10937,TW,Perciformes,Cichlidae,Oreochromis niloticus,2013,OCCURRENCE
25.16,121.76,TW,Perciformes,Serranidae,Cromileptes altivelis,1957,OBSERVATION
25.18,121.93,TW,Perciformes,Trichiuridae,Trichiurus lepturus,,HUMAN_OBSERVATION
25.0333,121.31769,TW,Cypriniformes,Cyprinidae,Candidia barbata,2024,HUMAN_OBSERVATION
23.2,113.266667,CN,Perciformes,Gobiidae,Boleophthalmus pectinirostris,,PRESERVED_SPECIMEN
23.2977,121.25955,TW,Cypriniformes,Cyprinidae,Aphyocypris kikuchii,2017,HUMAN_OBSERVATION
24.845,120.937,TW,Mugiliformes,Mugilidae,Planiliza macrolepis,2021,HUMAN_OBSERVATION
24.6179,120.6221,TW,Perciformes,Sciaenidae,Johnius belangerii,2019,HUMAN_OBSERVATION
22.512718,114.114896,HK,Perciformes,Cichlidae,Oreochromis niloticus,2019,HUMAN_OBSERVATION
24.72193,121.10611,TW,Cypriniformes,Cobitidae,Cobitis sinensis,2004,OCCURRENCE
22.466667,120.45,TW,Anguilliformes,Synaphobranchidae,,2013,PRESERVED_SPECIMEN
23.32295,121.33196,TW,Cypriniformes,Cyprinidae,Opsariichthys pachycephalus,2022,HUMAN_OBSERVATION
24.79,121.97,TW,Anguilliformes,Congridae,Conger cinereus,,HUMAN_OBSERVATION
25.0685,121.653,TW,Perciformes,Channidae,Channa striata,2016,OCCURRENCE
26.15,119.45,CN,Clupeiformes,Engraulidae,Coilia nasus,,PRESERVED_SPECIMEN
22.983163,120.166748,TW,Perciformes,Gobiidae,Scartelaos histophorus,1903,PRESERVED_SPECIMEN
23.1342,121.396912,TW,Perciformes,Kuhliidae,Kuhlia marginata,2025,HUMAN_OBSERVATION
25.075717,121.5439,TW,Siluriformes,Clariidae,Clarias gariepinus,2021,HUMAN_OBSERVATION
22.114826,113.550201,CN,Beloniformes,Zenarchopteridae,Zenarchopterus buffonis,2026,HUMAN_OBSERVATION
22.908909,112.886131,CN,Cypriniformes,Cyprinidae,Cyprinus rubrofuscus,2024,HUMAN_OBSERVATION
39.96863,115.6919,CN,Cypriniformes,Nemacheilidae,Barbatula nuda,2019,PRESERVED_SPECIMEN
24.18935,119.972267,TW,Mugiliformes,Mugilidae,Planiliza affinis,2021,PRESERVED_SPECIMEN
25.091045,121.686964,TW,Cyprinodontiformes,Poeciliidae,Gambusia affinis,2024,HUMAN_OBSERVATION
23.41114,120.54792,TW,Cypriniformes,Cyprinidae,Opsariichthys pachycephalus,2022,HUMAN_OBSERVATION
24.2942,120.9113,TW,Perciformes,Gobiidae,Rhinogobius candidianus,2023,HUMAN_OBSERVATION
22.470709,114.005852,HK,Perciformes,Gobiidae,Rhinogobius similis,2024,HUMAN_OBSERVATION
26.626932,119.457158,CN,Cypriniformes,Cobitidae,Misgurnus anguillicaudatus,2023,HUMAN_OBSERVATION
21.38,112.22,CN,Perciformes,Sillaginidae,,2021,MATERIAL_SAMPLE
34.599998,105.699997,CN,Perciformes,Cichlidae,,,MATERIAL_CITATION
23.4,110.06,CN,Cypriniformes,Cyprinidae,Pseudorasbora parva,2018,PRESERVED_SPECIMEN
23.45733,120.45731,TW,Perciformes,Cichlidae,Oreochromis niloticus,2023,HUMAN_OBSERVATION
24.42661,120.8612,TW,Cypriniformes,Cyprinidae,Acrossocheilus paradoxus,2022,HUMAN_OBSERVATION
23.453056,120.138278,TW,Perciformes,Leiognathidae,Gazza minuta,2008,PRESERVED_SPECIMEN
22.14107,113.556861,MO,Perciformes,Gobiidae,Glossogobius olivaceus,2025,HUMAN_OBSERVATION
21.035,109.148,CN,Perciformes,Siganidae,Siganus canaliculatus,2023,MATERIAL_SAMPLE
25.018914,121.998934,TW,Perciformes,Blenniidae,Istiblennius dussumieri,2021,HUMAN_OBSERVATION
23.218773,120.15758,TW,Cyprinodontiformes,Poeciliidae,Gambusia affinis,2026,HUMAN_OBSERVATION
23.7725,120.8586,TW,Siluriformes,Bagridae,Pseudobagrus brevianalis,2015,OCCURRENCE
36.31667,120,CN,Siluriformes,Bagridae,Tachysurus fulvidraco,1904,PRESERVED_SPECIMEN
23.253228,120.287043,TW,Perciformes,Cichlidae,Oreochromis niloticus,2025,HUMAN_OBSERVATION
39.859991,116.37141,CN,Cypriniformes,Cyprinidae,Pseudorasbora parva,2025,HUMAN_OBSERVATION
23.09,120.48,TW,Perciformes,Gobiidae,Rhinogobius maculafasciatus,2014,OCCURRENCE
23.4325,120.54744,TW,Cypriniformes,Cyprinidae,Acrossocheilus paradoxus,2023,HUMAN_OBSERVATION
22.90637,121.151,TW,Cypriniformes,Cyprinidae,Acrossocheilus paradoxus,2015,OCCURRENCE
23.143842,120.076266,TW,Perciformes,Carangidae,Trachinotus blochii,2017,HUMAN_OBSERVATION
24.46,120.85,TW,Cypriniformes,Balitoridae,Formosania lacustre,2023,HUMAN_OBSERVATION
22.216987,114.175598,HK,Perciformes,Labridae,,1930,PRESERVED_SPECIMEN
24.11051,120.6987,TW,Perciformes,Cichlidae,Oreochromis niloticus,2022,HUMAN_OBSERVATION
22.90362,120.56807,TW,Perciformes,Cichlidae,,2023,HUMAN_OBSERVATION
21.934517,120.797948,TW,Tetraodontiformes,Tetraodontidae,Arothron stellatus,2023,HUMAN_OBSERVATION
24.23558,120.73916,TW,Cypriniformes,Cyprinidae,Opsariichthys pachycephalus,2022,HUMAN_OBSERVATION
24.9,118.89,CN,Perciformes,Scatophagidae,Scatophagus argus,2017,MATERIAL_SAMPLE
24.980717,121.898204,TW,Perciformes,Gobiidae,Rhinogobius formosanus,2026,HUMAN_OBSERVATION
24.02953,120.84157,TW,Perciformes,Channidae,Channa maculata,2022,HUMAN_OBSERVATION
22.83762,121.13528,TW,Cypriniformes,Cyprinidae,Acrossocheilus paradoxus,2015,OCCURRENCE
38.073254,104.69114,CN,Syngnathiformes,Syngnathidae,,,MATERIAL_SAMPLE
24.725497,121.70845,TW,Cypriniformes,Cyprinidae,Systomus rubripinnis,2022,HUMAN_OBSERVATION
23.48452,120.55383,TW,Perciformes,Gobiidae,Rhinogobius candidianus,2023,HUMAN_OBSERVATION
24.645615,121.125289,TW,Perciformes,Gobiidae,Rhinogobius candidianus,2021,HUMAN_OBSERVATION
22.355211,114.245936,HK,Cypriniformes,Cyprinidae,Cyprinus carpio,2018,HUMAN_OBSERVATION
25.148007,121.386905,TW,Perciformes,Leiognathidae,Leiognathus equulus,2022,HUMAN_OBSERVATION
22.951141,121.253872,TW,Perciformes,Gobiidae,Sicyopterus lagocephalus,2025,HUMAN_OBSERVATION
24.720319,121.722887,TW,Cypriniformes,Cyprinidae,Acrossocheilus paradoxus,2026,HUMAN_OBSERVATION
23.08,120.51,TW,Cypriniformes,Cyprinidae,Opsariichthys pachycephalus,2014,OCCURRENCE
22.355189,120.371464,TW,Perciformes,Chaetodontidae,,2015,HUMAN_OBSERVATION
23.45,120.55,TW,Cypriniformes,Cyprinidae,Onychostoma alticorpus,2022,HUMAN_OBSERVATION
23.2,113.266667,CN,Cypriniformes,Cyprinidae,Acrossocheilus parallens,,PRESERVED_SPECIMEN
24.82287,120.99868,TW,Perciformes,Gobiidae,Sicyopterus japonicus,2023,HUMAN_OBSERVATION
25.48607,122.10271,TW,Perciformes,Acanthuridae,Zebrasoma veliferum,2025,HUMAN_OBSERVATION
24.63,121.83,TW,Perciformes,Cichlidae,,2019,HUMAN_OBSERVATION
40.006363,116.389992,CN,Cypriniformes,Cobitidae,Misgurnus anguillicaudatus,2024,HUMAN_OBSERVATION
25.18,121.93,TW,Scorpaeniformes,Parabembridae,Parabembras curtus,2000,HUMAN_OBSERVATION
23.513631,120.360368,TW,Cypriniformes,Cyprinidae,Barbonymus gonionotus,2023,HUMAN_OBSERVATION
49.36625,117.70436,CN,Cypriniformes,Cyprinidae,Pseudorasbora parva,,MATERIAL_SAMPLE
24.642504,121.514149,TW,Perciformes,Gobiidae,Lentipes bunagaya,2024,HUMAN_OBSERVATION
23.43136,120.46353,TW,Cypriniformes,Cyprinidae,Opsariichthys pachycephalus,2023,HUMAN_OBSERVATION
23.08,120.48,TW,Cypriniformes,Cyprinidae,Hypsibarbus pierrei,2014,OCCURRENCE
23.00095,121.16855,TW,Cypriniformes,Cyprinidae,Opsariichthys pachycephalus,2015,OCCURRENCE
24.11051,120.69869,TW,Perciformes,Cichlidae,Oreochromis niloticus,2022,HUMAN_OBSERVATION
23.1346,120.0717,TW,Perciformes,Lethrinidae,Lethrinus harak,2022,MATERIAL_SAMPLE
23.32867,120.25261,TW,Cypriniformes,Cyprinidae,Barbonymus gonionotus,2023,HUMAN_OBSERVATION
22.362545,120.59178,TW,Siluriformes,Plotosidae,Plotosus lineatus,2026,HUMAN_OBSERVATION
23.45553,120.48869,TW,Cypriniformes,Cyprinidae,Opsariichthys pachycephalus,2023,HUMAN_OBSERVATION
24.622886,120.754339,TW,Perciformes,Sillaginidae,,2014,PRESERVED_SPECIMEN
24.03,120.84,TW,Cypriniformes,Balitoridae,Sinogastromyzon puliensis,2004,OCCURRENCE
23.50545,121.386489,TW,Perciformes,Gobiidae,Rhinogobius candidianus,2021,HUMAN_OBSERVATION
24.895623,121.740953,TW,Cypriniformes,Cyprinidae,Candidia barbata,2025,HUMAN_OBSERVATION
24.71,121.14,TW,Cypriniformes,Balitoridae,Formosania lacustre,2005,OCCURRENCE
26.91,98.87,CN,Cypriniformes,Cyprinidae,Schizopyge nukiangensis,2012,PRESERVED_SPECIMEN
25.046202,121.073798,TW,Mugiliformes,Mugilidae,Mugil cephalus,2025,HUMAN_OBSERVATION
23.63035,120.04233,TW,Perciformes,Gobiidae,,2020,MATERIAL_SAMPLE
24.639083,120.21985,TW,Anguilliformes,Muraenidae,Gymnothorax dorsalis,2021,PRESERVED_SPECIMEN
30.244207,120.146826,CN,Cypriniformes,Cyprinidae,Acheilognathus rhombeus,2025,HUMAN_OBSERVATION
23.05463,121.1992,TW,Cypriniformes,Cyprinidae,Opsariichthys pachycephalus,2023,HUMAN_OBSERVATION
23.396889,120.419028,TW,Cyprinodontiformes,Poeciliidae,Poecilia reticulata,2023,HUMAN_OBSERVATION
23.252937,119.674992,TW,Tetraodontiformes,Ostraciidae,Ostracion cubicus,2026,HUMAN_OBSERVATION
24.017532,120.843938,TW,Cypriniformes,Cyprinidae,Acrossocheilus paradoxus,2021,HUMAN_OBSERVATION
25.27524,121.55079,TW,Cypriniformes,Cyprinidae,Candidia barbata,2010,HUMAN_OBSERVATION
22.395774,114.150821,HK,Cypriniformes,Balitoridae,Pseudogastromyzon myersi,2020,HUMAN_OBSERVATION
23.43281,120.54744,TW,Cypriniformes,Cyprinidae,Candidia barbata,2022,HUMAN_OBSERVATION
23.19548,121.279531,TW,Cypriniformes,Cyprinidae,Opsariichthys pachycephalus,2022,HUMAN_OBSERVATION
24.19,120.49,TW,Cypriniformes,Balitoridae,Sinogastromyzon puliensis,2020,HUMAN_OBSERVATION
22.46,120.48,TW,Perciformes,Ambassidae,,2000,OCCURRENCE
23.722855,113.812274,CN,Cypriniformes,Cyprinidae,Acrossocheilus parallens,2026,HUMAN_OBSERVATION
23.39,117.45,CN,Siluriformes,Ariidae,Netuma thalassina,2011,PRESERVED_SPECIMEN
24.171502,120.725538,TW,Perciformes,Cichlidae,Parachromis managuensis,2024,HUMAN_OBSERVATION
24.727013,121.722561,TW,Cyprinodontiformes,Poeciliidae,Gambusia affinis,2024,HUMAN_OBSERVATION
22.366667,113.908333,CN,Pleuronectiformes,Soleidae,Zebrias zebra,1958,PRESERVED_SPECIMEN
24.19678,120.50412,TW,Siluriformes,Ariidae,Arius maculatus,2004,OCCURRENCE
23.49403,120.54678,TW,Cypriniformes,Cyprinidae,Candidia barbata,2023,HUMAN_OBSERVATION
24.64515,120.9583,TW,Perciformes,Gobiidae,Rhinogobius candidianus,2023,HUMAN_OBSERVATION
39.886112,98.021942,CN,Perciformes,Centrarchidae,Lepomis cyanellus,1996,PRESERVED_SPECIMEN
23.12344,120.45249,TW,Siluriformes,Loricariidae,,2022,HUMAN_OBSERVATION
19.222,109.45,CN,Cypriniformes,Cyprinidae,,2019,MATERIAL_SAMPLE
23.05,121.23,TW,Anguilliformes,Muraenidae,Gymnothorax fimbriatus,1993,OBSERVATION
23.05517,121.19978,TW,Cypriniformes,Cyprinidae,Opsariichthys pachycephalus,2022,HUMAN_OBSERVATION
38.073254,104.69114,CN,Perciformes,Sciaenidae,,,MATERIAL_SAMPLE
22.527381,114.011417,HK,Cypriniformes,Nemacheilidae,Schistura fasciolata,2024,HUMAN_OBSERVATION
24.15905,120.74417,TW,Cypriniformes,Cyprinidae,Opsariichthys pachycephalus,2021,HUMAN_OBSERVATION
39.918626,116.297636,CN,Cypriniformes,Cyprinidae,Carassius auratus,2025,HUMAN_OBSERVATION
23.97,120.99,TW,Cypriniformes,Balitoridae,Sinogastromyzon puliensis,2020,HUMAN_OBSERVATION
23.471361,120.458028,TW,Mugiliformes,Mugilidae,Planiliza affinis,2008,PRESERVED_SPECIMEN
38.349445,98.773613,CN,Cypriniformes,Cyprinidae,Campostoma anomalum,1996,PRESERVED_SPECIMEN
23.63,120.66,TW,Cypriniformes,Cyprinidae,Onychostoma alticorpus,2023,HUMAN_OBSERVATION
40.002287,116.320506,CN,Cypriniformes,Cyprinidae,Hemiculter leucisculus,2022,HUMAN_OBSERVATION
24.72122,121.714508,TW,Cypriniformes,Cyprinidae,Cyprinus rubrofuscus,2020,HUMAN_OBSERVATION
23.92008,121.57815,TW,Perciformes,Gobiidae,Rhinogobius gigas,2022,HUMAN_OBSERVATION
23.11,120.2,TW,Mugiliformes,Mugilidae,Planiliza subviridis,2015,OCCURRENCE
25.48703,122.103677,TW,Perciformes,Tripterygiidae,,2025,HUMAN_OBSERVATION
22.27067,113.884025,HK,Perciformes,Gobiidae,Periophthalmus modestus,2023,HUMAN_OBSERVATION
22.89,121.09,TW,Cypriniformes,Cyprinidae,Onychostoma alticorpus,2023,HUMAN_OBSERVATION
24.97,98.87,CN,Cypriniformes,Cyprinidae,Schizopyge nukiangensis,2012,PRESERVED_SPECIMEN
24.719723,121.718613,TW,Cypriniformes,Cyprinidae,Systomus rubripinnis,2018,HUMAN_OBSERVATION
23.16482,120.59203,TW,Cypriniformes,Cyprinidae,Microphysogobio alticorpus,2005,OCCURRENCE
22.48,120.46,TW,Perciformes,Cepolidae,Sphenanthias tosaensis,1986,OCCURRENCE
23.2977,121.25955,TW,Cypriniformes,Cyprinidae,Aphyocypris kikuchii,2018,HUMAN_OBSERVATION
24.26062,120.8193,TW,Cyprinodontiformes,Poeciliidae,Gambusia affinis,2023,HUMAN_OBSERVATION
40.57215,113.25981,CN,Cypriniformes,Cyprinidae,Rhynchocypris lagowskii,2019,PRESERVED_SPECIMEN
24.933308,121.69672,TW,Perciformes,Cichlidae,Coptodon zillii,2023,HUMAN_OBSERVATION
38.073254,104.69114,CN,Cypriniformes,Cobitidae,Misgurnus mohoity,,MATERIAL_SAMPLE
24.796,121.036,TW,Cypriniformes,Cyprinidae,Acrossocheilus paradoxus,2021,HUMAN_OBSERVATION
24.97,98.87,CN,Cypriniformes,Cyprinidae,Tariqilabeo bicornis,2012,PRESERVED_SPECIMEN
24.00051,121.07985,TW,Perciformes,Gobiidae,Rhinogobius candidianus,2004,OCCURRENCE
25.2658,99.3003,CN,Stomiiformes,Gonostomatidae,,,MATERIAL_SAMPLE
25.18,99.19,CN,Cypriniformes,Cyprinidae,Schizothorax yunnanensis,2013,PRESERVED_SPECIMEN
20.045,111.484,CN,Clupeiformes,Clupeidae,,2007,MATERIAL_SAMPLE
39.458611,98.110001,CN,Perciformes,Moronidae,Morone chrysops,1996,PRESERVED_SPECIMEN
24.603542,121.814185,TW,Perciformes,Gobiidae,Sicyopterus japonicus,2023,HUMAN_OBSERVATION
23.114808,120.098873,TW,Perciformes,Gobiidae,Boleophthalmus pectinirostris,2019,HUMAN_OBSERVATION
22.58,120.29,TW,Perciformes,Lutjanidae,Lutjanus russellii,1986,OCCURRENCE
23.270459,121.289638,TW,Cypriniformes,Cyprinidae,Acrossocheilus paradoxus,2021,HUMAN_OBSERVATION
23.09,120.14,TW,Gonorynchiformes,Chanidae,Chanos chanos,2015,OCCURRENCE
27.67,98.73,CN,Cypriniformes,Cyprinidae,Placocheilus cryptonemus,2012,PRESERVED_SPECIMEN
24.94,121.9,TW,Cetomimiformes,Cetomimidae,,2007,OCCURRENCE
24.24183,119.85822,TW,Pleuronectiformes,Bothidae,,2020,MATERIAL_SAMPLE
20.65,111.49,CN,Siluriformes,Plotosidae,Plotosus lineatus,2007,PRESERVED_SPECIMEN
22.211849,113.546147,MO,Cypriniformes,Cyprinidae,Cyprinus rubrofuscus,2025,HUMAN_OBSERVATION
30.66667,119.66667,CN,Perciformes,Gobiidae,Rhinogobius multimaculatus,,PRESERVED_SPECIMEN
24.03377,120.84611,TW,Cypriniformes,Cyprinidae,Spinibarbus hollandi,2022,HUMAN_OBSERVATION
22.447947,114.141062,HK,Synbranchiformes,Synbranchidae,Monopterus albus,2026,HUMAN_OBSERVATION
22.51325,120.30881,TW,Clupeiformes,Clupeidae,,2020,PRESERVED_SPECIMEN
30.008542,122.101803,CN,Cypriniformes,Cobitidae,Misgurnus anguillicaudatus,2025,HUMAN_OBSERVATION
23.3218,121.33187,TW,Cypriniformes,Cyprinidae,Opsariichthys pachycephalus,2004,OCCURRENCE
22.39249,114.177364,HK,Cypriniformes,Balitoridae,Liniparhomaloptera disparis,2024,HUMAN_OBSERVATION
23.55,119.56,TW,Perciformes,Serranidae,,2006,MATERIAL_SAMPLE
23.206319,121.288639,TW,Cypriniformes,Cobitidae,Cobitis sinensis,2022,HUMAN_OBSERVATION
23.29672,121.26233,TW,Perciformes,Gobiidae,Rhinogobius gigas,2005,OCCURRENCE
22.270238,113.580331,CN,Mugiliformes,Mugilidae,Planiliza macrolepis,,PRESERVED_SPECIMEN
24.16927,120.70553,TW,Perciformes,Cichlidae,Oreochromis niloticus,2022,HUMAN_OBSERVATION
23.31225,120.15239,TW,Perciformes,Ambassidae,Ambassis urotaenia,2023,HUMAN_OBSERVATION
25.08885,121.629248,TW,Cyprinodontiformes,Poeciliidae,Gambusia affinis,2026,HUMAN_OBSERVATION
22.864282,121.21069,TW,Perciformes,Carangidae,Caranx ignobilis,2024,HUMAN_OBSERVATION
36.66567,116.938438,CN,Siluriformes,Bagridae,Tachysurus sinensis,2026,HUMAN_OBSERVATION
23.07,121.32,TW,Perciformes,Sparidae,Rhabdosargus sarba,2009,PRESERVED_SPECIMEN
25.031108,121.534826,TW,Siluriformes,Loricariidae,,2024,HUMAN_OBSERVATION
23.84832,121.52977,TW,Cypriniformes,Cyprinidae,Opsariichthys pachycephalus,2022,HUMAN_OBSERVATION
22.80309,120.36123,TW,Siluriformes,Loricariidae,Pterygoplichthys pardalis,2012,OCCURRENCE
23.15649,121.23744,TW,Siluriformes,Loricariidae,Pterygoplichthys pardalis,2023,HUMAN_OBSERVATION
22.12742,120.77772,TW,Perciformes,Gobiidae,Sicyopterus japonicus,2022,HUMAN_OBSERVATION
31.863944,117.253431,CN,Cypriniformes,Cyprinidae,Rhodeus ocellatus,2022,HUMAN_OBSERVATION
35.91,120.34,CN,Perciformes,Callionymidae,,1993,PRESERVED_SPECIMEN
23.554725,120.164169,TW,Perciformes,Gobiidae,Acentrogobius viganensis,2012,HUMAN_OBSERVATION
22.79089,121.1415,TW,Cypriniformes,Cyprinidae,Opsariichthys pachycephalus,2022,HUMAN_OBSERVATION
25.22839,121.62161,TW,Cypriniformes,Cyprinidae,Onychostoma barbatulum,2022,HUMAN_OBSERVATION
23.322756,121.329793,TW,Cypriniformes,Cyprinidae,Carassius auratus,2022,HUMAN_OBSERVATION
22.972624,120.222831,TW,Cypriniformes,Cyprinidae,Cyprinus rubrofuscus,2024,HUMAN_OBSERVATION
25.046202,121.073798,TW,Perciformes,Cichlidae,Coptodon zillii,2025,HUMAN_OBSERVATION
23.18,120.35,TW,Perciformes,Eleotridae,Oxyeleotris marmorata,1990,HUMAN_OBSERVATION
24.20314,121.00988,TW,Perciformes,Gobiidae,Rhinogobius candidianus,2023,HUMAN_OBSERVATION
22.28403,113.858799,HK,Scorpaeniformes,Scorpaenidae,Trichosomus trachinoides,2020,HUMAN_OBSERVATION
23.19,120.49,TW,Siluriformes,Bagridae,Tachysurus adiposalis,2014,OCCURRENCE
43.915707,118.87761,CN,Osmeriformes,Osmeridae,Hypomesus nipponensis,,MATERIAL_SAMPLE
24.71563,121.838471,TW,Perciformes,Gobiidae,,2005,PRESERVED_SPECIMEN
23.2546,119.512414,TW,Perciformes,Chaetodontidae,,2009,HUMAN_OBSERVATION
21.92763,120.734663,TW,Tetraodontiformes,Tetraodontidae,Arothron hispidus,2024,HUMAN_OBSERVATION
24.71,121.83,TW,Anguilliformes,Anguillidae,Anguilla japonica,2005,OCCURRENCE
22.216987,114.175598,HK,Perciformes,Apogonidae,,1930,PRESERVED_SPECIMEN
22.76743,120.45163,TW,Perciformes,Cichlidae,,2022,HUMAN_OBSERVATION
23.981944,120.764167,TW,Cypriniformes,Balitoridae,Sinogastromyzon puliensis,2000,PRESERVED_SPECIMEN
24.722728,121.706326,TW,Cypriniformes,Cyprinidae,Systomus rubripinnis,2023,HUMAN_OBSERVATION
36.375994,120.681364,CN,Cypriniformes,Cyprinidae,Cyprinus rubrofuscus,2025,HUMAN_OBSERVATION
23.11781,120.38306,TW,Cypriniformes,Cyprinidae,Barbonymus gonionotus,2022,HUMAN_OBSERVATION
20.72,117.55,TW,Ophidiiformes,Ophidiidae,,2005,OCCURRENCE
24.004723,119.527983,TW,Aulopiformes,Synodontidae,Synodus myops,2022,PRESERVED_SPECIMEN
22.91447,120.22442,TW,Mugiliformes,Mugilidae,Osteomugil cunnesius,2023,HUMAN_OBSERVATION
24.13849,120.6197,TW,Perciformes,Cichlidae,Amphilophus labiatus,2021,HUMAN_OBSERVATION
23.8163,120.7067,TW,Cypriniformes,Cyprinidae,Opsariichthys pachycephalus,2015,OCCURRENCE
22.216987,114.175598,HK,Perciformes,Carangidae,,,PRESERVED_SPECIMEN
23.10825,121.37969,TW,Anguilliformes,Anguillidae,Anguilla marmorata,2010,HUMAN_OBSERVATION
40.010323,116.397325,CN,Beloniformes,Adrianichthyidae,Oryzias sinensis,2023,HUMAN_OBSERVATION
23.15722,121.2374,TW,Cypriniformes,Cyprinidae,Opsariichthys pachycephalus,2022,HUMAN_OBSERVATION
23.49721,120.30348,TW,Cyprinodontiformes,Poeciliidae,Poecilia reticulata,2023,HUMAN_OBSERVATION
23.1346,120.0717,TW,Scorpaeniformes,Platycephalidae,Platycephalus indicus,2022,MATERIAL_SAMPLE
25.091045,121.686964,TW,Cyprinodontiformes,Poeciliidae,Gambusia affinis,2024,HUMAN_OBSERVATION
22.16328,120.69869,TW,Perciformes,Kuhliidae,Kuhlia marginata,2010,HUMAN_OBSERVATION
23.69483,120.85098,TW,Cypriniformes,Cyprinidae,Onychostoma barbatulum,2023,HUMAN_OBSERVATION
23.50545,121.386489,TW,Cypriniformes,Cyprinidae,Carassius auratus,2021,HUMAN_OBSERVATION
22.659682,114.424772,CN,Cypriniformes,Cobitidae,Paramisgurnus dabryanus,2020,HUMAN_OBSERVATION
23.08,120.5,TW,Perciformes,Channidae,Channa striata,2014,OCCURRENCE
24.02,120.82,TW,Cypriniformes,Balitoridae,Sinogastromyzon puliensis,2020,HUMAN_OBSERVATION
24.723505,121.705169,TW,Perciformes,Gobiidae,Rhinogobius candidianus,2025,HUMAN_OBSERVATION
24.48,118.1,CN,Siluriformes,Ariidae,Netuma thalassina,,MATERIAL_SAMPLE
22.654828,121.473514,TW,Perciformes,Chaetodontidae,,2018,HUMAN_OBSERVATION
24.49402,120.79736,TW,Perciformes,Gobiidae,Rhinogobius candidianus,2012,OCCURRENCE
24.34637,120.73458,TW,Cypriniformes,Cyprinidae,Opsariichthys pachycephalus,2022,HUMAN_OBSERVATION
22.42,120.26,TW,Scorpaeniformes,Setarchidae,Setarches longimanus,2001,HUMAN_OBSERVATION
22.12747,120.77789,TW,Perciformes,Gobiidae,Sicyopterus japonicus,2022,HUMAN_OBSERVATION
23.465925,121.401272,TW,Cypriniformes,Cyprinidae,Acrossocheilus paradoxus,2021,HUMAN_OBSERVATION
24.53673,120.81576,TW,Perciformes,Cichlidae,Coptodon zillii,2023,HUMAN_OBSERVATION
20.66476,116.8137,TW,Aulopiformes,Synodontidae,,2011,PRESERVED_SPECIMEN
22.375192,114.126153,HK,Cypriniformes,Cyprinidae,Cyprinus rubrofuscus,2026,HUMAN_OBSERVATION
24.103017,119.999833,TW,Siluriformes,Ariidae,Arius maculatus,2020,MATERIAL_SAMPLE
24.68381,120.9169,TW,Cypriniformes,Cobitidae,Cobitis sinensis,2016,OCCURRENCE
24.35164,120.75009,TW,Perciformes,Gobiidae,Rhinogobius similis,2008,OCCURRENCE
25.0824,121.825,TW,Cypriniformes,Cyprinidae,Acrossocheilus paradoxus,2016,OCCURRENCE
22.360499,120.792489,TW,Perciformes,Gobiidae,Sicyopterus japonicus,2017,HUMAN_OBSERVATION
38.211388,98.320274,CN,Cypriniformes,Cyprinidae,Cyprinella lutrensis,1997,PRESERVED_SPECIMEN
24.729478,121.688563,TW,Cypriniformes,Cyprinidae,Acrossocheilus paradoxus,2022,HUMAN_OBSERVATION
24.57977,120.86287,TW,Perciformes,Gobiidae,Rhinogobius candidianus,2013,OCCURRENCE
23.439,120.60558,TW,Cypriniformes,Cyprinidae,Acrossocheilus paradoxus,2023,HUMAN_OBSERVATION
23.396963,120.419081,TW,Cyprinodontiformes,Poeciliidae,Gambusia affinis,2020,HUMAN_OBSERVATION
24.727672,121.709939,TW,Perciformes,Cichlidae,Coptodon zillii,2022,HUMAN_OBSERVATION
38.073254,104.69114,CN,Cypriniformes,Cobitidae,Misgurnus anguillicaudatus,2017,MATERIAL_SAMPLE
22.438593,114.343924,HK,Perciformes,Lutjanidae,Lutjanus russellii,2024,HUMAN_OBSERVATION
25.079744,121.915595,TW,Perciformes,Gobiidae,Bathygobius fuscus,2014,PRESERVED_SPECIMEN
24.13849,120.6197,TW,Perciformes,Cichlidae,Oreochromis niloticus,2021,HUMAN_OBSERVATION
25.45,98.87,CN,Cypriniformes,Cyprinidae,Schizopyge nukiangensis,2012,PRESERVED_SPECIMEN
23.64905,120.05132,TW,Pleuronectiformes,Cynoglossidae,Cynoglossus bilineatus,2020,MATERIAL_SAMPLE
33.150631,103.874256,CN,Cypriniformes,Cyprinidae,Schizopygopsis kialingensis,2026,HUMAN_OBSERVATION
22.582399,114.238658,HK,Syngnathiformes,Syngnathidae,Hippocampus kuda,2026,HUMAN_OBSERVATION
31.281457,121.370682,CN,Cypriniformes,Cyprinidae,Acheilognathus macropterus,2026,HUMAN_OBSERVATION
23.475422,121.357474,TW,Cypriniformes,Cyprinidae,Acrossocheilus paradoxus,2022,HUMAN_OBSERVATION
31.303897,120.638572,CN,Cypriniformes,Cyprinidae,Carassius auratus,2026,HUMAN_OBSERVATION
24.66892,121.11817,TW,Perciformes,Gobiidae,Rhinogobius candidianus,2023,HUMAN_OBSERVATION
36.36013,120.71592,CN,Perciformes,Lateolabracidae,Lateolabrax japonicus,2021,HUMAN_OBSERVATION
26.641111,119.668611,CN,Perciformes,Carangidae,,,PRESERVED_SPECIMEN
24.9,118.89,CN,Perciformes,Leiognathidae,Photopectoralis bindus,2017,PRESERVED_SPECIMEN
22.12742,120.77772,TW,Perciformes,Gobiidae,Sicyopterus japonicus,2022,HUMAN_OBSERVATION
29.97,113.68,CN,Beloniformes,Hemiramphidae,Hyporhamphus sajori,2013,PRESERVED_SPECIMEN
41.754567,123.39305,CN,Perciformes,Channidae,Channa argus,2025,HUMAN_OBSERVATION
21.35,109.3,CN,Beloniformes,Hemiramphidae,,2014,PRESERVED_SPECIMEN
25.217871,121.360576,TW,Pleuronectiformes,Bothidae,,2022,PRESERVED_SPECIMEN
22.330414,114.291691,HK,Perciformes,Mullidae,Upeneus tragula,2020,HUMAN_OBSERVATION
23.345426,121.291423,TW,Cypriniformes,Cyprinidae,Acrossocheilus paradoxus,2022,HUMAN_OBSERVATION
23.39686,120.41903,TW,Cyprinodontiformes,Poeciliidae,Gambusia affinis,2023,HUMAN_OBSERVATION
22.510346,114.039136,CN,Perciformes,Gobiidae,Boleophthalmus pectinirostris,2025,HUMAN_OBSERVATION
24.724637,121.679658,TW,Cypriniformes,Cyprinidae,Systomus rubripinnis,2023,HUMAN_OBSERVATION
22.309225,114.017058,HK,Tetraodontiformes,Tetraodontidae,Arothron hispidus,2025,HUMAN_OBSERVATION
23.41497,120.5065,TW,Cypriniformes,Cyprinidae,Opsariichthys pachycephalus,2022,HUMAN_OBSERVATION
23.2977,121.25955,TW,Cypriniformes,Cyprinidae,Aphyocypris kikuchii,2017,HUMAN_OBSERVATION
32,124,CN,Scorpaeniformes,Cottidae,,1969,PRESERVED_SPECIMEN
23.12,120.45,TW,Perciformes,Gobiidae,Rhinogobius nantaiensis,2014,OCCURRENCE
25.01381,121.97919,TW,Perciformes,Rhyacichthyidae,Rhyacichthys aspro,2010,HUMAN_OBSERVATION
23.66227,121.43357,TW,Cypriniformes,Cyprinidae,Candidia barbata,2022,HUMAN_OBSERVATION
22.241772,114.010581,HK,Perciformes,Sparidae,Acanthopagrus latus,2025,HUMAN_OBSERVATION
22.44787,120.34057,TW,Perciformes,Apogonidae,Ostorhinchus kiensis,2022,MATERIAL_SAMPLE
